timestamp,sog [kn],lat [deg],lon[deg],STATE
2023-07-18T06:34:15,6.2,-6.70570666667,112.70127,P1
2023-07-18T06:36:46,6.2,-6.70828333333,112.704768333,P1
2023-07-18T06:37:06,6.1,-6.70861333333,112.705268333,P1
2023-07-18T06:37:15,6.1,-6.70875,112.705486667,P1
2023-07-18T06:37:25,6.1,-6.70889833333,112.70573,P1
2023-07-18T06:38:47,6.1,-6.70996666667,112.707796667,P1
2023-07-18T06:39:25,6.1,-6.71036833333,112.708795,P1
2023-07-18T06:39:36,6.1,-6.71047833333,112.709088333,P1
2023-07-18T06:39:47,6.1,-6.71058666667,112.709383333,P1
2023-07-18T06:39:56,6.1,-6.71067666667,112.709625,P1
2023-07-18T06:40:27,6.1,-6.71098666667,112.710458333,P1
2023-07-18T06:40:56,6.2,-6.71127333333,112.741667,P1
2023-07-18T06:41:17,6.2,-6.71147333333,112.71178,P1
2023-07-18T06:52:15,4.1,-6.718355,112.72813,P1
2023-07-18T06:52:56,3.9,-6.71866166667,112.728835,P1
2023-07-18T06:53:15,3.8,-6.71880333333,112.729163333,P1
2023-07-18T06:53:37,3.7,-6.71893666667,112.729503333,P1
2023-07-18T06:54:46,3.4,-6.71934833333,112.730581667,P1
2023-07-18T07:06:07,1.5,-6.72062333333,112.738191667,P1
2023-07-18T07:11:06,0.9,-6.72155,112.739531667,P1
2023-07-18T07:14:37,0.6,-6.722155,112.739836667,P1
2023-07-18T07:16:06,0.5,-6.722355,112.739891667,P1
2023-07-18T07:16:26,0.5,-6.72239833333,112.739903333,P1
2023-07-18T07:16:46,0.4,-6.72243833333,112.739915,P1
2023-07-18T07:17:06,0.4,-6.72247833333,112.739925,P1
2023-07-18T07:17:16,0.4,-6.72249833333,112.739926667,P1
2023-07-18T07:17:26,0.4,-6.72251666667,112.739931667,P1
2023-07-18T07:17:37,0.4,-6.72253666667,112.739933333,P1
2023-07-18T07:17:47,0.4,-6.722555,112.739935,P1
2023-07-18T07:17:57,0.4,-6.72257166667,112.739936667,P1
2023-07-18T07:18:06,0.4,-6.72258833333,112.739938333,P1
2023-07-18T07:18:47,0.4,-6.72265833333,112.739931667,P1
2023-07-18T07:18:56,0.4,-6.722675,112.73993,P1
2023-07-18T07:19:16,0.4,-6.72271166667,112.739925,P1
2023-07-18T07:19:37,0.3,-6.72274166667,112.73992,P1
2023-07-18T07:19:47,0.3,-6.72275666667,112.739916667,P1
2023-07-18T07:20:06,0.3,-6.72278166667,112.739911667,P1
2023-07-18T07:20:16,0.3,-6.722795,112.739908333,P1
2023-07-18T07:20:37,0.3,-6.72282166667,112.739903333,P1
2023-07-18T07:20:47,0.3,-6.72283333333,112.739898333,P1
2023-07-18T07:21:35,0.2,-6.72288666667,112.739878333,P1
2023-07-18T07:21:56,0.2,-6.72290833333,112.73987,P1
2023-07-18T07:22:06,0.2,-6.72292,112.739865,P1
2023-07-18T07:27:47,0.3,-6.72306333333,112.739573333,P1
2023-07-18T07:39:26,0.5,-6.72242333333,112.738476667,P1
2023-07-18T08:31:16,6.4,-6.77974666667,112.747635,P1
2023-07-18T08:31:36,6.4,-6.78031333333,112.747626667,P1
2023-07-18T08:35:26,6.4,-6.787195,112.747491667,P1
2023-07-18T08:38:36,6.4,-6.79283,112.747351667,P1
2023-07-18T08:38:55,6.4,-6.793395,112.747335,P1
2023-07-18T08:44:55,7.9,-6.805265,112.746991667,P1
2023-07-18T08:47:57,7.1,-6.81154666667,112.746828333,P1
2023-07-18T08:48:16,7.0,-6.812165,112.74681,P1
2023-07-18T08:50:57,6.7,-6.81730166667,112.746651667,P1
2023-07-18T08:51:06,6.7,-6.81758333333,112.746643333,P1
2023-07-18T08:52:27,6.6,-6.82009166667,112.74659,P1
2023-07-18T08:53:36,6.5,-6.82219166667,112.746526667,P1
2023-07-18T08:54:17,6.5,-6.82343166667,112.746486667,P1
2023-07-18T08:55:36,6.5,-6.82581666667,112.746416667,P1
2023-07-18T08:56:26,6.4,-6.82732166667,112.746356667,P1
2023-07-18T08:59:07,6.4,-6.83214333333,112.746168333,P5
2023-07-18T09:01:37,5.5,-6.83634666667,112.746013333,P3
2023-07-18T09:01:47,5.4,-6.83659666667,112.746003333,P3
2023-07-18T09:02:07,5.2,-6.837085,112.745976667,P3
2023-07-18T09:02:25,5.1,-6.83751333333,112.745956667,P3
2023-07-18T09:03:37,5.4,-6.83920833333,112.745881667,P3
2023-07-18T09:05:37,5.7,-6.84236,112.745763333,P3
2023-07-18T09:07:16,7.2,-6.845295,112.745698333,P5
2023-07-18T09:07:26,7.4,-6.84565166667,112.745685,P5
2023-07-18T09:08:46,9.0,-6.84877333333,112.745636667,P5
2023-07-18T09:09:16,9.5,-6.85009,112.745606667,P5
2023-07-18T09:09:26,9.6,-6.85054333333,112.745605,P5
2023-07-18T09:09:55,9.9,-6.85186333333,112.745593333,P5
2023-07-18T09:10:17,10.1,-6.85288666667,112.745568333,P5
2023-07-18T09:11:06,10.4,-6.85523333333,112.745505,P3
2023-07-18T09:11:27,10.5,-6.85625166667,112.74547,P3
2023-07-18T09:11:56,10.7,-6.857695,112.745458333,P3
2023-07-18T09:12:17,10.7,-6.85875166667,112.74546,P3
2023-07-18T09:19:16,11.5,-6.879435,112.739266667,P3
2023-07-18T09:19:27,11.5,-6.87999,112.739061667,P3
2023-07-18T09:19:57,11.6,-6.88150833333,112.738515,P3
2023-07-18T09:20:57,11.5,-6.88454666667,112.737391667,P3
2023-07-18T09:21:16,11.4,-6.88544833333,112.737058333,P3
2023-07-18T09:21:57,11.2,-6.88746333333,112.73632,P3
2023-07-18T09:22:07,11.2,-6.88795166667,112.736145,P3
2023-07-18T09:22:37,11.1,-6.889475,112.735588333,P3
2023-07-18T09:23:46,10.9,-6.89278,112.734373333,P3
2023-07-18T09:30:27,10.5,-6.91138833333,112.727556667,P3
2023-07-18T09:30:56,10.5,-6.91272833333,112.727081667,P3
2023-07-18T09:31:06,10.5,-6.91323666667,112.726905,P3
2023-07-18T09:31:17,10.5,-6.91370166667,112.726746667,P3
2023-07-18T09:31:47,10.5,-6.91509166667,112.726271667,P3
2023-07-18T09:31:56,10.5,-6.91551333333,112.726125,P3
2023-07-18T09:32:06,10.5,-6.91603,112.725941667,P3
2023-07-18T09:32:17,10.5,-6.916495,112.725781667,P3
2023-07-18T09:32:36,10.5,-6.91738166667,112.725491667,P3
2023-07-18T09:32:56,10.5,-6.91830666667,112.725181667,P3
2023-07-18T09:33:17,10.5,-6.91927833333,112.724841667,P3
2023-07-18T09:33:35,10.5,-6.92011166667,112.724551667,P3
2023-07-18T09:34:06,10.5,-6.92154833333,112.724045,P3
2023-07-18T09:34:26,10.5,-6.92248166667,112.723728333,P3
2023-07-18T09:34:35,10.5,-6.9229,112.723581667,P3
2023-07-18T09:34:47,10.5,-6.92345666667,112.723383333,P3
2023-07-18T09:34:56,10.6,-6.92387333333,112.723238333,P3
2023-07-18T09:35:06,10.6,-6.92434,112.723078333,P3
2023-07-18T09:35:26,10.6,-6.92527666667,112.722755,P3
2023-07-18T09:35:57,10.6,-6.92673,112.72227,P3
2023-07-18T09:36:06,10.6,-6.92714666667,112.722116667,P3
2023-07-18T09:36:17,10.6,-6.92766166667,112.721933333,P3
2023-07-18T09:36:26,10.6,-6.92808,112.721776667,P3
2023-07-18T09:36:35,10.6,-6.92849333333,112.721613333,P3
2023-07-18T09:36:47,10.6,-6.92904833333,112.721401667,P3
2023-07-18T09:36:57,10.6,-6.92951166667,112.721226667,P3
2023-07-18T09:37:06,10.6,-6.92992666667,112.721063333,P3
2023-07-18T09:37:17,10.6,-6.93043166667,112.720863333,P3
2023-07-18T09:37:26,10.6,-6.930845,112.720698333,P3
2023-07-18T09:37:35,10.6,-6.93126166667,112.720541667,P3
2023-07-18T09:37:47,10.6,-6.93181166667,112.720325,P3
2023-07-18T09:38:06,10.6,-6.93268666667,112.719978333,P3
2023-07-18T09:38:17,10.6,-6.93319333333,112.719781667,P3
2023-07-18T09:38:26,10.6,-6.93360833333,112.719621667,P3
2023-07-18T09:38:35,10.6,-6.93402,112.719456667,P3
2023-07-18T09:38:57,10.6,-6.93502833333,112.719063333,P3
2023-07-18T09:39:06,10.6,-6.93544166667,112.718903333,P3
2023-07-18T09:39:17,10.6,-6.93594666667,112.71871,P3
2023-07-18T09:39:26,10.5,-6.93636333333,112.718556667,P3
2023-07-18T09:39:35,10.5,-6.93677333333,112.718395,P3
2023-07-18T09:39:47,10.5,-6.93732833333,112.718193333,P3
2023-07-18T09:40:06,10.6,-6.93821,112.717876667,P3
2023-07-18T09:40:17,10.5,-6.93871666667,112.717685,P3
2023-07-18T09:40:26,10.5,-6.93912833333,112.71752,P3
2023-07-18T09:40:46,10.5,-6.94004333333,112.717166667,P3
2023-07-18T09:40:57,10.5,-6.94054833333,112.716968333,P3
2023-07-18T09:41:06,10.5,-6.94096166667,112.716806667,P3
2023-07-18T09:41:17,10.6,-6.94146833333,112.7166,P3
2023-07-18T09:41:25,10.7,-6.94183833333,112.716455,P3
2023-07-18T09:41:35,10.7,-6.942305,112.716278333,P3
2023-07-18T09:41:46,10.8,-6.94282333333,112.716073333,P5
2023-07-18T09:41:57,10.9,-6.94334666667,112.715866667,P5
2023-07-18T09:42:06,11.1,-6.94378666667,112.71571,P5
2023-07-18T09:42:17,11.0,-6.944325,112.715531667,P5
2023-07-18T09:42:25,11.0,-6.94471,112.715388333,P5
2023-07-18T09:42:46,11.1,-6.94572666667,112.715013333,P5
2023-07-18T09:43:56,11.4,-6.94914833333,112.713851667,P5
2023-07-18T09:44:37,11.5,-6.95128833333,112.713148333,P5
2023-07-18T09:44:46,11.6,-6.95175333333,112.713003333,P5
2023-07-18T09:44:56,11.6,-6.95227333333,112.71284,P5
2023-07-18T09:45:17,11.7,-6.95331,112.712503333,P5
2023-07-18T09:45:25,11.7,-6.95378166667,112.712355,P5
2023-07-18T09:45:46,11.8,-6.95488333333,112.712006667,P5
2023-07-18T09:45:56,11.8,-6.95541,112.711843333,P5
2023-07-18T09:46:06,11.8,-6.955935,112.711671667,P5
2023-07-18T09:46:16,11.9,-6.956465,112.71151,P5
2023-07-18T09:46:25,11.9,-6.95694166667,112.711356667,P5
2023-07-18T09:46:37,11.9,-6.95757833333,112.711155,P5
2023-07-18T09:46:46,11.9,-6.95805833333,112.711005,P5
2023-07-18T09:46:56,12.0,-6.95853666667,112.710856667,P5
2023-07-18T09:47:06,12.0,-6.95912833333,112.710681667,P5
2023-07-18T09:47:16,12.0,-6.959665,112.710513333,P5
2023-07-18T09:47:25,12.0,-6.96014333333,112.710353333,P5
2023-07-18T09:47:37,12.0,-6.96078,112.710121667,P5
2023-07-18T09:47:46,12.1,-6.96125666667,112.709945,P5
2023-07-18T09:47:57,12.1,-6.96183833333,112.709725,P5
2023-07-18T09:48:06,12.1,-6.96231333333,112.709546667,P5
2023-07-18T09:48:16,12.1,-6.96283833333,112.709343333,P5
2023-07-18T09:48:37,12.1,-6.963955,112.708943333,P5
2023-07-18T09:48:46,12.1,-6.964435,112.708776667,P5
2023-07-18T09:48:57,12.1,-6.96502,112.708563333,P5
2023-07-18T09:49:07,12.1,-6.965555,112.708371667,P5
2023-07-18T09:49:17,12.1,-6.96609166667,112.708188333,P5
2023-07-18T09:49:27,12.1,-6.96662166667,112.707993333,P5
2023-07-18T09:49:37,12.1,-6.967155,112.707801667,P5
2023-07-18T09:50:07,12.2,-6.96876333333,112.707243333,P5
2023-07-18T09:50:17,12.2,-6.96929333333,112.707031667,P5
2023-07-18T09:50:27,12.2,-6.96980166667,112.706803333,P5
2023-07-18T09:50:36,12.2,-6.97025833333,112.706576667,P5
2023-07-18T09:50:46,12.1,-6.970755,112.706303333,P5
2023-07-18T09:51:17,12.1,-6.97222833333,112.70539,P5
2023-07-18T09:51:27,12.1,-6.97271333333,112.705085,P5
2023-07-18T09:51:46,12.0,-6.97359666667,112.704488333,P5
2023-07-18T09:51:56,12.1,-6.97406333333,112.704165,P5
2023-07-18T09:52:07,12.1,-6.97457333333,112.70381,P5
2023-07-18T09:52:27,12.1,-6.97548833333,112.70316,P5
2023-07-18T09:52:36,12.1,-6.975905,112.702861667,P5
2023-07-18T09:52:46,12.1,-6.976355,112.702525,P5
2023-07-18T09:52:56,12.1,-6.97680333333,112.702185,P5
2023-07-18T09:53:15,12.1,-6.97767166667,112.701538333,P5
2023-07-18T09:53:36,12.1,-6.97861833333,112.70082,P5
2023-07-18T09:53:56,12.1,-6.97950666667,112.700138333,P5
2023-07-18T09:54:07,12.1,-6.98001333333,112.69977,P5
2023-07-18T09:54:27,12.1,-6.980945,112.699113333,P5
2023-07-18T09:54:36,12.1,-6.98131333333,112.698846667,P5
2023-07-18T09:54:46,12.1,-6.98177333333,112.698513333,P5
2023-07-18T09:54:56,12.1,-6.98228,112.69815,P5
2023-07-18T09:55:07,12.1,-6.98278333333,112.69779,P5
2023-07-18T09:55:15,12.1,-6.98315333333,112.69753,P5
2023-07-18T09:55:27,12.1,-6.98371166667,112.697133333,P5
2023-07-18T09:55:36,12.1,-6.98412166667,112.696836667,P5
2023-07-18T09:55:46,12.1,-6.984535,112.696538333,P5
2023-07-18T09:55:56,12.1,-6.98504833333,112.696176667,P5
2023-07-18T09:56:15,12.1,-6.98592333333,112.695566667,P5
2023-07-18T09:56:27,12.1,-6.98649,112.695175,P5
2023-07-18T09:56:36,12.2,-6.98686666667,112.69491,P5
2023-07-18T09:56:46,12.2,-6.98733,112.694573333,P5
2023-07-18T09:56:56,12.2,-6.98784,112.694221667,P5
2023-07-18T09:57:06,12.2,-6.98830166667,112.693903333,P5
2023-07-18T09:57:15,12.2,-6.98872,112.693605,P5
2023-07-18T09:57:27,12.2,-6.98926833333,112.693205,P5
2023-07-18T09:57:46,12.2,-6.99012333333,112.692573333,P5
2023-07-18T09:57:56,12.2,-6.99058,112.692241667,P5
2023-07-18T09:59:15,12.2,-6.99424666667,112.689575,P5
2023-07-18T09:59:36,12.2,-6.99521,112.688871667,P5
2023-07-18T10:00:16,12.2,-6.99709666667,112.687513333,P5
2023-07-18T10:00:27,12.3,-6.997565,112.687171667,P5
2023-07-18T10:00:36,12.4,-6.99798333333,112.686866667,P5
2023-07-18T10:00:46,12.4,-6.998445,112.686513333,P5
2023-07-18T10:00:56,12.5,-6.99892666667,112.686173333,P5
2023-07-18T10:01:06,12.6,-6.99940166667,112.685828333,P5
2023-07-18T10:01:16,12.6,-6.99988,112.68549,P5
2023-07-18T10:01:27,12.7,-7.000365,112.685155,P5
2023-07-18T10:01:37,12.7,-7.000895,112.684771667,P5
2023-07-18T10:01:46,12.8,-7.00132833333,112.684463333,P5
2023-07-18T10:01:56,12.8,-7.00181,112.684113333,P5
2023-07-18T10:02:06,12.8,-7.00230333333,112.683771667,P5
2023-07-18T10:02:16,12.8,-7.00280333333,112.68344,P5
2023-07-18T10:02:27,12.9,-7.00332,112.683126667,P5
2023-07-18T10:02:37,12.9,-7.00389666667,112.682788333,P5
2023-07-18T10:02:46,13.0,-7.00436166667,112.682505,P5
2023-07-18T10:02:56,13.0,-7.00488166667,112.682195,P5
2023-07-18T10:03:07,13.1,-7.00545666667,112.68186,P5
2023-07-18T10:03:17,13.1,-7.005985,112.68155,P5
2023-07-18T10:03:46,13.2,-7.00754,112.680648333,P5
2023-07-18T10:03:56,13.3,-7.00807333333,112.680328333,P5
2023-07-18T10:04:07,13.3,-7.00866833333,112.679985,P5
2023-07-18T10:04:17,13.4,-7.009155,112.679701667,P5
2023-07-18T10:04:25,13.4,-7.00963833333,112.679415,P5
2023-07-18T10:04:37,13.4,-7.010285,112.679038333,P5
2023-07-18T10:04:56,13.5,-7.01132,112.678443333,P5
2023-07-18T10:05:07,13.5,-7.01186666667,112.678126667,P5
2023-07-18T10:05:16,13.6,-7.01241333333,112.677803333,P3
2023-07-18T10:05:25,13.6,-7.01290833333,112.677516667,P3
2023-07-18T10:05:36,13.6,-7.01351166667,112.677161667,P3
2023-07-18T10:05:46,13.6,-7.01411833333,112.676811667,P3
2023-07-18T10:05:56,13.7,-7.01461333333,112.67652,P3
2023-07-18T10:06:07,13.7,-7.01522166667,112.676163333,P3
2023-07-18T10:06:16,13.7,-7.01572,112.675873333,P3
2023-07-18T10:06:25,13.7,-7.01621666667,112.675583333,P3
2023-07-18T10:06:36,13.6,-7.01682,112.675231667,P3
2023-07-18T10:06:46,13.5,-7.01736333333,112.67491,P5
2023-07-18T10:06:56,13.4,-7.01790666667,112.674593333,P5
2023-07-18T10:07:07,13.4,-7.01845666667,112.6743,P5
2023-07-18T10:07:16,13.3,-7.01901166667,112.674023333,P5
2023-07-18T10:07:25,13.2,-7.01951166667,112.673786667,P5
2023-07-18T10:07:36,13.2,-7.02012333333,112.673498333,P5
2023-07-18T10:07:46,13.1,-7.02068166667,112.673241667,P5
2023-07-18T10:07:56,13.1,-7.02123333333,112.672978333,P5
2023-07-18T10:08:07,13.0,-7.02184,112.672691667,P5
2023-07-18T10:08:16,13.0,-7.02233666667,112.672461667,P5
2023-07-18T10:08:25,12.9,-7.02283166667,112.672238333,P5
2023-07-18T10:08:37,12.9,-7.02348166667,112.671938333,P5
2023-07-18T10:08:46,12.9,-7.02402666667,112.671683333,P5
2023-07-18T10:08:56,12.8,-7.02451666667,112.671455,P5
2023-07-18T10:09:07,12.8,-7.02505666667,112.671201667,P5
2023-07-18T10:09:16,12.7,-7.02559833333,112.670945,P5
2023-07-18T10:09:25,12.7,-7.02608833333,112.670718333,P5
2023-07-18T10:09:37,12.7,-7.02674166667,112.670415,P5
2023-07-18T10:09:46,12.7,-7.027225,112.67019,P5
2023-07-18T10:09:56,12.6,-7.02775666667,112.669945,P5
2023-07-18T10:10:07,12.6,-7.02829666667,112.669705,P5
2023-07-18T10:10:16,12.6,-7.02883166667,112.669466667,P5
2023-07-18T10:10:25,12.5,-7.02936,112.669223333,P5
2023-07-18T10:10:46,12.5,-7.03041666667,112.66875,P5
2023-07-18T10:10:56,12.5,-7.03095333333,112.668508333,P5
2023-07-18T10:11:07,12.4,-7.031535,112.668236667,P5
2023-07-18T10:11:25,12.4,-7.03251333333,112.667781667,P5
2023-07-18T10:11:36,12.4,-7.03309333333,112.667506667,P5
2023-07-18T10:11:46,12.3,-7.03356833333,112.667291667,P5
2023-07-18T10:11:56,12.3,-7.03409,112.667055,P5
2023-07-18T10:12:16,12.2,-7.03514833333,112.666643333,P5
2023-07-18T10:12:25,12.2,-7.03567833333,112.666435,P5
2023-07-18T10:12:36,12.2,-7.03621333333,112.666236667,P5
2023-07-18T10:12:46,12.1,-7.03674666667,112.666036667,P5
2023-07-18T10:12:56,12.1,-7.03728,112.665841667,P5
2023-07-18T10:13:07,12.1,-7.037865,112.665626667,P5
2023-07-18T10:13:16,12.1,-7.03834,112.665448333,P5
2023-07-18T10:13:25,12.0,-7.03886333333,112.665251667,P5
2023-07-18T10:13:46,11.9,-7.039905,112.664855,P5
2023-07-18T10:13:56,11.9,-7.040435,112.66468,P5
2023-07-18T10:14:16,11.8,-7.04144333333,112.664363333,P5
2023-07-18T10:14:27,11.7,-7.04207666667,112.664193333,P5
2023-07-18T10:14:36,11.7,-7.04255666667,112.664076667,P5
2023-07-18T10:14:46,11.7,-7.04309,112.663941667,P5
2023-07-18T10:15:05,11.7,-7.04410166667,112.663753333,P5
2023-07-18T10:15:16,11.7,-7.04463833333,112.663666667,P5
2023-07-18T10:15:27,11.7,-7.04528333333,112.663558333,P5
2023-07-18T10:15:36,11.7,-7.04577666667,112.663473333,P5
2023-07-18T10:15:46,11.7,-7.04631333333,112.663371667,P5
2023-07-18T10:15:56,11.7,-7.04685,112.663268333,P5
2023-07-18T10:16:06,11.7,-7.04738833333,112.663175,P5
2023-07-18T10:16:16,11.7,-7.04792,112.663068333,P5
2023-07-18T10:16:27,11.7,-7.04851333333,112.662955,P5
2023-07-18T10:16:36,11.7,-7.04899833333,112.662865,P5
2023-07-18T10:16:46,11.7,-7.04954,112.662758333,P5
2023-07-18T10:16:56,11.7,-7.05007166667,112.662655,P5
2023-07-18T10:17:05,11.7,-7.05055166667,112.66256,P5
2023-07-18T10:17:16,11.7,-7.05108666667,112.662455,P5
2023-07-18T10:17:27,11.7,-7.05173666667,112.662336667,P5
2023-07-18T10:17:36,11.8,-7.05223166667,112.662246667,P5
2023-07-18T10:17:47,11.8,-7.05283333333,112.662133333,P5
2023-07-18T10:18:05,11.8,-7.05385833333,112.661945,P5
2023-07-18T10:18:16,11.8,-7.05439833333,112.661843333,P5
2023-07-18T10:18:27,11.8,-7.05499333333,112.661726667,P5
2023-07-18T10:18:36,11.8,-7.05547833333,112.661635,P5
2023-07-18T10:18:47,11.8,-7.05607333333,112.661521667,P5
2023-07-18T10:18:57,11.8,-7.05661333333,112.66142,P5
2023-07-18T10:19:05,11.8,-7.05704166667,112.661333333,P5
2023-07-18T10:19:16,11.8,-7.05763333333,112.661216667,P5
2023-07-18T10:19:27,11.8,-7.05822833333,112.66111,P5
2023-07-18T10:19:36,11.8,-7.05871166667,112.661008333,P5
2023-07-18T10:19:47,11.8,-7.05930666667,112.6609,P5
2023-07-18T10:19:57,11.8,-7.05984666667,112.660795,P5
2023-07-18T10:20:05,11.8,-7.06027833333,112.66071,P5
2023-07-18T10:20:16,11.8,-7.06087,112.6606,P5
2023-07-18T10:20:27,11.8,-7.06146166667,112.660483333,P5
2023-07-18T10:20:36,11.8,-7.06195166667,112.66039,P5
2023-07-18T10:20:47,11.8,-7.06254333333,112.66028,P5
2023-07-18T10:20:55,11.8,-7.063035,112.660181667,P5
2023-07-18T10:21:05,11.8,-7.06352333333,112.660088333,P5
2023-07-18T10:21:16,11.8,-7.06412,112.659975,P5
2023-07-18T10:21:27,11.8,-7.06472166667,112.659858333,P5
2023-07-18T10:21:36,11.8,-7.06521,112.659765,P5
2023-07-18T10:21:47,11.8,-7.0658,112.659656667,P5
2023-07-18T10:21:55,11.8,-7.06622833333,112.659576667,P5
2023-07-18T10:22:06,11.7,-7.06686833333,112.659466667,P5
2023-07-18T10:22:16,11.6,-7.06734666667,112.659373333,P5
2023-07-18T10:22:27,11.5,-7.067925,112.65926,P5
2023-07-18T10:22:36,11.5,-7.06840166667,112.659171667,P5
2023-07-18T10:22:47,11.4,-7.068975,112.659063333,P5
2023-07-18T10:23:06,11.2,-7.06995666667,112.658868333,P5
2023-07-18T10:23:16,11.2,-7.07046833333,112.658771667,P5
2023-07-18T10:23:27,11.1,-7.07102666667,112.658656667,P5
2023-07-18T10:23:36,11.1,-7.07149,112.658565,P5
2023-07-18T10:23:47,11.0,-7.07206166667,112.658453333,P5
2023-07-18T10:23:55,11.0,-7.07247833333,112.658385,P5
2023-07-18T10:24:06,10.9,-7.07303,112.658276667,P5
2023-07-18T10:24:16,10.9,-7.07352833333,112.658203333,P5
2023-07-18T10:24:27,10.8,-7.07407166667,112.658108333,P5
2023-07-18T10:24:36,10.8,-7.07451833333,112.658036667,P5
2023-07-18T10:24:46,10.7,-7.07500833333,112.657951667,P3
2023-07-18T10:24:55,10.7,-7.07549833333,112.657871667,P3
2023-07-18T10:25:06,10.7,-7.076045,112.657781667,P3
2023-07-18T10:25:16,10.7,-7.07648666667,112.657711667,P3
2023-07-18T10:25:26,10.6,-7.07697666667,112.657636667,P3
2023-07-18T10:25:36,10.6,-7.07746166667,112.657556667,P3
2023-07-18T10:25:46,10.6,-7.07794333333,112.65747,P3
2023-07-18T10:25:56,10.5,-7.07842,112.657398333,P3
2023-07-18T10:26:07,10.5,-7.07895,112.657336667,P3
2023-07-18T10:26:16,10.4,-7.07938833333,112.657293333,P3
2023-07-18T10:26:26,10.4,-7.079875,112.657225,P3
2023-07-18T10:26:36,10.3,-7.08035666667,112.657175,P3
2023-07-18T10:26:46,10.3,-7.08084166667,112.657138333,P3
2023-07-18T10:26:56,10.3,-7.08132666667,112.6571,P3
2023-07-18T10:27:07,10.3,-7.081855,112.657056667,P3
2023-07-18T10:27:16,10.2,-7.08227666667,112.657018333,P3
2023-07-18T10:27:26,10.0,-7.08273666667,112.656998333,P3
2023-07-18T10:27:36,9.9,-7.08319,112.656976667,P3
2023-07-18T10:27:56,9.6,-7.084095,112.656948333,P3
2023-07-18T10:28:07,9.5,-7.08457666667,112.656941667,P3
2023-07-18T10:28:16,9.4,-7.08497166667,112.656941667,P3
2023-07-18T10:28:26,9.3,-7.08540333333,112.65693,P3
2023-07-18T10:28:36,9.2,-7.085835,112.656921667,P3
2023-07-18T10:28:56,9.0,-7.08667833333,112.65691,P3
2023-07-18T10:29:07,8.9,-7.08713833333,112.656903333,P3
2023-07-18T10:29:16,8.8,-7.087515,112.656896667,P3
2023-07-18T10:29:27,8.7,-7.08797333333,112.656901667,P3
2023-07-18T10:29:36,8.7,-7.08833833333,112.65691,P3
2023-07-18T10:29:57,8.5,-7.08917666667,112.656935,P3
2023-07-18T10:30:07,8.4,-7.08957333333,112.656951667,P3
2023-07-18T10:30:16,8.4,-7.08992333333,112.656956667,P3
2023-07-18T10:30:27,8.5,-7.09035333333,112.656943333,P3
2023-07-18T10:30:36,8.6,-7.09070833333,112.65695,P3
2023-07-18T10:30:46,8.7,-7.091115,112.656956667,P3
2023-07-18T10:30:57,8.7,-7.09156166667,112.65697,P3
2023-07-18T10:31:07,8.7,-7.09196833333,112.656983333,P3
2023-07-18T10:31:16,8.8,-7.09233666667,112.656993333,P3
2023-07-18T10:31:36,8.9,-7.09316,112.657018333,P3
2023-07-18T10:31:46,8.9,-7.09357333333,112.65704,P3
2023-07-18T10:31:57,9.0,-7.09403166667,112.657053333,P3
2023-07-18T10:32:07,9.0,-7.09445666667,112.657066667,P3
2023-07-18T10:32:16,9.1,-7.09484,112.657085,P3
2023-07-18T10:32:27,9.1,-7.09531166667,112.657095,P3
2023-07-18T10:32:36,9.1,-7.095695,112.657113333,P3
2023-07-18T10:32:46,9.2,-7.09612166667,112.657133333,P3
2023-07-18T10:32:57,9.2,-7.096595,112.657156667,P3
2023-07-18T10:33:07,9.3,-7.097025,112.657178333,P3
2023-07-18T10:33:15,9.3,-7.09737166667,112.65719,P3
2023-07-18T10:33:26,9.3,-7.09784666667,112.657216667,P3
2023-07-18T10:33:36,9.4,-7.09828333333,112.657231667,P3
2023-07-18T10:33:46,9.4,-7.09872,112.65725,P3
2023-07-18T10:33:57,9.4,-7.099205,112.657271667,P3
2023-07-18T10:34:07,9.5,-7.099645,112.657285,P3
2023-07-18T10:34:15,9.5,-7.09999833333,112.6573,P3
2023-07-18T10:34:26,9.5,-7.10044166667,112.657315,P3
2023-07-18T10:34:46,9.6,-7.101375,112.657346667,P3
2023-07-18T10:34:57,9.6,-7.101865,112.657358333,P3
2023-07-18T10:35:07,9.6,-7.10231166667,112.657381667,P3
2023-07-18T10:35:15,9.6,-7.10266833333,112.657395,P3
2023-07-18T10:35:36,9.7,-7.10361166667,112.657425,P3
2023-07-18T10:35:46,9.7,-7.10406166667,112.657443333,P3
2023-07-18T10:35:56,9.7,-7.10451666667,112.657463333,P3
2023-07-18T10:36:07,9.8,-7.10501666667,112.65748,P3
2023-07-18T10:36:15,9.8,-7.10538,112.657493333,P3
2023-07-18T10:36:26,9.8,-7.10583333333,112.65751,P3
2023-07-18T10:36:36,9.8,-7.106335,112.657528333,P3
2023-07-18T10:36:46,9.8,-7.10679,112.657548333,P3
2023-07-18T10:36:56,9.8,-7.10724666667,112.657565,P3
2023-07-18T10:37:05,9.8,-7.10766,112.657583333,P3
2023-07-18T10:37:15,9.9,-7.10812,112.657598333,P3
2023-07-18T10:37:26,9.8,-7.10862333333,112.657618333,P3
2023-07-18T10:37:36,9.8,-7.10908,112.65764,P3
2023-07-18T10:37:46,9.8,-7.10953833333,112.65766,P3
2023-07-18T10:37:56,9.8,-7.109995,112.657676667,P3
2023-07-18T10:38:05,9.8,-7.110405,112.657695,P3
2023-07-18T10:38:15,9.8,-7.11086,112.657718333,P3
2023-07-18T10:38:26,9.8,-7.11136166667,112.65774,P3
2023-07-18T10:38:37,9.8,-7.11187,112.657746667,P3
2023-07-18T10:39:47,9.6,-7.11506,112.657905,P3
2023-07-18T10:39:56,9.6,-7.11546166667,112.657933333,P3
2023-07-18T10:40:05,9.4,-7.11585666667,112.657965,P3
2023-07-18T10:40:15,9.3,-7.11629333333,112.657996667,P3
2023-07-18T10:40:26,9.2,-7.11676833333,112.658033333,P3
2023-07-18T10:40:37,9.1,-7.11723666667,112.658076667,P3
2023-07-18T10:40:56,8.9,-7.11803,112.658135,P3
2023-07-18T10:41:05,8.9,-7.1184,112.658165,P3
2023-07-18T10:41:15,8.8,-7.11880666667,112.658201667,P3
2023-07-18T10:41:27,8.7,-7.11925,112.658243333,P3
2023-07-18T10:41:37,8.6,-7.11968833333,112.658278333,P3
2023-07-18T10:41:47,8.5,-7.120085,112.658311667,P3
2023-07-18T10:41:56,8.5,-7.12043833333,112.65834,P3
2023-07-18T10:42:05,8.4,-7.12078833333,112.658373333,P3
2023-07-18T10:42:15,8.3,-7.121175,112.658406667,P3
2023-07-18T10:42:27,8.2,-7.12159833333,112.658438333,P3
2023-07-18T10:42:47,8.1,-7.12239333333,112.658496667,P3
2023-07-18T10:42:56,8.1,-7.12273,112.658531667,P3
2023-07-18T10:43:05,8.0,-7.12306,112.658565,P3
2023-07-18T10:43:15,7.9,-7.12346,112.658603333,P3
2023-07-18T10:43:27,7.8,-7.12386166667,112.658635,P3
2023-07-18T10:43:37,7.7,-7.12421833333,112.658665,P3
2023-07-18T10:43:47,7.6,-7.12457,112.658711667,P3
2023-07-18T10:43:56,7.5,-7.12488,112.658765,P3
2023-07-18T10:44:07,7.4,-7.12525333333,112.658841667,P3
2023-07-18T10:44:15,7.4,-7.12552166667,112.658898333,P3
2023-07-18T10:44:27,7.3,-7.125885,112.658983333,P3
2023-07-18T10:45:37,6.9,-7.12813833333,112.65964,P3
2023-07-18T10:45:47,6.9,-7.12844,112.659746667,P3
2023-07-18T10:45:57,6.8,-7.12874166667,112.659843333,P3
2023-07-18T10:46:07,6.8,-7.12903666667,112.659956667,P3
2023-07-18T10:46:17,6.8,-7.12933,112.660065,P3
2023-07-18T10:46:27,6.7,-7.12962666667,112.660168333,P3
2023-07-18T10:46:57,6.6,-7.130465,112.660488333,P3
2023-07-18T10:47:07,6.6,-7.13078333333,112.660605,P3
2023-07-18T10:47:17,6.6,-7.13107166667,112.660708333,P3
2023-07-18T10:47:27,6.5,-7.131355,112.660821667,P3
2023-07-18T10:47:37,6.5,-7.13163833333,112.660931667,P3
2023-07-18T10:47:47,6.5,-7.13191666667,112.661048333,P3
2023-07-18T10:47:56,6.5,-7.13219833333,112.66116,P3
2023-07-18T10:48:07,6.5,-7.13247666667,112.66127,P3
2023-07-18T10:48:17,6.4,-7.13275333333,112.661381667,P3
2023-07-18T10:48:27,6.4,-7.13303333333,112.661481667,P3
2023-07-18T10:48:37,6.4,-7.13331333333,112.661581667,P3
2023-07-18T10:48:47,6.4,-7.13359666667,112.661678333,P3
2023-07-18T10:48:56,6.4,-7.13384833333,112.661761667,P3
2023-07-18T10:49:07,6.4,-7.13415833333,112.661866667,P3
2023-07-18T10:49:17,6.5,-7.13441666667,112.661955,P3
2023-07-18T10:49:27,6.7,-7.13474,112.662065,P3
2023-07-18T10:49:37,6.8,-7.13504,112.662166667,P3
2023-07-18T10:49:47,7.0,-7.13535,112.662266667,P3
2023-07-18T10:49:56,7.1,-7.135665,112.662373333,P3
2023-07-18T10:50:07,7.3,-7.13598666667,112.662478333,P3
2023-07-18T10:50:16,7.4,-7.13628,112.662578333,P3
2023-07-18T10:50:26,7.5,-7.13661333333,112.662685,P3
2023-07-18T10:50:37,7.6,-7.136985,112.662801667,P3
2023-07-18T10:50:47,7.7,-7.13732666667,112.662916667,P3
2023-07-18T10:50:56,7.8,-7.13763833333,112.663021667,P3
2023-07-18T10:51:07,7.9,-7.13802166667,112.66315,P3
2023-07-18T10:51:16,8.0,-7.13833833333,112.663258333,P3
2023-07-18T10:52:26,8.4,-7.14088166667,112.664131667,P3
2023-07-18T10:52:37,8.5,-7.14129333333,112.664276667,P3
2023-07-18T10:52:47,8.6,-7.14163166667,112.66439,P3
2023-07-18T10:52:56,8.6,-7.14201,112.66452,P3
2023-07-18T10:53:06,8.6,-7.14239,112.664648333,P3
2023-07-18T10:53:16,8.7,-7.14277333333,112.66478,P3
2023-07-18T10:53:26,8.7,-7.14315333333,112.664913333,P3
2023-07-18T10:53:37,8.7,-7.14357666667,112.66506,P3
2023-07-18T10:53:47,8.7,-7.143965,112.66519,P3
2023-07-18T10:53:56,8.8,-7.14431666667,112.665301667,P3
2023-07-18T10:54:06,8.8,-7.14466833333,112.665415,P3
2023-07-18T10:54:16,8.9,-7.145095,112.665563333,P3
2023-07-18T10:54:37,8.9,-7.14590333333,112.665875,P3
2023-07-18T10:54:47,9.0,-7.14628833333,112.666036667,P3
2023-07-18T10:54:56,9.0,-7.14663166667,112.666183333,P3
2023-07-18T10:55:06,9.0,-7.14697666667,112.666335,P3
2023-07-18T10:55:16,9.0,-7.14739833333,112.66652,P3
2023-07-18T10:55:26,9.0,-7.14782,112.666708333,P3
2023-07-18T10:55:36,9.0,-7.148165,112.666863333,P3
2023-07-18T10:55:47,9.1,-7.14858833333,112.66705,P3
2023-07-18T10:55:57,9.1,-7.148975,112.667221667,P3
2023-07-18T10:56:06,9.1,-7.14928166667,112.667361667,P3
2023-07-18T10:56:16,9.1,-7.14971166667,112.66754,P3
2023-07-18T10:56:26,9.1,-7.15009833333,112.667705,P3
2023-07-18T10:56:36,9.0,-7.15048333333,112.667883333,P3
2023-07-18T10:56:47,9.0,-7.15090166667,112.66808,P3
2023-07-18T10:56:57,9.0,-7.15123666667,112.668253333,P3
2023-07-18T10:57:06,9.0,-7.15157166667,112.668433333,P3
2023-07-18T10:57:16,9.0,-7.15198,112.668653333,P3
2023-07-18T10:57:26,9.1,-7.15238666667,112.668875,P3
2023-07-18T10:57:47,9.1,-7.15312833333,112.66928,P3
2023-07-18T10:57:56,9.1,-7.15349833333,112.669483333,P3
2023-07-18T10:58:06,9.1,-7.15379166667,112.669651667,P3
2023-07-18T10:58:16,9.1,-7.1542,112.669873333,P3
2023-07-18T10:58:26,9.0,-7.15456666667,112.670075,P3
2023-07-18T10:58:36,8.9,-7.15492666667,112.670276667,P3
2023-07-18T10:58:47,8.8,-7.15532166667,112.67049,P3
2023-07-18T10:58:56,8.7,-7.15563666667,112.670668333,P3
2023-07-18T10:59:06,8.6,-7.15598833333,112.67086,P3
2023-07-18T10:59:16,8.5,-7.15633166667,112.671053333,P3
2023-07-18T10:59:27,8.4,-7.15667166667,112.671243333,P3
2023-07-18T10:59:36,8.3,-7.15701,112.671426667,P3
2023-07-18T10:59:46,8.2,-7.15734333333,112.671608333,P3
2023-07-18T10:59:57,8.1,-7.15767666667,112.671788333,P3
2023-07-18T11:00:06,8.0,-7.15800333333,112.671966667,P3
2023-07-18T11:00:16,7.9,-7.15833166667,112.672143333,P3
2023-07-18T11:00:27,7.9,-7.15868666667,112.672333333,P3
2023-07-18T11:00:37,7.8,-7.15900333333,112.672508333,P3
2023-07-18T11:00:46,7.7,-7.159285,112.67266,P3
2023-07-18T11:00:57,7.6,-7.15959666667,112.672826667,P3
2023-07-18T11:01:06,7.6,-7.15990833333,112.672993333,P3
2023-07-18T11:01:16,7.5,-7.16021666667,112.673158333,P3
2023-07-18T11:01:25,7.4,-7.160495,112.673303333,P3
2023-07-18T11:01:37,7.4,-7.160855,112.673496667,P3
2023-07-18T11:01:46,7.3,-7.16112333333,112.673645,P3
2023-07-18T11:01:57,7.2,-7.16142333333,112.673805,P3
2023-07-18T11:02:06,7.2,-7.16171666667,112.673965,P3
2023-07-18T11:02:16,7.1,-7.16201,112.67412,P3
2023-07-18T11:02:25,7.1,-7.16227,112.674261667,P3
2023-07-18T11:02:37,7.0,-7.16261333333,112.674445,P3
2023-07-18T11:02:46,6.9,-7.16287,112.674578333,P3
2023-07-18T11:02:56,6.7,-7.16315,112.674721667,P3
2023-07-18T11:03:07,6.6,-7.16345166667,112.674876667,P3
2023-07-18T11:03:16,6.5,-7.16369,112.675003333,P3
2023-07-18T11:03:25,6.4,-7.16392333333,112.67513,P3
2023-07-18T11:03:37,6.3,-7.16423166667,112.675298333,P3
2023-07-18T11:03:46,6.1,-7.16445833333,112.675421667,P3
2023-07-18T11:04:07,5.9,-7.16497166667,112.675693333,P3
2023-07-18T11:04:16,5.8,-7.165185,112.675806667,P3
2023-07-18T11:04:25,5.7,-7.16539666667,112.675918333,P3
2023-07-18T11:04:35,5.6,-7.16562333333,112.67604,P3
2023-07-18T11:04:46,5.5,-7.16587166667,112.676171667,P3
2023-07-18T11:04:56,5.4,-7.16609333333,112.676288333,P3
2023-07-18T11:05:07,5.3,-7.16633333333,112.676415,P3
2023-07-18T11:05:17,5.2,-7.16655,112.676525,P3
2023-07-18T11:05:35,5.0,-7.16692666667,112.676716667,P3
2023-07-18T11:05:46,4.9,-7.16715166667,112.676831667,P3
2023-07-18T11:05:56,4.8,-7.16735333333,112.676931667,P3
2023-07-18T11:06:07,4.8,-7.16757,112.677038333,P3
2023-07-18T11:06:17,4.7,-7.167765,112.677133333,P3
2023-07-18T11:06:25,4.6,-7.16792,112.677206667,P3
2023-07-18T11:06:46,4.4,-7.16831833333,112.677388333,P3
2023-07-18T11:06:56,4.3,-7.1685,112.677478333,P3
2023-07-18T11:07:06,4.3,-7.16867833333,112.677568333,P3
2023-07-18T11:07:17,4.2,-7.16886833333,112.677665,P3
2023-07-18T11:07:27,4.1,-7.16902,112.677746667,P3
2023-07-18T11:07:35,4.0,-7.16916833333,112.677826667,P3
2023-07-18T11:07:47,4.0,-7.16934333333,112.677925,P3
2023-07-18T11:07:56,4.1,-7.169505,112.678023333,P3
2023-07-18T11:08:06,4.3,-7.169675,112.67813,P3
2023-07-18T11:08:17,4.4,-7.169865,112.678241667,P3
2023-07-18T11:08:27,4.4,-7.17004666667,112.678338333,P3
2023-07-18T11:08:36,4.4,-7.17020833333,112.678435,P3
2023-07-18T11:08:47,4.5,-7.170405,112.678555,P3
2023-07-18T11:08:56,4.5,-7.17056166667,112.678661667,P3
2023-07-18T11:09:06,4.5,-7.17073666667,112.678778333,P3
2023-07-18T11:09:17,4.6,-7.17093,112.678911667,P3
2023-07-18T11:09:27,4.6,-7.17108666667,112.679023333,P3
2023-07-18T11:09:36,4.6,-7.171245,112.679135,P3
2023-07-18T11:09:47,4.7,-7.17145666667,112.679286667,P3
2023-07-18T11:09:56,4.7,-7.171615,112.679403333,P3
2023-07-18T11:10:06,4.7,-7.17179333333,112.679531667,P3
2023-07-18T11:10:17,4.7,-7.17198666667,112.679675,P3
2023-07-18T11:10:27,4.8,-7.17214833333,112.679793333,P3
2023-07-18T11:10:36,4.8,-7.17232833333,112.679925,P3
2023-07-18T11:10:47,4.8,-7.17252333333,112.680075,P3
2023-07-18T11:10:56,4.8,-7.17268833333,112.680193333,P3
2023-07-18T11:11:06,4.9,-7.17287166667,112.680328333,P3
2023-07-18T11:11:17,4.9,-7.17307666667,112.680466667,P3
2023-07-18T11:11:27,4.9,-7.173245,112.680588333,P3
2023-07-18T11:11:36,4.9,-7.17340833333,112.680713333,P3
2023-07-18T11:11:56,4.9,-7.17378,112.68101,P3
2023-07-18T11:12:06,4.9,-7.17396166667,112.681148333,P3
2023-07-18T11:12:17,4.9,-7.17415666667,112.681306667,P3
2023-07-18T11:12:26,4.9,-7.17431833333,112.681431667,P3
2023-07-18T11:12:36,5.0,-7.17450333333,112.681573333,P3
2023-07-18T11:12:45,5.0,-7.174665,112.681705,P3
2023-07-18T11:12:56,5.0,-7.174865,112.681865,P3
2023-07-18T11:13:06,5.0,-7.175045,112.682013333,P3
2023-07-18T11:13:17,5.0,-7.17523833333,112.682178333,P3
2023-07-18T11:13:26,5.0,-7.17539833333,112.682316667,P3
2023-07-18T11:14:26,5.2,-7.17645666667,112.683276667,P3
2023-07-18T11:14:37,5.2,-7.17665333333,112.683453333,P3
2023-07-18T11:14:45,5.2,-7.17679333333,112.683586667,P3
2023-07-18T11:14:56,5.2,-7.17699333333,112.683766667,P3
2023-07-18T11:15:06,5.2,-7.17716666667,112.683935,P3
2023-07-18T11:15:17,5.2,-7.17736333333,112.684121667,P3
2023-07-18T11:15:26,5.3,-7.17752666667,112.68427,P3
2023-07-18T11:15:37,5.3,-7.17772166667,112.684456667,P3
2023-07-18T11:15:56,5.3,-7.17806666667,112.684778333,P3
2023-07-18T11:16:06,5.3,-7.17825,112.684943333,P3
2023-07-18T11:16:17,5.3,-7.178455,112.68512,P3
2023-07-18T11:16:26,5.3,-7.17862333333,112.685266667,P3
2023-07-18T11:16:37,5.3,-7.17882666667,112.685448333,P3
2023-07-18T11:16:45,5.3,-7.17897166667,112.685585,P3
2023-07-18T11:16:56,5.3,-7.17916833333,112.685775,P3
2023-07-18T11:17:06,5.3,-7.179345,112.685948333,P3
2023-07-18T11:17:17,5.3,-7.17953166667,112.686146667,P3
2023-07-18T11:17:26,5.3,-7.17968666667,112.686308333,P3
2023-07-18T11:17:37,5.3,-7.17987333333,112.686506667,P3
2023-07-18T11:17:45,5.3,-7.18000666667,112.686655,P3
2023-07-18T11:17:56,5.3,-7.18019333333,112.686853333,P3
2023-07-18T11:18:06,5.3,-7.180355,112.687043333,P3
2023-07-18T11:18:16,5.4,-7.18053166667,112.687221667,P3
2023-07-18T11:18:26,5.4,-7.18069666667,112.68741,P3
2023-07-18T11:18:37,5.4,-7.180865,112.687595,P3
2023-07-18T11:18:45,5.4,-7.18101833333,112.687761667,P3
2023-07-18T11:18:56,5.4,-7.181205,112.687966667,P3
2023-07-18T11:19:16,5.4,-7.18154,112.688343333,P3
2023-07-18T11:19:26,5.4,-7.18171166667,112.688526667,P3
2023-07-18T11:19:37,5.4,-7.18188166667,112.688715,P3
2023-07-18T11:19:46,5.5,-7.18205,112.688903333,P3
2023-07-18T11:19:56,5.5,-7.18222333333,112.68909,P3
2023-07-18T11:20:06,5.5,-7.18239333333,112.68928,P3
2023-07-18T11:20:16,5.5,-7.18256333333,112.68947,P3
2023-07-18T11:20:26,5.5,-7.182735,112.689661667,P3
2023-07-18T11:20:36,5.5,-7.18292333333,112.689871667,P3
2023-07-18T11:20:46,5.5,-7.18307666667,112.690043333,P3
2023-07-18T11:20:56,5.5,-7.183245,112.690236667,P3
2023-07-18T11:21:06,5.4,-7.18341333333,112.690421667,P3
2023-07-18T11:21:16,5.3,-7.18358,112.690605,P3
2023-07-18T11:21:26,5.2,-7.183745,112.690785,P5
2023-07-18T11:21:36,5.1,-7.18390833333,112.690956667,P5
2023-07-18T11:21:46,5.0,-7.18406666667,112.698333,P5
2023-07-18T11:21:56,5.0,-7.18422666667,112.691295,P5
2023-07-18T11:22:06,4.9,-7.18438,112.691461667,P5
2023-07-18T11:22:16,4.8,-7.18452666667,112.691623333,P5
2023-07-18T11:22:26,4.7,-7.18467166667,112.691786667,P5
2023-07-18T11:22:35,4.6,-7.18479833333,112.691933333,P5
2023-07-18T11:22:46,4.5,-7.18495,112.692108333,P5
2023-07-18T11:22:56,4.4,-7.18508166667,112.692265,P5
2023-07-18T11:23:16,4.3,-7.18535333333,112.692586667,P5
2023-07-18T11:23:26,4.2,-7.18546666667,112.692721667,P5
2023-07-18T11:23:35,4.1,-7.18559,112.692866667,P5
2023-07-18T11:23:46,4.1,-7.18571,112.693011667,P5
2023-07-18T11:23:57,4.0,-7.18584,112.693173333,P5
2023-07-18T11:24:06,3.9,-7.18594333333,112.693303333,P5
2023-07-18T11:24:16,3.9,-7.18605166667,112.693445,P5
2023-07-18T11:24:26,3.8,-7.18616,112.693583333,P5
2023-07-18T11:24:35,3.7,-7.186255,112.693708333,P5
2023-07-18T11:24:46,3.7,-7.18636666667,112.69386,P5
2023-07-18T11:24:57,3.6,-7.18648,112.694006667,P5
2023-07-18T11:25:06,3.5,-7.18656833333,112.694125,P5
2023-07-18T11:25:16,3.5,-7.18665333333,112.694243333,P5
2023-07-18T11:25:26,3.4,-7.18675666667,112.694386667,P5
2023-07-18T11:25:36,3.4,-7.18684,112.694503333,P5
2023-07-18T11:25:46,3.6,-7.18694166667,112.694655,P5
2023-07-18T11:25:57,3.8,-7.18704,112.694818333,P5
2023-07-18T11:26:06,3.9,-7.187125,112.694956667,P5
2023-07-18T11:26:16,4.0,-7.18721333333,112.6951,P5
2023-07-18T11:26:27,4.1,-7.18733333333,112.69529,P5
2023-07-18T11:26:36,4.1,-7.187425,112.695415,P4
2023-07-18T11:26:47,4.2,-7.18756666667,112.6956,P4
2023-07-18T11:26:57,4.1,-7.18768333333,112.695753333,P4
2023-07-18T11:27:06,4.1,-7.18778666667,112.695888333,P4
2023-07-18T11:27:16,4.0,-7.18788833333,112.696023333,P4
2023-07-18T11:27:36,3.9,-7.18811833333,112.69631,P4
2023-07-18T11:27:47,3.9,-7.18825833333,112.696476667,P4
2023-07-18T11:27:57,3.8,-7.188375,112.696611667,P4
2023-07-18T11:28:06,3.8,-7.18847833333,112.696733333,P4
2023-07-18T11:28:16,3.7,-7.188595,112.696865,P4
2023-07-18T11:28:27,3.7,-7.18872,112.697006667,P4
2023-07-18T11:28:37,3.6,-7.18882333333,112.697121667,P4
2023-07-18T11:28:47,3.6,-7.18894666667,112.697256667,P4
2023-07-18T11:28:57,3.5,-7.18905666667,112.697378333,P4
2023-07-18T11:29:06,3.5,-7.18915333333,112.697485,P4
2023-07-18T11:29:16,3.4,-7.18924666667,112.69759,P4
2023-07-18T11:29:27,3.4,-7.18937166667,112.69773,P4
2023-07-18T11:29:37,3.3,-7.189465,112.697833333,P4
2023-07-18T11:29:47,3.3,-7.189565,112.697946667,P4
2023-07-18T11:29:57,3.2,-7.189675,112.69807,P4
2023-07-18T11:30:06,3.2,-7.18976333333,112.698168333,P4
2023-07-18T11:30:16,3.1,-7.18985,112.698268333,P4
2023-07-18T11:30:27,3.1,-7.18996166667,112.698395,P4
2023-07-18T11:30:37,3.0,-7.19004333333,112.69849,P4
2023-07-18T11:30:47,3.0,-7.190135,112.698593333,P4
2023-07-18T11:30:57,2.9,-7.19023333333,112.698708333,P4
2023-07-18T11:31:06,2.9,-7.190315,112.698798333,P4
2023-07-18T11:31:15,2.9,-7.19039333333,112.698888333,P4
2023-07-18T11:31:27,2.8,-7.19049833333,112.699008333,P4
2023-07-18T11:31:37,2.8,-7.19057666667,112.699095,P4
2023-07-18T11:31:45,2.7,-7.19065333333,112.699183333,P4
2023-07-18T11:32:06,2.7,-7.19082666667,112.69938,P4
2023-07-18T11:32:15,2.6,-7.19089833333,112.699461667,P4
2023-07-18T11:32:27,2.6,-7.19099166667,112.699568333,P4
2023-07-18T11:32:37,2.5,-7.19106166667,112.69965,P4
2023-07-18T11:32:45,2.5,-7.19113,112.69973,P4
2023-07-18T11:32:55,2.5,-7.19120666667,112.699818333,P4
2023-07-18T11:33:06,2.4,-7.19128666667,112.699913333,P4
2023-07-18T11:33:15,2.4,-7.19136,112.699996667,P4
2023-07-18T11:33:27,2.3,-7.19144166667,112.700086667,P4
2023-07-18T11:34:06,2.1,-7.1917,112.700386667,P4
2023-07-18T11:34:15,2.1,-7.19175666667,112.700453333,P4
2023-07-18T11:34:27,2.0,-7.19183166667,112.700541667,P4
2023-07-18T11:34:37,2.0,-7.191885,112.700605,P4
2023-07-18T11:34:46,2.0,-7.19194,112.700668333,P4
2023-07-18T11:35:27,2.4,-7.192175,112.700991667,P4
2023-07-18T11:35:36,2.5,-7.19224166667,112.701088333,P4
2023-07-18T11:36:46,2.2,-7.192685,112.701723333,P4
2023-07-18T11:36:55,2.1,-7.19273666667,112.701796667,P4
2023-07-18T11:37:07,2.1,-7.19280166667,112.701895,P4
2023-07-18T11:37:15,2.0,-7.19285,112.701966667,P4
2023-07-18T11:37:27,2.0,-7.19291,112.702048333,P4
2023-07-18T11:37:46,1.9,-7.193005,112.702186667,P4
2023-07-18T11:37:56,1.9,-7.19305333333,112.702258333,P4
2023-07-18T11:38:07,1.8,-7.193105,112.702335,P4
2023-07-18T11:38:16,1.8,-7.19314666667,112.702396667,P4
2023-07-18T11:38:27,1.7,-7.193195,112.70247,P4
2023-07-18T11:38:36,1.7,-7.193235,112.702528333,P4
2023-07-18T11:38:46,1.6,-7.19328,112.70259,P4
2023-07-18T11:39:07,1.6,-7.19336666667,112.702718333,P4
2023-07-18T11:39:16,1.5,-7.19340333333,112.702771667,P4
2023-07-18T11:39:27,1.5,-7.19345833333,112.702828333,P4
2023-07-18T11:39:36,1.5,-7.19349666667,112.70288,P4
2023-07-18T11:39:46,1.4,-7.19353,112.702935,P4
2023-07-18T11:39:56,1.4,-7.19356333333,112.702991667,P4
2023-07-18T11:40:07,1.4,-7.1936,112.703051667,P4
2023-07-18T11:40:16,1.3,-7.19363,112.703101667,P4
2023-07-18T11:40:27,1.3,-7.193665,112.70316,P4
2023-07-18T11:40:36,1.3,-7.19369666667,112.703205,P4
2023-07-18T11:40:46,1.2,-7.19372666667,112.703253333,P4
2023-07-18T11:40:56,1.2,-7.19376,112.703305,P4
2023-07-18T11:41:07,1.2,-7.19379,112.70335,P4
2023-07-18T11:41:16,1.2,-7.19381833333,112.703391667,P4
2023-07-18T11:41:27,1.2,-7.19385,112.703441667,P4
2023-07-18T11:41:37,1.1,-7.19387666667,112.703488333,P4
2023-07-18T11:41:47,1.1,-7.19390333333,112.703533333,P4
2023-07-18T11:41:56,1.1,-7.193925,112.703573333,P4
2023-07-18T11:42:07,1.1,-7.19395333333,112.703621667,P4
2023-07-18T11:42:16,1.1,-7.19397666667,112.703658333,P4
2023-07-18T11:42:27,1.0,-7.19400166667,112.703703333,P4
2023-07-18T11:42:37,1.0,-7.19402666667,112.703743333,P4
2023-07-18T11:42:47,1.0,-7.19405166667,112.703783333,P4
2023-07-18T11:42:56,1.0,-7.19407333333,112.703818333,P4
2023-07-18T11:43:07,1.0,-7.1941,112.703861667,P4
2023-07-18T11:43:16,0.9,-7.194125,112.703898333,P4
2023-07-18T11:43:27,0.9,-7.19415,112.703935,P4
2023-07-18T11:43:37,0.9,-7.194175,112.703968333,P4
2023-07-18T11:43:47,0.9,-7.19419833333,112.704003333,P4
2023-07-18T11:43:56,0.9,-7.19422,112.704033333,P4
2023-07-18T11:44:07,0.9,-7.19424333333,112.704068333,P4
2023-07-18T11:44:16,0.8,-7.19426333333,112.704096667,P4
2023-07-18T11:44:27,0.9,-7.19428833333,112.704135,P4
2023-07-18T11:44:37,1.2,-7.19431833333,112.704185,P4
2023-07-18T11:44:55,1.5,-7.19438333333,112.704291667,P4
2023-07-18T11:45:07,1.5,-7.19442666667,112.704363333,P4
2023-07-18T11:45:17,1.5,-7.194465,112.704423333,P4
2023-07-18T11:45:27,1.5,-7.19450166667,112.704481667,P4
2023-07-18T11:45:37,1.5,-7.19453666667,112.704538333,P4
2023-07-18T11:45:47,1.5,-7.19457333333,112.704593333,P4
2023-07-18T11:45:55,1.5,-7.194605,112.70464,P4
2023-07-18T11:46:07,1.5,-7.194655,112.704708333,P4
2023-07-18T11:46:17,1.3,-7.194695,112.704755,P4
2023-07-18T11:46:27,1.2,-7.19473666667,112.704791667,P4
2023-07-18T11:46:37,1.1,-7.194775,112.70482,P4
2023-07-18T11:46:47,1.0,-7.19481166667,112.704843333,P4
2023-07-18T11:46:55,1.0,-7.194845,112.704865,P4
2023-07-18T11:47:17,1.0,-7.19493833333,112.70491,P4
2023-07-18T11:47:27,1.0,-7.19498333333,112.704925,P4
2023-07-18T11:47:37,0.9,-7.19502333333,112.70493,P4
2023-07-18T11:47:47,0.9,-7.19506333333,112.70493,P4
2023-07-18T11:47:55,0.9,-7.1951,112.70493,P4
2023-07-18T11:48:06,0.9,-7.19514666667,112.704926667,P4
2023-07-18T11:48:17,0.9,-7.19519,112.70492,P4
2023-07-18T11:48:27,0.9,-7.19523,112.704911667,P4
2023-07-18T11:48:37,0.8,-7.19526833333,112.704906667,P4
2023-07-18T11:48:47,0.8,-7.19530333333,112.7049,P4
2023-07-18T11:48:55,0.8,-7.19533166667,112.704895,P4
2023-07-18T11:49:06,0.7,-7.19536666667,112.704886667,P4
2023-07-18T11:49:17,0.7,-7.1954,112.704876667,P4
2023-07-18T11:49:27,0.6,-7.19542666667,112.704868333,P4
2023-07-18T11:49:37,0.6,-7.19545166667,112.704863333,P4
2023-07-18T11:49:47,0.6,-7.195475,112.704855,P4
2023-07-18T11:49:55,0.5,-7.19549333333,112.704848333,P4
2023-07-18T11:50:06,0.5,-7.19551833333,112.70484,P4
2023-07-18T11:50:17,0.5,-7.19554166667,112.70483,P4
2023-07-18T11:50:27,0.5,-7.195565,112.704826667,P4
2023-07-18T11:50:37,0.5,-7.19558833333,112.704825,P4
2023-07-18T11:50:47,0.5,-7.19560833333,112.704825,P4
2023-07-18T11:50:55,0.4,-7.195625,112.704825,P4
2023-07-18T11:51:06,0.4,-7.19564666667,112.704826667,P4
2023-07-18T11:51:17,0.4,-7.19566333333,112.704826667,P4
2023-07-18T11:51:27,0.4,-7.19568166667,112.704826667,P4
2023-07-18T11:51:47,0.3,-7.19571166667,112.704821667,P4
2023-07-18T11:51:57,0.3,-7.19572666667,112.70482,P4
2023-07-18T11:52:07,0.3,-7.19573833333,112.704816667,P4
2023-07-18T11:52:17,0.3,-7.19575333333,112.704813333,P4
2023-07-18T11:52:27,0.3,-7.19576666667,112.70481,P4
2023-07-18T11:52:37,0.3,-7.19578,112.704808333,P4
2023-07-18T11:52:47,0.2,-7.19579333333,112.704803333,P4
2023-07-18T11:52:57,0.2,-7.195805,112.7048,P4
2023-07-18T11:53:07,0.2,-7.195815,112.704796667,P4
2023-07-18T11:53:16,0.2,-7.19582666667,112.704791667,P4
2023-07-18T11:53:27,0.3,-7.19583833333,112.704786667,P4
2023-07-18T11:53:36,0.3,-7.19584833333,112.704781667,P4
2023-07-18T11:53:57,0.3,-7.19587166667,112.704768333,P4
2023-07-18T11:54:06,0.3,-7.19588333333,112.704763333,P4
2023-07-18T11:54:16,0.3,-7.195895,112.704756667,P4
2023-07-18T11:54:27,0.3,-7.19591,112.704748333,P4
2023-07-18T11:54:36,0.3,-7.19592333333,112.704741667,P4
2023-07-18T11:54:46,0.4,-7.19593833333,112.704733333,P4
2023-07-18T11:54:57,0.4,-7.195955,112.704721667,P4
2023-07-18T11:55:06,0.4,-7.19596833333,112.704711667,P4
2023-07-18T11:55:16,0.3,-7.19598666667,112.7047,P4
2023-07-18T11:55:36,0.3,-7.19600833333,112.704658333,P4
2023-07-18T11:55:46,0.3,-7.19602,112.704651667,P4
2023-07-18T11:55:57,0.3,-7.19603666667,112.704651667,P4
2023-07-18T11:56:06,0.3,-7.19604833333,112.704651667,P4
2023-07-18T11:56:16,0.3,-7.19606166667,112.704651667,P4
2023-07-18T11:56:27,0.2,-7.19607333333,112.70465,P4
2023-07-18T11:56:36,0.2,-7.19608166667,112.704646667,P4
2023-07-18T11:56:46,0.2,-7.19609166667,112.704641667,P4
2023-07-18T11:56:57,0.2,-7.19610166667,112.70464,P4
2023-07-18T11:57:06,0.2,-7.19611333333,112.704635,P4
2023-07-18T11:57:16,0.1,-7.196115,112.704635,P4
2023-07-18T11:57:27,0.1,-7.19611333333,112.704636667,P4
2023-07-18T11:57:36,0.1,-7.19611333333,112.70464,P4
2023-07-18T11:57:46,0.1,-7.19611333333,112.704643333,P4
2023-07-18T11:57:56,0.1,-7.196115,112.704645,P4
2023-07-18T11:58:06,0.1,-7.19612,112.704645,P4
2023-07-18T11:58:16,0.0,-7.19612166667,112.704645,P4
2023-07-18T11:58:27,0.0,-7.19612166667,112.704645,P4
2023-07-18T11:58:36,0.0,-7.19612,112.704646667,P4
2023-07-18T11:58:56,0.0,-7.19612,112.704645,P4
2023-07-18T12:01:01,0.0,-7.19611166667,112.704666667,P4
2023-07-18T12:04:00,0.0,-7.196125,112.70475,P4
2023-07-18T12:06:58,0.0,-7.19613166667,112.704753333,P4
2023-07-18T12:13:02,0.0,-7.19612166667,112.704746667,P4
2023-07-18T12:16:04,0.0,-7.19613166667,112.70474,P4
2023-07-18T12:19:03,0.0,-7.19614333333,112.704733333,P4
2023-07-18T12:21:58,0.0,-7.19612166667,112.704731667,P4
2023-07-18T12:25:01,0.0,-7.196105,112.704738333,P4
2023-07-18T12:27:59,0.0,-7.19611333333,112.704738333,P4
2023-07-18T12:31:02,0.0,-7.19611333333,112.704725,P4
2023-07-18T12:34:03,0.0,-7.19612666667,112.704738333,P4
2023-07-18T12:37:04,0.0,-7.19611,112.704736667,P4
2023-07-18T12:40:04,0.0,-7.19610833333,112.704736667,P4
2023-07-18T12:49:05,0.0,-7.19609833333,112.704736667,P4
2023-07-18T12:52:02,0.0,-7.19610666667,112.704743333,P4
2023-07-18T12:55:05,0.0,-7.19608,112.704721667,P4
2023-07-18T13:01:06,0.0,-7.19608833333,112.704728333,P4
2023-07-18T13:04:02,0.0,-7.19609166667,112.704735,P4
2023-07-18T13:07:05,0.0,-7.196125,112.704721667,P4
2023-07-18T13:10:03,0.0,-7.19610333333,112.704743333,P4
2023-07-18T13:13:06,0.0,-7.196085,112.704735,P4
2023-07-18T13:15:58,0.0,-7.19614166667,112.704761667,P4
2023-07-18T13:19:05,0.0,-7.19610166667,112.704738333,P4
2023-07-18T13:21:58,0.0,-7.19610833333,112.704721667,P4
2023-07-18T13:25:05,0.0,-7.19610166667,112.704753333,P4
2023-07-18T13:28:01,0.0,-7.1961,112.70467,P4
2023-07-18T13:31:05,0.0,-7.19612,112.704733333,P4
2023-07-18T13:34:01,0.0,-7.19611333333,112.704748333,P4
2023-07-18T13:37:06,0.0,-7.196145,112.704748333,P4
2023-07-18T13:40:04,0.0,-7.19613166667,112.704735,P4
2023-07-18T13:43:08,0.0,-7.196135,112.704753333,P4
2023-07-18T13:46:02,0.0,-7.19612,112.704721667,P4
2023-07-18T13:49:07,0.0,-7.19613166667,112.704748333,P4
2023-07-18T13:52:01,0.0,-7.196115,112.704731667,P4
2023-07-18T13:55:05,0.0,-7.19612333333,112.704733333,P4
2023-07-18T13:58:01,0.0,-7.19613666667,112.704735,P4
2023-07-18T14:01:04,0.0,-7.19611833333,112.704741667,P4
2023-07-18T14:04:00,0.0,-7.19612833333,112.704748333,P4
2023-07-18T14:07:06,0.0,-7.19616,112.704738333,P4
2023-07-18T14:10:01,0.0,-7.19613,112.704765,P4
2023-07-18T14:13:08,0.0,-7.19611,112.704781667,P4
2023-07-18T14:16:00,0.0,-7.196085,112.704731667,P4
2023-07-18T14:18:59,0.0,-7.196135,112.704753333,P4
2023-07-18T14:22:01,0.0,-7.19610333333,112.704815,P4
2023-07-18T14:25:03,0.0,-7.196065,112.70478,P4
2023-07-18T14:28:02,0.0,-7.19608333333,112.70476,P4
2023-07-18T14:31:05,0.0,-7.19611,112.704728333,P4
2023-07-18T14:33:58,0.0,-7.19609666667,112.704755,P4
2023-07-18T14:36:58,0.0,-7.196115,112.70477,P4
2023-07-18T14:40:01,0.0,-7.196105,112.704778333,P4
2023-07-18T14:43:04,0.0,-7.196095,112.704778333,P4
2023-07-18T14:46:01,0.0,-7.19609666667,112.704755,P4
2023-07-18T14:49:02,0.0,-7.19611833333,112.70477,P4
2023-07-18T14:52:03,0.0,-7.196115,112.704743333,P4
2023-07-18T14:55:01,0.0,-7.19612,112.704756667,P4
2023-07-18T14:58:03,0.0,-7.19611,112.704756667,P4
2023-07-18T15:01:00,0.0,-7.19610166667,112.704788333,P4
2023-07-18T15:04:02,0.0,-7.19609833333,112.704765,P4
2023-07-18T15:07:01,0.0,-7.1961,112.704776667,P4
2023-07-18T15:10:01,0.0,-7.19610166667,112.704756667,P4
2023-07-18T15:13:01,0.0,-7.19608833333,112.704785,P4
2023-07-18T15:15:58,0.0,-7.19609166667,112.704793333,P4
2023-07-18T15:19:00,0.0,-7.19611333333,112.704766667,P4
2023-07-18T15:28:01,0.1,-7.196115,112.70475,P4
2023-07-18T15:31:01,0.0,-7.19611,112.704735,P4
2023-07-18T15:34:01,0.0,-7.19609666667,112.704766667,P4
2023-07-18T15:37:01,0.1,-7.19609166667,112.704781667,P4
2023-07-18T15:40:04,0.0,-7.19610166667,112.704778333,P4
2023-07-18T15:43:02,0.0,-7.19611,112.704783333,P4
2023-07-18T15:46:05,0.0,-7.19611166667,112.70476,P4
2023-07-18T15:48:59,0.0,-7.19610833333,112.704778333,P4
2023-07-18T15:52:07,0.0,-7.19612333333,112.704753333,P4
2023-07-18T15:55:00,0.1,-7.19612666667,112.704793333,P4
2023-07-18T15:58:05,0.0,-7.19608,112.70468,P4
2023-07-18T16:01:02,0.0,-7.19611666667,112.70473,P4
2023-07-18T16:04:06,0.0,-7.19610666667,112.70474,P4
2023-07-18T16:06:59,0.0,-7.19612166667,112.704781667,P4
2023-07-18T16:10:07,0.0,-7.19610666667,112.704781667,P4
2023-07-18T16:15:58,0.0,-7.19610166667,112.704741667,P4
2023-07-18T16:22:04,0.0,-7.19611833333,112.704768333,P4
2023-07-18T16:25:01,0.0,-7.19614,112.704793333,P4
2023-07-18T16:28:03,0.0,-7.19611166667,112.70477,P4
2023-07-18T16:34:01,0.0,-7.19608,112.704756667,P4
2023-07-18T16:40:03,0.0,-7.196105,112.704778333,P4
2023-07-18T16:43:02,0.0,-7.19610666667,112.704766667,P4
2023-07-18T16:46:03,0.0,-7.19611333333,112.704748333,P4
2023-07-18T16:49:03,0.0,-7.19611,112.70476,P4
2023-07-18T16:52:04,0.0,-7.19612,112.704778333,P4
2023-07-18T16:55:04,0.0,-7.19611333333,112.704745,P4
2023-07-18T16:57:59,0.0,-7.19612166667,112.70477,P4
2023-07-18T17:01:03,0.0,-7.19613,112.704806667,P4
2023-07-18T17:03:59,0.0,-7.196125,112.70479,P4
2023-07-18T17:07:04,0.0,-7.196115,112.704805,P4
2023-07-18T17:10:02,0.0,-7.19611666667,112.70479,P4
2023-07-18T17:16:04,0.0,-7.19610333333,112.704748333,P4
2023-07-18T17:19:04,0.0,-7.19611166667,112.704781667,P4
2023-07-18T17:22:06,0.0,-7.196115,112.704748333,P4
2023-07-18T17:25:05,0.0,-7.19610166667,112.70475,P4
2023-07-18T17:28:05,0.0,-7.19610666667,112.70478,P4
2023-07-18T17:31:07,0.0,-7.19610666667,112.704775,P4
2023-07-18T17:33:59,0.0,-7.19615,112.704796667,P4
2023-07-18T17:37:08,0.0,-7.19613333333,112.704776667,P4
2023-07-18T17:39:59,0.0,-7.19612666667,112.704778333,P4
2023-07-18T17:42:59,0.0,-7.19611333333,112.704768333,P4
2023-07-18T17:46:03,0.0,-7.19611833333,112.704785,P4
2023-07-18T17:52:03,0.0,-7.19610333333,112.704771667,P4
2023-07-18T17:55:02,0.0,-7.19609,112.704763333,P4
2023-07-18T17:58:04,0.0,-7.196105,112.704748333,P4
2023-07-18T18:01:04,0.0,-7.19611166667,112.704765,P4
2023-07-18T18:04:00,0.0,-7.19616666667,112.704783333,P4
2023-07-18T18:07:03,0.0,-7.196145,112.704771667,P4
2023-07-18T18:09:59,0.0,-7.19613166667,112.704783333,P4
2023-07-18T18:13:03,0.0,-7.19609833333,112.704746667,P4
2023-07-18T18:16:03,0.0,-7.19608,112.704753333,P4
2023-07-18T18:19:02,0.0,-7.196125,112.704741667,P4
2023-07-18T18:22:02,0.0,-7.19613666667,112.704765,P4
2023-07-18T18:25:01,0.0,-7.196105,112.704771667,P4
2023-07-18T18:27:59,0.0,-7.19611,112.704776667,P4
2023-07-18T18:31:05,0.0,-7.19618833333,112.704803333,P4
2023-07-18T18:34:04,0.0,-7.19615833333,112.70479,P4
2023-07-18T18:37:05,0.0,-7.19612,112.70476,P4
2023-07-18T18:40:03,0.0,-7.19611,112.70476,P4
2023-07-18T18:43:04,0.0,-7.19611333333,112.704751667,P4
2023-07-18T18:46:04,0.0,-7.19610666667,112.70476,P4
2023-07-18T18:49:02,0.0,-7.19612,112.70475,P4
2023-07-18T18:52:06,0.0,-7.19612,112.704748333,P4
2023-07-18T18:58:05,0.0,-7.19611333333,112.704765,P4
2023-07-18T19:01:03,0.0,-7.19612666667,112.704748333,P4
2023-07-18T19:04:05,0.0,-7.19611833333,112.704775,P4
2023-07-18T19:07:05,0.0,-7.196125,112.704768333,P4
2023-07-18T19:10:00,0.0,-7.196125,112.704753333,P4
2023-07-18T19:13:06,0.0,-7.19612666667,112.704783333,P4
2023-07-18T19:16:03,0.0,-7.19614166667,112.704791667,P4
2023-07-18T19:19:07,0.0,-7.19611833333,112.704753333,P4
2023-07-18T19:22:00,0.0,-7.196125,112.704778333,P4
2023-07-18T19:25:08,0.0,-7.19606,112.704798333,P4
2023-07-18T19:28:00,0.0,-7.19612333333,112.704738333,P4
2023-07-18T19:31:08,0.0,-7.19612333333,112.704715,P4
2023-07-18T19:34:04,0.0,-7.19611333333,112.704785,P4
2023-07-18T19:37:00,0.0,-7.19609833333,112.704811667,P4
2023-07-18T19:40:04,0.0,-7.19612666667,112.704705,P4
2023-07-18T19:43:02,0.0,-7.19615333333,112.704738333,P4
2023-07-18T19:46:04,0.0,-7.19613,112.704801667,P4
2023-07-18T19:49:03,0.0,-7.1961,112.704723333,P4
2023-07-18T19:52:03,0.0,-7.19611333333,112.704693333,P4
2023-07-18T19:55:04,0.0,-7.19613833333,112.704781667,P4
2023-07-18T19:58:02,0.0,-7.19612166667,112.704765,P4
2023-07-18T20:01:04,0.0,-7.19612333333,112.704755,P4
2023-07-18T20:04:04,0.0,-7.196115,112.70474,P4
2023-07-18T20:07:04,0.0,-7.196115,112.70476,P4
2023-07-18T20:13:04,0.0,-7.19611333333,112.704776667,P4
2023-07-18T20:16:08,0.0,-7.19613333333,112.70478,P4
2023-07-18T20:19:04,0.0,-7.19612,112.704755,P4
2023-07-18T20:22:06,0.0,-7.19612666667,112.704745,P4
2023-07-18T20:25:02,0.0,-7.19611333333,112.70473,P4
2023-07-18T20:28:06,0.0,-7.19612166667,112.704783333,P4
2023-07-18T20:31:02,0.0,-7.19610166667,112.70478,P4
2023-07-18T20:34:06,0.0,-7.19608833333,112.704736667,P4
2023-07-18T20:37:03,0.0,-7.19609,112.704753333,P4
2023-07-18T20:40:06,0.0,-7.19612,112.704765,P4
2023-07-18T20:43:02,0.0,-7.19612166667,112.704758333,P4
2023-07-18T20:46:00,0.0,-7.19611333333,112.704783333,P4
2023-07-18T20:49:05,0.0,-7.19613166667,112.704763333,P4
2023-07-18T20:52:02,0.0,-7.19612,112.704768333,P4
2023-07-18T20:55:00,0.0,-7.19615,112.70478,P4
2023-07-18T20:58:05,0.0,-7.19615166667,112.704781667,P4
2023-07-18T21:01:03,0.0,-7.19615833333,112.704811667,P4
2023-07-18T21:04:04,0.0,-7.19614,112.704776667,P4
2023-07-18T21:07:06,0.0,-7.19613666667,112.704781667,P4
2023-07-18T21:10:04,0.0,-7.19616166667,112.704743333,P4
2023-07-18T21:13:07,0.0,-7.19613333333,112.704771667,P4
2023-07-18T21:16:04,0.0,-7.19612833333,112.70476,P4
2023-07-18T21:19:06,0.0,-7.19615666667,112.704758333,P4
2023-07-18T21:22:06,0.0,-7.19614333333,112.704753333,P4
2023-07-18T21:25:06,0.0,-7.19614,112.704753333,P4
2023-07-18T21:28:05,0.0,-7.196155,112.704738333,P4
2023-07-18T21:31:07,0.0,-7.196155,112.704746667,P4
2023-07-18T21:34:05,0.0,-7.19614833333,112.704766667,P4
2023-07-18T21:37:07,0.0,-7.19614666667,112.704756667,P4
2023-07-18T21:43:00,0.0,-7.19615,112.70472,P4
2023-07-18T21:46:04,0.0,-7.19615666667,112.704728333,P4
2023-07-18T21:49:01,0.0,-7.196125,112.704728333,P4
2023-07-18T21:52:01,0.0,-7.19613333333,112.70476,P4
2023-07-18T21:55:02,0.0,-7.19615,112.704721667,P4
2023-07-18T21:58:05,0.0,-7.19614666667,112.704736667,P4
2023-07-18T22:01:00,0.0,-7.196135,112.704758333,P4
2023-07-18T22:04:04,0.0,-7.19614333333,112.704736667,P4
2023-07-18T22:07:03,0.0,-7.19616833333,112.704708333,P4
2023-07-18T22:10:03,0.0,-7.19614833333,112.704711667,P4
2023-07-18T22:13:02,0.0,-7.19613666667,112.704761667,P4
2023-07-18T22:16:00,0.0,-7.19615166667,112.704678333,P4
2023-07-18T22:19:02,0.0,-7.196135,112.704755,P4
2023-07-18T22:22:05,0.0,-7.19616166667,112.704751667,P4
2023-07-18T22:25:03,0.0,-7.19614333333,112.704733333,P4
2023-07-18T22:28:05,0.0,-7.19616833333,112.704735,P4
2023-07-18T22:31:04,0.0,-7.19614666667,112.704731667,P4
2023-07-18T22:34:06,0.0,-7.19615833333,112.704681667,P4
2023-07-18T22:37:05,0.0,-7.19616166667,112.70478,P4
2023-07-18T22:40:01,0.0,-7.19617166667,112.704776667,P4
2023-07-18T22:43:04,0.0,-7.19616166667,112.704748333,P4
2023-07-18T22:49:03,0.0,-7.19617166667,112.704823333,P4
2023-07-18T22:55:03,0.0,-7.19614333333,112.704731667,P4
2023-07-18T22:58:02,0.0,-7.19617166667,112.70471,P4
2023-07-18T23:01:04,0.0,-7.19614,112.704726667,P4
2023-07-18T23:04:06,0.0,-7.19617166667,112.704771667,P4
2023-07-18T23:07:05,0.0,-7.19615666667,112.704731667,P4
2023-07-18T23:10:05,0.0,-7.196155,112.704761667,P4
2023-07-18T23:13:04,0.0,-7.19614333333,112.704711667,P4
2023-07-18T23:16:01,0.0,-7.19615666667,112.704748333,P4
2023-07-18T23:19:02,0.0,-7.19616,112.704743333,P4
2023-07-18T23:22:06,0.0,-7.19618333333,112.704723333,P4
2023-07-18T23:25:04,0.0,-7.19615166667,112.704751667,P4
2023-07-18T23:28:01,0.0,-7.196125,112.704745,P4
2023-07-18T23:31:04,0.0,-7.19613833333,112.704695,P4
2023-07-18T23:34:06,0.0,-7.19617833333,112.704735,P4
2023-07-18T23:37:02,0.0,-7.19616333333,112.70479,P4
2023-07-18T23:40:06,0.0,-7.19613166667,112.704748333,P4
2023-07-18T23:43:05,0.0,-7.19614166667,112.70476,P4
2023-07-18T23:46:04,0.0,-7.19615333333,112.704758333,P4
2023-07-18T23:49:04,0.0,-7.19613333333,112.704755,P4
2023-07-18T23:52:06,0.0,-7.19612833333,112.704741667,P4
2023-07-18T23:58:05,0.0,-7.196135,112.704743333,P4
2023-07-19T00:01:04,0.0,-7.19612166667,112.70472,P4
2023-07-19T00:04:06,0.0,-7.19613,112.704741667,P4
2023-07-19T00:07:06,0.0,-7.19612166667,112.704728333,P4
2023-07-19T00:10:07,0.0,-7.19612333333,112.70473,P4
2023-07-19T00:13:04,0.0,-7.19613,112.704745,P4
2023-07-19T00:16:09,0.0,-7.19612833333,112.704728333,P4
2023-07-19T00:19:06,0.0,-7.19612166667,112.704731667,P4
2023-07-19T00:22:01,0.0,-7.19613166667,112.704736667,P4
2023-07-19T00:25:04,0.0,-7.19612666667,112.704741667,P4
2023-07-19T00:28:06,0.0,-7.196115,112.70474,P4
2023-07-19T00:31:04,0.0,-7.19611166667,112.704755,P4
2023-07-19T00:37:05,0.0,-7.19612,112.704735,P4
2023-07-19T00:40:08,0.0,-7.19611333333,112.704751667,P4
2023-07-19T00:43:01,0.0,-7.19611166667,112.704725,P4
2023-07-19T00:46:09,0.0,-7.19611333333,112.704748333,P4
2023-07-19T00:49:07,0.0,-7.19610666667,112.704741667,P4
2023-07-19T00:52:08,0.0,-7.19612166667,112.704756667,P4
2023-07-19T00:55:08,0.0,-7.19611,112.704761667,P4
2023-07-19T00:58:07,0.0,-7.19610166667,112.704761667,P4
2023-07-19T01:01:08,0.0,-7.19609666667,112.704765,P4
2023-07-19T01:07:09,0.0,-7.196095,112.704748333,P4
2023-07-19T01:10:08,0.0,-7.196095,112.704743333,P4
2023-07-19T01:13:09,0.0,-7.19609833333,112.704751667,P4
2023-07-19T01:16:10,0.0,-7.19609666667,112.70476,P4
2023-07-19T01:19:07,0.0,-7.19609,112.704756667,P4
2023-07-19T01:22:08,0.0,-7.19611333333,112.704781667,P4
2023-07-19T01:25:07,0.0,-7.19609333333,112.70479,P4
2023-07-19T01:28:09,0.0,-7.19606833333,112.704785,P4
2023-07-19T01:31:06,0.0,-7.196095,112.704708333,P4
2023-07-19T01:34:10,0.0,-7.19605833333,112.704776667,P4
2023-07-19T01:40:11,0.0,-7.19608666667,112.704753333,P4
2023-07-19T01:43:08,0.0,-7.19608833333,112.704741667,P4
2023-07-19T01:46:09,0.0,-7.196085,112.70476,P4
2023-07-19T01:49:10,0.0,-7.19608666667,112.704761667,P4
2023-07-19T01:52:10,0.0,-7.19608833333,112.704751667,P4
2023-07-19T01:55:11,0.0,-7.19608666667,112.704745,P4
2023-07-19T01:58:10,0.0,-7.19608666667,112.704766667,P4
2023-07-19T02:01:02,0.0,-7.1961,112.704761667,P4
2023-07-19T02:04:01,0.0,-7.1961,112.70472,P4
2023-07-19T02:07:04,0.0,-7.19609333333,112.704733333,P4
2023-07-19T02:10:05,0.0,-7.196085,112.704755,P4
2023-07-19T02:13:06,0.0,-7.19609,112.704753333,P4
2023-07-19T02:16:05,0.0,-7.19608166667,112.704743333,P4
2023-07-19T02:19:05,0.0,-7.19608833333,112.704748333,P4
2023-07-19T02:22:05,0.0,-7.19609833333,112.704751667,P4
2023-07-19T02:25:05,0.0,-7.19608833333,112.704745,P4
2023-07-19T02:28:04,0.0,-7.19609,112.70474,P4
2023-07-19T02:31:04,0.0,-7.19609166667,112.704743333,P4
2023-07-19T02:34:04,0.0,-7.19607333333,112.704741667,P4
2023-07-19T02:37:04,0.0,-7.19608,112.704743333,P4
2023-07-19T02:40:03,0.0,-7.19607666667,112.704733333,P4
2023-07-19T02:43:02,0.0,-7.19608666667,112.704721667,P4
2023-07-19T02:46:07,0.0,-7.19609333333,112.704736667,P4
2023-07-19T02:49:07,0.0,-7.19609666667,112.704751667,P4
2023-07-19T02:52:01,0.0,-7.19610333333,112.704763333,P4
2023-07-19T02:55:06,0.0,-7.19609333333,112.70476,P4
2023-07-19T02:58:04,0.0,-7.19609333333,112.70475,P4
2023-07-19T03:01:08,0.0,-7.19609833333,112.704778333,P4
2023-07-19T03:04:05,0.0,-7.19611,112.704746667,P4
2023-07-19T03:07:09,0.0,-7.19609833333,112.70477,P4
2023-07-19T03:10:04,0.0,-7.19609,112.704753333,P4
2023-07-19T03:13:08,0.0,-7.19609166667,112.70474,P4
2023-07-19T03:16:06,0.0,-7.19609166667,112.704746667,P4
2023-07-19T03:19:09,0.0,-7.19609333333,112.70474,P4
2023-07-19T03:22:02,0.0,-7.19608833333,112.70476,P4
2023-07-19T03:25:10,0.0,-7.196105,112.704733333,P4
2023-07-19T03:28:03,0.0,-7.19610666667,112.704755,P4
2023-07-19T03:37:08,0.0,-7.19610666667,112.704725,P4
2023-07-19T03:40:06,0.0,-7.19607833333,112.704751667,P4
2023-07-19T03:43:08,0.0,-7.19608,112.704756667,P4
2023-07-19T03:46:06,0.1,-7.19608666667,112.704751667,P4
2023-07-19T03:49:06,0.0,-7.196105,112.704738333,P4
2023-07-19T03:52:06,0.0,-7.19609833333,112.704741667,P4
2023-07-19T03:55:07,0.0,-7.19609,112.704741667,P4
2023-07-19T03:58:08,0.0,-7.19608666667,112.704753333,P4
2023-07-19T04:00:05,0.0,-7.19610333333,112.704743333,P4
2023-07-19T04:00:15,0.0,-7.19610333333,112.704738333,P4
2023-07-19T04:00:26,0.0,-7.19610333333,112.704736667,P4
2023-07-19T04:00:35,0.0,-7.19610166667,112.704741667,P4
2023-07-19T04:00:47,0.0,-7.19609333333,112.704751667,P4
2023-07-19T04:00:55,0.0,-7.19609166667,112.704755,P4
2023-07-19T04:01:05,0.0,-7.19609333333,112.704751667,P4
2023-07-19T04:01:15,0.0,-7.196095,112.70475,P4
2023-07-19T04:01:26,0.0,-7.19610166667,112.704748333,P4
2023-07-19T04:01:36,0.0,-7.196105,112.704745,P4
2023-07-19T04:01:47,0.0,-7.19611,112.704741667,P4
2023-07-19T04:01:55,0.0,-7.19611,112.704741667,P4
2023-07-19T04:02:05,0.0,-7.19610333333,112.704741667,P4
2023-07-19T04:02:15,0.0,-7.196095,112.704738333,P4
2023-07-19T04:02:26,0.0,-7.19608666667,112.704743333,P4
2023-07-19T04:02:36,0.0,-7.19608666667,112.704755,P4
2023-07-19T04:02:47,0.0,-7.19609,112.704768333,P4
2023-07-19T04:02:55,0.0,-7.19609166667,112.704771667,P4
2023-07-19T04:03:05,0.0,-7.196095,112.704768333,P4
2023-07-19T04:03:15,0.0,-7.196095,112.704761667,P4
2023-07-19T04:03:26,0.0,-7.19610166667,112.704756667,P4
2023-07-19T04:03:36,0.0,-7.1961,112.704755,P4
2023-07-19T04:03:47,0.0,-7.196095,112.704751667,P4
2023-07-19T04:03:55,0.0,-7.19609333333,112.704748333,P4
2023-07-19T04:04:05,0.0,-7.19609333333,112.704741667,P4
2023-07-19T04:04:15,0.0,-7.19609,112.704736667,P4
2023-07-19T04:04:26,0.1,-7.19608833333,112.704735,P4
2023-07-19T04:04:36,0.1,-7.196085,112.704738333,P4
2023-07-19T04:04:47,0.1,-7.19608333333,112.70474,P4
2023-07-19T04:04:55,0.1,-7.19608666667,112.70474,P4
2023-07-19T04:05:06,0.1,-7.19608166667,112.704743333,P4
2023-07-19T04:05:26,0.2,-7.19606333333,112.704741667,P4
2023-07-19T04:05:36,0.2,-7.19606,112.704735,P4
2023-07-19T04:05:47,0.2,-7.19604666667,112.704735,P4
2023-07-19T04:05:55,0.3,-7.196035,112.704731667,P4
2023-07-19T04:06:06,0.4,-7.19601333333,112.704725,P4
2023-07-19T04:06:15,0.5,-7.19599833333,112.704723333,P4
2023-07-19T04:06:26,0.6,-7.19597166667,112.70472,P4
2023-07-19T04:06:36,0.6,-7.19594,112.704718333,P4
2023-07-19T04:06:47,0.7,-7.19589833333,112.704715,P4
2023-07-19T04:06:55,0.8,-7.19586666667,112.704713333,P4
2023-07-19T04:07:06,0.9,-7.19582166667,112.704711667,P4
2023-07-19T04:07:26,0.9,-7.19574833333,112.704735,P4
2023-07-19T04:07:36,1.0,-7.19571333333,112.704761667,P4
2023-07-19T04:07:47,1.1,-7.195675,112.704798333,P4
2023-07-19T04:07:55,1.1,-7.19564333333,112.704826667,P4
2023-07-19T04:08:06,1.2,-7.1956,112.704868333,P4
2023-07-19T04:08:16,1.1,-7.19556166667,112.704908333,P4
2023-07-19T04:08:25,1.1,-7.195525,112.704941667,P4
2023-07-19T04:08:36,1.1,-7.19548666667,112.70498,P4
2023-07-19T04:08:46,1.0,-7.19545333333,112.705015,P4
2023-07-19T04:08:55,1.0,-7.19542166667,112.70505,P4
2023-07-19T04:09:06,1.0,-7.19538166667,112.705085,P4
2023-07-19T04:09:16,1.0,-7.195355,112.705115,P4
2023-07-19T04:09:25,1.0,-7.19532166667,112.705146667,P4
2023-07-19T04:09:36,1.0,-7.195285,112.705176667,P4
2023-07-19T04:09:55,1.0,-7.19521833333,112.705238333,P4
2023-07-19T04:10:06,1.0,-7.195185,112.70527,P4
2023-07-19T04:10:16,1.0,-7.19515166667,112.705301667,P4
2023-07-19T04:10:25,1.0,-7.19512,112.70533,P4
2023-07-19T04:10:36,1.0,-7.195085,112.705368333,P4
2023-07-19T04:10:46,1.0,-7.195055,112.705403333,P4
2023-07-19T04:10:55,1.1,-7.19502166667,112.705441667,P4
2023-07-19T04:11:03,1.1,-7.195,112.705471667,P4
2023-07-19T04:11:09,1.2,-7.194975,112.705503333,P4
2023-07-19T04:11:16,1.2,-7.19495166667,112.705533333,P4
2023-07-19T04:11:23,1.3,-7.19492166667,112.705565,P4
2023-07-19T04:11:29,1.3,-7.19489833333,112.705591667,P4
2023-07-19T04:11:36,1.4,-7.19486666667,112.705621667,P4
2023-07-19T04:11:42,1.4,-7.19483666667,112.705648333,P4
2023-07-19T04:11:48,1.5,-7.19480333333,112.705675,P4
2023-07-19T04:11:56,1.5,-7.19476166667,112.705705,P4
2023-07-19T04:12:03,1.6,-7.19471,112.705738333,P4
2023-07-19T04:12:10,1.6,-7.19466333333,112.705766667,P4
2023-07-19T04:12:16,1.7,-7.19462833333,112.705783333,P4
2023-07-19T04:12:23,1.7,-7.19456833333,112.70581,P4
2023-07-19T04:12:29,1.7,-7.19452166667,112.705825,P4
2023-07-19T04:12:36,1.8,-7.19446333333,112.705838333,P4
2023-07-19T04:12:43,1.8,-7.19441,112.705848333,P4
2023-07-19T04:12:49,1.9,-7.19435,112.705856667,P4
2023-07-19T04:12:56,1.9,-7.1943,112.70586,P4
2023-07-19T04:13:03,1.9,-7.19423333333,112.705861667,P4
2023-07-19T04:13:08,2.0,-7.19419,112.705858333,P4
2023-07-19T04:13:23,2.0,-7.19405166667,112.705836667,P4
2023-07-19T04:13:29,2.0,-7.193995,112.705823333,P4
2023-07-19T04:13:33,2.1,-7.19395833333,112.705813333,P4
2023-07-19T04:13:40,2.1,-7.19389166667,112.705795,P4
2023-07-19T04:13:46,2.1,-7.19383666667,112.705773333,P4
2023-07-19T04:13:54,2.1,-7.19376333333,112.70574,P4
2023-07-19T04:13:59,2.2,-7.19372,112.705716667,P4
2023-07-19T04:14:03,2.2,-7.19368333333,112.705695,P4
2023-07-19T04:14:16,2.3,-7.19357666667,112.705625,P4
2023-07-19T04:14:23,2.3,-7.19350666667,112.705573333,P4
2023-07-19T04:14:36,2.4,-7.19339666667,112.705476667,P4
2023-07-19T04:14:46,2.7,-7.19330166667,112.705391667,P4
2023-07-19T04:14:56,3.0,-7.19321,112.705306667,P4
2023-07-19T04:15:05,3.3,-7.19310333333,112.7052,P4
2023-07-19T04:15:16,3.4,-7.19299333333,112.705083333,P4
2023-07-19T04:15:25,3.6,-7.19288666667,112.704955,P4
2023-07-19T04:15:36,3.7,-7.19277833333,112.704801667,P4
2023-07-19T04:15:46,3.8,-7.19268333333,112.704665,P4
2023-07-19T04:15:56,3.9,-7.19259833333,112.704525,P4
2023-07-19T04:16:06,4.1,-7.192495,112.704346667,P4
2023-07-19T04:16:16,4.2,-7.19240666667,112.704195,P4
2023-07-19T04:16:26,4.3,-7.19230166667,112.70402,P4
2023-07-19T04:16:36,4.4,-7.19218666667,112.70382,P4
2023-07-19T04:16:46,4.5,-7.192075,112.703635,P4
2023-07-19T04:16:56,4.7,-7.19197666667,112.703465,P4
2023-07-19T04:17:06,4.9,-7.19184666667,112.70325,P4
2023-07-19T04:17:16,5.2,-7.19173166667,112.703066667,P4
2023-07-19T04:17:25,5.5,-7.191595,112.702848333,P4
2023-07-19T04:17:46,6.1,-7.19130166667,112.702383333,P4
2023-07-19T04:17:56,6.4,-7.19114166667,112.702131667,P4
2023-07-19T04:18:06,6.7,-7.19095666667,112.701845,P4
2023-07-19T04:18:16,6.9,-7.19079833333,112.701596667,P4
2023-07-19T04:18:25,7.2,-7.19061333333,112.701318333,P4
2023-07-19T04:18:36,7.4,-7.19040333333,112.701,P4
2023-07-19T04:18:46,7.6,-7.190225,112.700733333,P4
2023-07-19T04:19:06,8.0,-7.18979666667,112.70009,P4
2023-07-19T04:19:15,8.2,-7.189605,112.699805,P4
2023-07-19T04:19:25,8.4,-7.18938666667,112.699481667,P4
2023-07-19T04:19:46,9.0,-7.188935,112.698795,P4
2023-07-19T04:19:56,9.2,-7.18866833333,112.698405,P4
2023-07-19T04:20:06,9.5,-7.18841333333,112.698045,P4
2023-07-19T04:20:15,9.7,-7.18817333333,112.697716667,P4
2023-07-19T04:20:27,9.9,-7.18784,112.697271667,P4
2023-07-19T04:20:36,10.1,-7.18758833333,112.696931667,P4
2023-07-19T04:20:46,10.3,-7.18729333333,112.696548333,P5
2023-07-19T04:20:56,10.5,-7.18695166667,112.696133333,P5
2023-07-19T04:21:06,10.7,-7.18667333333,112.695785,P5
2023-07-19T04:21:15,10.8,-7.18639333333,112.695428333,P5
2023-07-19T04:21:27,11.0,-7.18600333333,112.694955,P5
2023-07-19T04:21:36,11.1,-7.18570333333,112.694596667,P5
2023-07-19T04:21:56,11.3,-7.18499833333,112.693823333,P5
2023-07-19T04:22:06,11.4,-7.18463666667,112.693433333,P5
2023-07-19T04:22:16,11.5,-7.18427166667,112.693041667,P5
2023-07-19T04:22:27,11.6,-7.18386666667,112.692605,P5
2023-07-19T04:22:36,11.7,-7.18353833333,112.69224,P5
2023-07-19T04:22:46,11.8,-7.18313,112.6918,P5
2023-07-19T04:22:56,11.9,-7.18274833333,112.691405,P3
2023-07-19T04:23:15,11.9,-7.18198333333,112.69067,P3
2023-07-19T04:23:27,12.0,-7.18153,112.69025,P3
2023-07-19T04:23:36,12.0,-7.18115166667,112.689915,P3
2023-07-19T04:23:46,12.0,-7.180735,112.689541667,P3
2023-07-19T04:23:56,12.1,-7.18031,112.689171667,P3
2023-07-19T04:24:05,12.1,-7.17993,112.688835,P3
2023-07-19T04:24:16,12.1,-7.17950833333,112.68846,P3
2023-07-19T04:24:27,12.2,-7.17904166667,112.688045,P3
2023-07-19T04:24:56,12.2,-7.17775833333,112.686925,P3
2023-07-19T04:25:16,12.3,-7.17694333333,112.686208333,P3
2023-07-19T04:25:27,12.3,-7.17647833333,112.685783333,P3
2023-07-19T04:25:56,12.4,-7.175165,112.68465,P3
2023-07-19T04:26:27,12.4,-7.17373666667,112.683575,P3
2023-07-19T04:26:36,12.4,-7.17331333333,112.683271667,P3
2023-07-19T04:27:05,12.5,-7.17195333333,112.682275,P3
2023-07-19T04:27:15,12.6,-7.17148833333,112.681923333,P3
2023-07-19T04:27:25,12.6,-7.17101833333,112.681555,P3
2023-07-19T04:27:36,12.6,-7.170495,112.681178333,P3
2023-07-19T04:27:47,12.6,-7.17000166667,112.680865,P3
2023-07-19T04:28:16,12.6,-7.16855666667,112.679966667,P3
2023-07-19T04:28:26,12.6,-7.168055,112.67966,P3
2023-07-19T04:28:36,12.6,-7.1675,112.679331667,P3
2023-07-19T04:28:47,12.7,-7.166945,112.679,P3
2023-07-19T04:28:56,12.7,-7.16644,112.678693333,P3
2023-07-19T04:29:05,12.7,-7.165985,112.678413333,P3
2023-07-19T04:29:16,12.7,-7.16548333333,112.678108333,P3
2023-07-19T04:29:36,12.7,-7.16446666667,112.677516667,P3
2023-07-19T04:29:47,12.7,-7.16395833333,112.677216667,P3
2023-07-19T04:30:06,12.7,-7.16299333333,112.676628333,P3
2023-07-19T04:30:16,12.8,-7.16243,112.676296667,P3
2023-07-19T04:30:25,12.8,-7.16196833333,112.676033333,P3
2023-07-19T04:30:36,12.8,-7.16140666667,112.6757,P3
2023-07-19T04:30:47,12.8,-7.160845,112.675378333,P3
2023-07-19T04:30:57,12.8,-7.16033333333,112.67507,P3
2023-07-19T04:31:06,12.8,-7.15987166667,112.674798333,P3
2023-07-19T04:31:16,12.8,-7.15935166667,112.674496667,P3
2023-07-19T04:31:25,12.8,-7.15889166667,112.674213333,P3
2023-07-19T04:31:36,12.8,-7.15827166667,112.67385,P3
2023-07-19T04:31:45,12.8,-7.15785833333,112.673613333,P3
2023-07-19T04:31:55,12.8,-7.15733666667,112.673323333,P3
2023-07-19T04:32:16,12.8,-7.15623666667,112.672723333,P3
2023-07-19T04:32:25,12.8,-7.15576333333,112.672468333,P3
2023-07-19T04:32:45,12.8,-7.15471166667,112.671913333,P3
2023-07-19T04:32:55,12.8,-7.15418666667,112.67163,P3
2023-07-19T04:33:06,12.8,-7.153605,112.671328333,P3
2023-07-19T04:33:16,12.8,-7.15307666667,112.67105,P5
2023-07-19T04:33:25,12.8,-7.152605,112.670793333,P5
2023-07-19T04:33:36,12.9,-7.152025,112.67048,P5
2023-07-19T04:33:45,12.9,-7.151545,112.670233333,P5
2023-07-19T04:33:55,12.8,-7.15100833333,112.66997,P5
2023-07-19T04:34:07,12.8,-7.15036,112.669666667,P5
2023-07-19T04:34:16,12.8,-7.14987333333,112.669438333,P5
2023-07-19T04:34:25,12.8,-7.149385,112.669211667,P5
2023-07-19T04:34:36,12.8,-7.14884,112.668961667,P5
2023-07-19T04:34:45,12.8,-7.14829666667,112.668711667,P5
2023-07-19T04:34:55,12.8,-7.14775166667,112.668465,P5
2023-07-19T04:35:07,12.8,-7.14715333333,112.668191667,P5
2023-07-19T04:35:16,12.8,-7.14660833333,112.667948333,P5
2023-07-19T04:35:25,12.8,-7.14611833333,112.66773,P5
2023-07-19T04:35:36,12.8,-7.14552,112.667465,P5
2023-07-19T04:35:45,12.8,-7.14503166667,112.667251667,P5
2023-07-19T04:35:57,12.8,-7.14438,112.666965,P5
2023-07-19T04:36:07,12.7,-7.14383666667,112.666726667,P5
2023-07-19T04:36:16,12.7,-7.14335166667,112.666506667,P5
2023-07-19T04:36:25,12.7,-7.14286166667,112.666296667,P5
2023-07-19T04:36:36,12.7,-7.142265,112.66603,P5
2023-07-19T04:36:45,12.8,-7.14177333333,112.665813333,P5
2023-07-19T04:36:57,12.8,-7.14112,112.66552,P5
2023-07-19T04:37:16,12.9,-7.14007833333,112.665058333,P5
2023-07-19T04:37:25,12.9,-7.13958666667,112.66484,P5
2023-07-19T04:37:36,12.9,-7.138985,112.664571667,P5
2023-07-19T04:37:57,12.9,-7.137835,112.66406,P5
2023-07-19T04:38:05,12.9,-7.137395,112.663865,P5
2023-07-19T04:38:16,12.9,-7.13679166667,112.663595,P5
2023-07-19T04:38:25,12.9,-7.136295,112.663378333,P5
2023-07-19T04:38:37,12.9,-7.135695,112.663106667,P5
2023-07-19T04:38:47,12.8,-7.13509333333,112.662838333,P5
2023-07-19T04:38:57,12.8,-7.13455,112.662596667,P5
2023-07-19T04:39:06,12.7,-7.13412,112.6624,P5
2023-07-19T04:39:16,12.7,-7.13352833333,112.66213,P5
2023-07-19T04:39:27,12.8,-7.13298833333,112.661886667,P5
2023-07-19T04:39:36,12.9,-7.132445,112.661636667,P5
2023-07-19T04:39:47,12.9,-7.13184333333,112.661363333,P5
2023-07-19T04:40:06,12.9,-7.130855,112.660918333,P5
2023-07-19T04:40:16,12.9,-7.13025166667,112.66064,P5
2023-07-19T04:40:26,12.9,-7.12970666667,112.660385,P5
2023-07-19T04:40:36,13.0,-7.12916333333,112.660125,P5
2023-07-19T04:40:47,13.0,-7.128565,112.659841667,P5
2023-07-19T04:40:57,13.0,-7.12801666667,112.659586667,P5
2023-07-19T04:41:06,13.0,-7.12757166667,112.659396667,P5
2023-07-19T04:41:16,12.9,-7.12695333333,112.659168333,P5
2023-07-19T04:41:37,12.6,-7.12581166667,112.658868333,P5
2023-07-19T04:41:57,12.6,-7.12460333333,112.658666667,P5
2023-07-19T04:42:06,12.5,-7.12413666667,112.658615,P5
2023-07-19T04:42:16,12.5,-7.12349833333,112.658565,P5
2023-07-19T04:42:27,12.5,-7.12286166667,112.658528333,P5
2023-07-19T04:42:47,12.5,-7.121705,112.658458333,P5
2023-07-19T04:42:57,12.5,-7.12112666667,112.658426667,P5
2023-07-19T04:43:05,12.4,-7.120665,112.658396667,P5
2023-07-19T04:43:16,12.4,-7.12002833333,112.658361667,P5
2023-07-19T04:43:27,12.5,-7.11945,112.658326667,P5
2023-07-19T04:43:35,12.5,-7.11892666667,112.658295,P5
2023-07-19T04:43:47,12.5,-7.11823,112.658258333,P5
2023-07-19T04:43:56,12.5,-7.11770666667,112.65823,P5
2023-07-19T04:44:27,12.6,-7.11596,112.658136667,P5
2023-07-19T04:44:47,12.6,-7.11473166667,112.658071667,P5
2023-07-19T04:45:05,12.6,-7.11367833333,112.658016667,P5
2023-07-19T04:45:27,12.6,-7.11244833333,112.657955,P5
2023-07-19T04:45:35,12.6,-7.11191666667,112.657928333,P5
2023-07-19T04:45:56,12.7,-7.11068666667,112.657871667,P5
2023-07-19T04:46:45,12.8,-7.107785,112.657713333,P5
2023-07-19T04:47:06,12.8,-7.10659666667,112.657626667,P5
2023-07-19T04:47:26,12.7,-7.10535666667,112.657608333,P5
2023-07-19T04:47:56,12.6,-7.103595,112.657606667,P5
2023-07-19T04:48:06,12.6,-7.10301,112.65761,P5
2023-07-19T04:48:15,12.6,-7.102485,112.657615,P5
2023-07-19T04:48:26,12.6,-7.10184,112.657618333,P5
2023-07-19T04:48:35,12.6,-7.101315,112.657615,P5
2023-07-19T04:48:45,12.6,-7.10073,112.657621667,P5
2023-07-19T04:49:15,12.6,-7.09897833333,112.657628333,P5
2023-07-19T04:49:26,12.6,-7.098335,112.657631667,P5
2023-07-19T04:49:36,12.6,-7.09775166667,112.657633333,P5
2023-07-19T04:49:45,12.6,-7.097225,112.657641667,P5
2023-07-19T04:50:06,12.7,-7.09599166667,112.657646667,P5
2023-07-19T04:50:46,13.0,-7.09359,112.657646667,P5
2023-07-19T04:50:56,13.1,-7.09304166667,112.65765,P5
2023-07-19T04:51:06,13.2,-7.092365,112.65764,P5
2023-07-19T04:51:16,13.3,-7.09180833333,112.657633333,P5
2023-07-19T04:52:15,13.6,-7.08806833333,112.657903333,P3
2023-07-19T04:52:26,13.6,-7.08737666667,112.657965,P3
2023-07-19T04:52:36,13.6,-7.086745,112.658016667,P3
2023-07-19T04:52:46,13.7,-7.08611166667,112.658073333,P5
2023-07-19T04:53:06,13.7,-7.08484333333,112.658185,P5
2023-07-19T04:53:15,13.7,-7.08427166667,112.658235,P5
2023-07-19T04:53:26,13.8,-7.08357,112.658296667,P5
2023-07-19T04:53:46,13.8,-7.08229166667,112.658408333,P5
2023-07-19T04:53:55,13.8,-7.081715,112.658453333,P5
2023-07-19T04:54:06,13.8,-7.08101166667,112.65852,P5
2023-07-19T04:54:16,13.9,-7.08037,112.65858,P5
2023-07-19T04:54:26,13.9,-7.07972833333,112.658631667,P5
2023-07-19T04:54:36,13.9,-7.079085,112.658691667,P5
2023-07-19T04:54:46,13.9,-7.07844,112.658751667,P5
2023-07-19T04:54:55,14.0,-7.07786,112.6588,P3
2023-07-19T04:55:00,14.0,-7.07753666667,112.658828333,P3
2023-07-19T04:55:06,14.0,-7.07714666667,112.65886,P3
2023-07-19T04:55:11,14.0,-7.07682166667,112.65888,P3
2023-07-19T04:55:17,14.0,-7.07649666667,112.658905,P3
2023-07-19T04:55:25,14.1,-7.07597333333,112.658946667,P3
2023-07-19T04:55:30,14.1,-7.07558166667,112.65898,P3
2023-07-19T04:55:36,14.1,-7.07519166667,112.659026667,P3
2023-07-19T04:55:42,14.1,-7.07486666667,112.659071667,P3
2023-07-19T04:55:48,14.1,-7.074415,112.65914,P3
2023-07-19T04:55:54,14.1,-7.07402833333,112.659201667,P3
2023-07-19T04:56:00,14.1,-7.07364,112.659263333,P3
2023-07-19T04:56:06,14.1,-7.07325166667,112.659331667,P3
2023-07-19T04:56:12,14.1,-7.07292833333,112.659388333,P3
2023-07-19T04:56:18,14.1,-7.07254,112.659455,P3
2023-07-19T04:56:25,14.1,-7.07208833333,112.659535,P3
2023-07-19T04:56:36,14.1,-7.07131,112.659666667,P3
2023-07-19T04:56:41,14.1,-7.070985,112.659725,P3
2023-07-19T04:57:06,14.2,-7.06936166667,112.660006667,P3
2023-07-19T04:57:18,14.2,-7.068645,112.660128333,P3
2023-07-19T04:57:25,14.2,-7.06819,112.660208333,P3
2023-07-19T04:57:36,14.2,-7.06741,112.660341667,P3
2023-07-19T04:57:41,14.2,-7.067085,112.660396667,P3
2023-07-19T04:57:48,14.2,-7.06662666667,112.660473333,P3
2023-07-19T04:57:54,14.2,-7.066235,112.660538333,P3
2023-07-19T04:58:06,14.2,-7.06545166667,112.660671667,P3
2023-07-19T04:58:11,14.2,-7.065125,112.660726667,P3
2023-07-19T04:58:30,14.3,-7.06388166667,112.660938333,P3
2023-07-19T04:58:36,14.3,-7.06349,112.661005,P3
2023-07-19T04:58:48,14.3,-7.062705,112.661143333,P3
2023-07-19T04:59:11,14.3,-7.061195,112.6614,P3
2023-07-19T04:59:18,14.3,-7.06080166667,112.661473333,P3
2023-07-19T04:59:48,14.3,-7.05876333333,112.661825,P3
2023-07-19T04:59:54,14.3,-7.05837,112.661896667,P3
2023-07-19T05:00:00,14.3,-7.057975,112.661961667,P3
2023-07-19T05:00:06,14.3,-7.05764666667,112.662015,P3
2023-07-19T05:00:11,14.3,-7.057255,112.662083333,P3
2023-07-19T05:00:18,14.3,-7.05686166667,112.662156667,P3
2023-07-19T05:00:36,14.3,-7.05561666667,112.662376667,P3
2023-07-19T05:00:54,14.3,-7.05443833333,112.662585,P3
2023-07-19T05:01:00,14.3,-7.05404333333,112.662653333,P3
2023-07-19T05:02:00,14.3,-7.05012333333,112.663361667,P3
2023-07-19T05:02:18,14.3,-7.04894166667,112.663585,P3
2023-07-19T05:02:30,14.3,-7.04815333333,112.663731667,P3
2023-07-19T05:03:00,14.3,-7.04619,112.664095,P3
2023-07-19T05:03:30,14.3,-7.04423333333,112.664471667,P3
2023-07-19T05:04:36,14.3,-7.039955,112.665336667,P3
2023-07-19T05:04:53,14.2,-7.038885,112.66569,P3
2023-07-19T05:05:00,14.2,-7.03844833333,112.665841667,P3
2023-07-19T05:05:11,14.2,-7.03776,112.666083333,P3
2023-07-19T05:05:24,14.2,-7.03695166667,112.66638,P3
2023-07-19T05:05:30,14.2,-7.03657666667,112.666516667,P3
2023-07-19T05:05:42,14.3,-7.03582666667,112.666785,P3
2023-07-19T05:06:00,14.2,-7.0347,112.667193333,P3
2023-07-19T05:06:06,14.2,-7.034325,112.667331667,P3
2023-07-19T05:06:11,14.2,-7.03401333333,112.667441667,P3
2023-07-19T05:06:18,14.2,-7.03357833333,112.6676,P3
2023-07-19T05:07:30,14.2,-7.02911833333,112.669233333,P3
2023-07-19T05:07:36,14.2,-7.028745,112.669368333,P3
2023-07-19T05:07:48,14.2,-7.028,112.669638333,P3
2023-07-19T05:08:06,14.2,-7.02688666667,112.67005,P3
2023-07-19T05:08:11,14.2,-7.026515,112.670186667,P3
2023-07-19T05:08:18,14.2,-7.02614333333,112.670323333,P3
2023-07-19T05:08:24,14.2,-7.02577,112.670456667,P3
2023-07-19T05:08:30,14.1,-7.02539666667,112.670595,P3
2023-07-19T05:08:37,14.1,-7.02496333333,112.670753333,P3
2023-07-19T05:08:48,14.1,-7.02428833333,112.671005,P3
2023-07-19T05:09:00,14.1,-7.02354666667,112.671278333,P3
2023-07-19T05:09:06,14.1,-7.02317833333,112.671415,P3
2023-07-19T05:09:12,14.1,-7.02281,112.67155,P3
2023-07-19T05:09:18,14.1,-7.022445,112.671685,P3
2023-07-19T05:09:30,14.1,-7.02169833333,112.671948333,P3
2023-07-19T05:09:37,14.2,-7.02132833333,112.67208,P3
2023-07-19T05:09:42,14.2,-7.02095666667,112.672215,P3
2023-07-19T05:09:48,14.2,-7.020585,112.672353333,P3
2023-07-19T05:09:54,14.2,-7.02027666667,112.672475,P3
2023-07-19T05:10:00,14.2,-7.01983833333,112.672645,P3
2023-07-19T05:10:06,14.2,-7.01946833333,112.672796667,P3
2023-07-19T05:10:12,14.2,-7.01911166667,112.672968333,P3
2023-07-19T05:10:18,14.2,-7.01876,112.673148333,P3
2023-07-19T05:10:24,14.1,-7.01841,112.67333,P3
2023-07-19T05:10:30,14.1,-7.018065,112.673518333,P3
2023-07-19T05:10:36,14.1,-7.01772166667,112.673708333,P3
2023-07-19T05:10:42,14.1,-7.01737666667,112.6739,P3
2023-07-19T05:10:48,14.1,-7.01703333333,112.674095,P3
2023-07-19T05:10:54,14.1,-7.01668833333,112.674286667,P3
2023-07-19T05:11:00,14.1,-7.01634166667,112.674478333,P3
2023-07-19T05:11:12,14.1,-7.01565333333,112.674861667,P3
2023-07-19T05:11:24,14.1,-7.014965,112.675246667,P3
2023-07-19T05:11:30,14.1,-7.01461833333,112.675436667,P3
2023-07-19T05:11:35,14.2,-7.01433,112.675596667,P3
2023-07-19T05:11:48,14.2,-7.01358166667,112.676011667,P3
2023-07-19T05:11:54,14.2,-7.01323,112.676208333,P3
2023-07-19T05:12:00,14.2,-7.01288166667,112.676395,P3
2023-07-19T05:12:06,14.2,-7.01253833333,112.67658,P3
2023-07-19T05:12:12,14.2,-7.01218666667,112.676768333,P3
2023-07-19T05:12:30,14.2,-7.01114666667,112.67737,P3
2023-07-19T05:12:35,14.2,-7.01086333333,112.677546667,P3
2023-07-19T05:12:48,14.1,-7.01015,112.67802,P3
2023-07-19T05:12:54,14.1,-7.00982,112.678236667,P3
2023-07-19T05:13:00,14.1,-7.00949333333,112.678458333,P3
2023-07-19T05:13:06,14.1,-7.00916833333,112.678676667,P3
2023-07-19T05:13:12,14.1,-7.00884333333,112.678898333,P3
2023-07-19T05:13:18,14.1,-7.00852166667,112.679118333,P3
2023-07-19T05:13:24,14.1,-7.00819833333,112.679338333,P3
2023-07-19T05:13:30,14.1,-7.00787166667,112.679556667,P3
2023-07-19T05:13:48,14.1,-7.0069,112.68022,P3
2023-07-19T05:13:54,14.1,-7.00657333333,112.680441667,P3
2023-07-19T05:14:00,14.1,-7.006245,112.68066,P3
2023-07-19T05:14:06,14.1,-7.00597333333,112.680841667,P3
2023-07-19T05:14:12,14.1,-7.00559333333,112.681098333,P3
2023-07-19T05:14:18,14.1,-7.005265,112.68132,P3
2023-07-19T05:14:24,14.1,-7.00493833333,112.68154,P3
2023-07-19T05:14:30,14.1,-7.00461166667,112.68176,P3
2023-07-19T05:14:35,14.1,-7.00434,112.681946667,P3
2023-07-19T05:14:48,14.1,-7.00363166667,112.682426667,P3
2023-07-19T05:14:54,14.1,-7.00330666667,112.682648333,P3
2023-07-19T05:15:00,14.1,-7.00298,112.68287,P3
2023-07-19T05:15:12,14.0,-7.00233333333,112.683316667,P3
2023-07-19T05:15:18,14.0,-7.00200833333,112.683536667,P3
2023-07-19T05:15:24,14.0,-7.00168333333,112.683756667,P3
2023-07-19T05:15:30,14.0,-7.00136166667,112.683976667,P3
2023-07-19T05:15:35,14.0,-7.00104,112.684198333,P3
2023-07-19T05:15:48,14.0,-7.0004,112.684643333,P3
2023-07-19T05:15:54,14.0,-7.00008,112.684865,P3
2023-07-19T05:15:59,14.0,-6.99975666667,112.685085,P3
2023-07-19T05:16:05,14.0,-6.99948833333,112.685268333,P3
2023-07-19T05:16:12,14.0,-6.99911333333,112.685528333,P3
2023-07-19T05:16:18,14.0,-6.99879333333,112.68575,P3
2023-07-19T05:16:24,14.0,-6.998475,112.685973333,P3
2023-07-19T05:16:30,14.0,-6.998155,112.686188333,P3
2023-07-19T05:16:35,14.0,-6.99788666667,112.686371667,P3
2023-07-19T05:16:42,14.0,-6.99751333333,112.686628333,P3
2023-07-19T05:16:48,13.9,-6.997195,112.686851667,P3
2023-07-19T05:16:59,13.9,-6.99661,112.687256667,P3
2023-07-19T05:17:05,13.9,-6.99629,112.687476667,P3
2023-07-19T05:17:12,13.9,-6.99591666667,112.687736667,P3
2023-07-19T05:17:18,13.9,-6.99559666667,112.687956667,P3
2023-07-19T05:18:24,13.9,-6.99207833333,112.690378333,P3
2023-07-19T05:18:36,13.9,-6.99145333333,112.690831667,P3
2023-07-19T05:18:42,13.8,-6.991145,112.691061667,P3
2023-07-19T05:18:47,13.8,-6.99083666667,112.691293333,P3
2023-07-19T05:18:59,13.8,-6.99027333333,112.691718333,P3
2023-07-19T05:19:05,13.8,-6.98996166667,112.691945,P3
2023-07-19T05:19:11,13.8,-6.98965333333,112.692175,P3
2023-07-19T05:19:18,13.8,-6.98929333333,112.692446667,P3
2023-07-19T05:19:24,13.8,-6.988985,112.692678333,P3
2023-07-19T05:19:30,13.8,-6.98867666667,112.692908333,P3
2023-07-19T05:19:36,13.8,-6.98836833333,112.693138333,P3
2023-07-19T05:19:42,13.8,-6.98806333333,112.693371667,P3
2023-07-19T05:19:47,13.8,-6.98780666667,112.693565,P3
2023-07-19T05:19:54,13.8,-6.98745,112.693836667,P3
2023-07-19T05:20:06,13.8,-6.986835,112.694295,P3
2023-07-19T05:20:11,13.8,-6.98658166667,112.694485,P3
2023-07-19T05:20:18,13.8,-6.986225,112.694753333,P3
2023-07-19T05:20:24,13.8,-6.98591833333,112.694983333,P3
2023-07-19T05:20:30,13.8,-6.98561166667,112.695213333,P3
2023-07-19T05:20:36,13.7,-6.98530666667,112.695446667,P3
2023-07-19T05:20:42,13.7,-6.98499833333,112.695673333,P3
2023-07-19T05:20:54,13.7,-6.98438666667,112.696135,P3
2023-07-19T05:21:03,13.7,-6.98392833333,112.69648,P3
2023-07-19T05:21:15,13.7,-6.983315,112.696938333,P3
2023-07-19T05:21:24,13.7,-6.98286,112.697283333,P3
2023-07-19T05:21:35,13.7,-6.9823,112.697705,P3
2023-07-19T05:21:44,13.7,-6.98184166667,112.698048333,P3
2023-07-19T05:21:54,13.7,-6.98133166667,112.698425,P3
2023-07-19T05:22:03,13.7,-6.98087166667,112.698763333,P3
2023-07-19T05:22:35,13.6,-6.97924666667,112.699975,P5
2023-07-19T05:22:44,13.6,-6.97879166667,112.700318333,P5
2023-07-19T05:22:54,13.6,-6.97828,112.700691667,P5
2023-07-19T05:23:03,13.6,-6.97782666667,112.701033333,P5
2023-07-19T05:23:15,13.6,-6.97722,112.70149,P5
2023-07-19T05:23:24,13.6,-6.97676,112.701826667,P5
2023-07-19T05:23:35,13.6,-6.97621,112.702248333,P5
2023-07-19T05:25:03,13.4,-6.97162833333,112.70532,P5
2023-07-19T05:25:24,13.3,-6.97047333333,112.705921667,P5
2023-07-19T05:25:44,13.3,-6.96935166667,112.706453333,P5
2023-07-19T05:25:54,13.3,-6.96879166667,112.706715,P5
2023-07-19T05:26:04,13.3,-6.96823833333,112.706988333,P5
2023-07-19T05:26:14,13.2,-6.96768166667,112.707251667,P5
2023-07-19T05:28:14,13.3,-6.96071166667,112.709665,P5
2023-07-19T05:28:44,13.3,-6.95893333333,112.71026,P5
2023-07-19T05:28:55,13.3,-6.95829166667,112.710498333,P5
2023-07-19T05:34:14,13.6,-6.939455,112.717246667,P5
2023-07-19T05:34:24,13.6,-6.93885666667,112.717445,P5
2023-07-19T05:39:24,13.4,-6.92109833333,112.72405,P5
2023-07-19T05:39:44,13.4,-6.919925,112.724483333,P5
2023-07-19T05:40:24,13.4,-6.91758,112.72534,P5
2023-07-19T05:40:55,13.4,-6.91577666667,112.726031667,P5
2023-07-19T05:41:04,13.4,-6.91525166667,112.72623,P5
2023-07-19T05:41:24,13.4,-6.91408666667,112.726676667,P5
2023-07-19T05:46:24,13.2,-6.89665666667,112.733021667,P3
2023-07-19T05:47:15,13.2,-6.89369166667,112.734043333,P3
2023-07-19T05:47:24,13.2,-6.893165,112.734216667,P3
2023-07-19T05:47:44,13.2,-6.89199333333,112.734601667,P3
2023-07-19T05:48:04,13.2,-6.89082333333,112.73499,P3
2023-07-19T05:48:15,13.2,-6.890175,112.735191667,P3
2023-07-19T05:48:34,13.3,-6.88906,112.735558333,P3
2023-07-19T05:48:44,13.2,-6.88847166667,112.735743333,P3
2023-07-19T05:48:55,13.2,-6.887835,112.735961667,P3
2023-07-19T05:49:05,13.1,-6.88726,112.736156667,P3
2023-07-19T05:49:24,12.9,-6.88617166667,112.736531667,P3
2023-07-19T05:49:44,12.7,-6.88504,112.73693,P3
2023-07-19T05:50:05,12.5,-6.88388,112.737333333,P3
2023-07-19T05:50:24,12.3,-6.88284666667,112.737691667,P3
2023-07-19T05:51:05,11.9,-6.88067833333,112.73844,P3
2023-07-19T05:51:35,11.5,-6.87915166667,112.738975,P3
2023-07-19T06:30:34,12.0,-6.767895,112.74016,P1
2023-07-19T06:31:15,12.2,-6.7667,112.738178333,P1
2023-07-19T06:31:34,12.3,-6.76618,112.737221667,P1
2023-07-19T06:31:53,12.4,-6.76566,112.736256667,P1
2023-07-19T06:32:25,12.6,-6.76476,112.734618333,P1
2023-07-19T06:36:44,13.0,-6.75694666667,112.72111,P1
2023-07-19T06:37:25,13.1,-6.75575666667,112.718985,P1
2023-07-19T06:37:34,13.1,-6.75546,112.718523333,P1
2023-07-19T06:38:03,13.0,-6.75438666667,112.717128333,P1
2023-07-19T06:38:14,13.0,-6.75393333333,112.716638333,P1
2023-07-19T06:38:23,12.9,-6.75349333333,112.716226667,P1
2023-07-19T06:38:34,12.9,-6.75304,112.715831667,P1
