timestamp;lat [deg];lon [deg];sog [kn];heading [deg];cog [deg];STATE;GERAKAN
2023-09-03T06:44:02;-6.806666667;112.8432867;9.3;511;237.6;P0;
2023-09-03T06:44:13;-6.806921667;112.8428733;9.4;511;238.4;P0;
2023-09-03T06:44:23;-6.807131667;112.842535;9.3;511;238.3;P0;
2023-09-03T06:44:33;-6.80739;112.8421233;9.4;511;236.8;P0;
2023-09-03T06:45:02;-6.808108333;112.8410833;9.3;511;234.2;P0;
2023-09-03T06:45:13;-6.808388333;112.8407;9.2;511;233.2;P0;
2023-09-03T06:45:33;-6.808908333;112.8399967;9.3;511;233.8;P0;
2023-09-03T06:45:53;-6.8094;112.8393167;9.3;511;234.5;P0;
2023-09-03T06:46:13;-6.80993;112.8385783;9.3;511;234;P0;
2023-09-03T06:46:42;-6.810655;112.837595;9.3;511;233.6;P0;
2023-09-03T06:46:53;-6.810935;112.837195;9.3;511;234.3;P0;
2023-09-03T06:47:13;-6.811453333;112.8364383;9.3;511;236.1;P0;
2023-09-03T06:47:23;-6.811671667;112.8361083;9.3;511;235.7;P0;
2023-09-03T06:47:33;-6.811945;112.8357067;9.3;511;234.4;P0;
2023-09-03T06:47:43;-6.812186667;112.8353383;9.3;511;236.3;P0;
2023-09-03T06:48:02;-6.812653333;112.8346517;9.3;511;234.9;P0;
2023-09-03T06:48:13;-6.81294;112.834265;9.3;511;233.6;P0;
2023-09-03T06:48:23;-6.813176667;112.8339533;9.3;511;232.9;P0;
2023-09-03T06:48:33;-6.813466667;112.833565;9.3;511;232.8;P0;
2023-09-03T06:48:43;-6.813726667;112.8332133;9.4;511;233.6;P0;
2023-09-03T06:48:52;-6.81396;112.8328967;9.3;511;233.6;P0;
2023-09-03T06:49:02;-6.814218333;112.8325467;9.3;511;232.8;P0;
2023-09-03T06:49:13;-6.814505;112.8321583;9.3;511;233;P0;
2023-09-03T06:49:24;-6.814768333;112.8318083;9.3;511;232.2;P0;
2023-09-03T06:49:33;-6.81503;112.8314583;9.5;511;232.9;P0;
2023-09-03T06:49:43;-6.815291667;112.8311067;9.4;511;233.3;P0;
2023-09-03T06:50:02;-6.815795;112.83044;9.3;511;233.2;P0;
2023-09-03T06:50:24;-6.81635;112.8297067;9.4;511;233;P0;
2023-09-03T06:50:43;-6.81688;112.8290033;9.5;511;233.4;P0;
2023-09-03T06:51:02;-6.817388333;112.82833;9.3;511;232;P0;
2023-09-03T06:51:13;-6.817681667;112.82795;9.4;511;231.5;P0;
2023-09-03T06:51:24;-6.817956667;112.8275983;9.4;511;232.2;P0;
2023-09-03T06:51:43;-6.818503333;112.8269083;9.4;511;230.6;P0;
2023-09-03T06:52:13;-6.819375;112.82594;9.3;511;226.7;P0;
2023-09-03T06:52:24;-6.81967;112.8256217;9.3;511;227.4;P0;
2023-09-03T06:52:33;-6.819968333;112.82531;9.3;511;226.3;P0;
2023-09-03T06:52:43;-6.820275;112.8249983;9.3;511;226.5;P0;
2023-09-03T06:53:13;-6.821186667;112.82406;9.3;511;225.4;P0;
2023-09-03T06:53:24;-6.821495;112.823755;9.2;511;224.1;P0;
2023-09-03T06:53:33;-6.821808333;112.8234517;9.3;511;223.8;P0;
2023-09-03T06:53:43;-6.822116667;112.82315;9.3;511;223.6;P0;
2023-09-03T06:53:53;-6.822393333;112.822875;9.3;511;223.3;P0;
2023-09-03T06:54:13;-6.823046667;112.8222317;9.2;511;222.8;P0;
2023-09-03T06:54:33;-6.823696667;112.8216533;9.2;511;221.2;P0;
2023-09-03T06:54:34;-6.823696667;112.8216533;9.2;511;221.2;P0;
2023-09-03T06:54:44;-6.824013333;112.8213617;9.2;511;223.7;P0;
2023-09-03T06:54:53;-6.824323333;112.8210583;9.3;511;225.5;P0;
2023-09-03T06:55:13;-6.824936667;112.8204517;9.2;511;226.1;P0;
2023-09-03T06:55:22;-6.8252;112.82017;9.2;511;227;P0;
2023-09-03T06:55:33;-6.825515;112.8198167;9.2;511;229.4;P0;
2023-09-03T06:55:34;-6.825515;112.8198167;9.2;511;229.4;P0;
2023-09-03T06:55:44;-6.825803333;112.8194983;9.2;511;228.1;P0;
2023-09-03T06:55:53;-6.826086667;112.8191783;9.2;511;229.8;P0;
2023-09-03T06:56:03;-6.826373333;112.8188517;9.3;511;228.2;P0;
2023-09-03T06:56:13;-6.826663333;112.8185217;9.3;511;229.6;P0;
2023-09-03T06:56:22;-6.826923333;112.8182283;9.3;511;227.8;P0;
2023-09-03T06:56:33;-6.827233333;112.817865;9.3;511;229.1;P0;
2023-09-03T06:56:44;-6.827513333;112.8175383;9.2;511;227.5;P0;
2023-09-03T06:56:53;-6.827806667;112.8172133;9.3;511;228;P0;
2023-09-03T06:57:02;-6.828076667;112.81692;9.3;511;228.3;P0;
2023-09-03T06:57:13;-6.828403333;112.8165717;9.2;511;228;P0;
2023-09-03T06:57:22;-6.828671667;112.816285;9.3;511;227.1;P0;
2023-09-03T06:57:33;-6.828995;112.8159383;9.3;511;228.6;P0;
2023-09-03T06:57:44;-6.829285;112.8156233;9.3;511;227;P0;
2023-09-03T06:57:53;-6.829578333;112.8153017;9.3;511;226.4;P0;
2023-09-03T06:58:02;-6.829841667;112.815015;9.3;511;229.1;P0;
2023-09-03T06:58:13;-6.830166667;112.8146633;9.3;511;228;P0;
2023-09-03T06:58:22;-6.830426667;112.81438;9.2;511;227.9;P0;
2023-09-03T06:58:33;-6.830745;112.8140317;9.2;511;227.8;P0;
2023-09-03T06:58:53;-6.831298333;112.8133733;9;511;232.4;P0;
2023-09-03T06:59:02;-6.831513333;112.813055;9;511;237.1;P0;
2023-09-03T06:59:13;-6.831743333;112.812655;9;511;243.8;P0;
2023-09-03T06:59:22;-6.831911667;112.8123167;9;511;244.3;P0;
2023-09-03T06:59:33;-6.832101667;112.8118917;9;511;247.1;P0;
2023-09-03T06:59:43;-6.832265;112.8114983;9.1;511;247.5;P0;
2023-09-03T07:00:02;-6.832588333;112.8107517;9.1;511;246.3;P0;
2023-09-03T07:00:13;-6.832763333;112.810315;9.2;511;248.3;P0;
2023-09-03T07:00:32;-6.833051667;112.8095483;9.2;511;248.7;P0;
2023-09-03T07:00:43;-6.83322;112.8091033;9.2;511;248.3;P0;
2023-09-03T07:00:52;-6.83336;112.80874;9.3;511;248;P0;
2023-09-03T07:01:02;-6.833516667;112.808335;9.4;511;248.7;P0;
2023-09-03T07:01:13;-6.83369;112.8078883;9.4;511;249.1;P0;
2023-09-03T07:01:23;-6.833851667;112.8074833;9.4;511;248.6;P0;
2023-09-03T07:01:43;-6.834175;112.8066717;9.5;511;249.3;P0;
2023-09-03T07:01:52;-6.834325;112.806305;9.4;511;247.3;P0;
2023-09-03T07:02:02;-6.834491667;112.8058967;9.5;511;248.4;P0;
2023-09-03T07:02:13;-6.834673333;112.80545;9.4;511;246.4;P0;
2023-09-03T07:02:23;-6.834838333;112.8050433;9.5;511;247.7;P0;
2023-09-03T07:02:43;-6.835171667;112.8042317;9.5;511;247.3;P0;
2023-09-03T07:03:02;-6.83549;112.8034583;9.5;511;248.3;P0;
2023-09-03T07:03:13;-6.83567;112.803005;9.5;511;248.2;P0;
2023-09-03T07:03:23;-6.835833333;112.8025917;9.5;511;245.7;P0;
2023-09-03T07:03:32;-6.835993333;112.8022283;9.5;511;245.2;P0;
2023-09-03T07:03:43;-6.836195;112.801785;9.4;511;244.6;P0;
2023-09-03T07:03:52;-6.836358333;112.8014267;9.5;511;246.3;P0;
2023-09-03T07:04:02;-6.836535;112.8010217;9.4;511;245.4;P0;
2023-09-03T07:04:13;-6.836731667;112.8005783;9.5;511;245.5;P0;
2023-09-03T07:04:23;-6.836918333;112.80018;9.5;511;245.2;P0;
2023-09-03T07:04:43;-6.837278333;112.79942;9.5;511;244.3;P0;
2023-09-03T07:05:02;-6.837651667;112.7986233;9.4;511;243.5;P0;
2023-09-03T07:05:13;-6.83787;112.798185;9.5;511;241.7;P0;
2023-09-03T07:05:23;-6.838075;112.7977917;9.5;511;242.8;P0;
2023-09-03T07:05:32;-6.838256667;112.7974367;9.4;511;241.5;P0;
2023-09-03T07:05:43;-6.838453333;112.7970367;9.4;511;243.1;P0;
2023-09-03T07:05:52;-6.838628333;112.7966817;9.5;511;242.8;P0;
2023-09-03T07:06:03;-6.838876667;112.796215;9.5;511;243.3;P0;
2023-09-03T07:06:14;-6.839088333;112.79583;9.4;511;241.4;P0;
2023-09-03T07:06:32;-6.839476667;112.7950917;9.4;511;242.1;P0;
2023-09-03T07:06:43;-6.839681667;112.7947;9.4;511;242.2;P0;
2023-09-03T07:06:52;-6.83987;112.79435;9.5;511;241.9;P0;
2023-09-03T07:07:03;-6.840115;112.7938817;9.4;511;241.5;P0;
2023-09-03T07:07:14;-6.840313333;112.7934883;9.4;511;243.2;P0;
2023-09-03T07:07:23;-6.840518333;112.7931017;9.4;511;241.9;P0;
2023-09-03T07:07:32;-6.840705;112.7927533;9.4;511;240.9;P0;
2023-09-03T07:07:43;-6.840915;112.7923633;9.4;511;243;P0;
2023-09-03T07:07:52;-6.8411;112.7920133;9.3;511;241.1;P0;
2023-09-03T07:08:14;-6.84156;112.7911683;9.4;511;241.3;P0;
2023-09-03T07:08:22;-6.841748333;112.790825;9.5;511;241.5;P0;
2023-09-03T07:08:32;-6.841956667;112.79044;9.5;511;239.7;P0;
2023-09-03T07:08:43;-6.842173333;112.7900517;9.4;511;241.7;P0;
2023-09-03T07:09:03;-6.842633333;112.7892483;9.4;511;242.1;P0;
2023-09-03T07:09:14;-6.842846667;112.788865;9.5;511;241.2;P0;
2023-09-03T07:09:22;-6.843036667;112.788515;9.3;511;242.3;P0;
2023-09-03T07:09:32;-6.843246667;112.788125;9.4;511;241.2;P0;
2023-09-03T07:10:32;-6.84437;112.7857517;9.3;511;246.9;P0;
2023-09-03T07:10:43;-6.844553333;112.78535;9.4;511;244.3;P0;
2023-09-03T07:10:53;-6.844751667;112.784905;9.4;511;244.5;P0;
2023-09-03T07:11:14;-6.845115;112.7841;9.4;511;246;P0;
2023-09-03T07:11:32;-6.84545;112.7833417;9.4;511;247;P0;
2023-09-03T07:11:53;-6.845816667;112.7824967;9.5;511;246.8;P0;
2023-09-03T07:12:22;-6.846341667;112.7813333;9.5;511;245.4;P0;
2023-09-03T07:12:43;-6.84674;112.78049;9.6;511;241.1;P0;
2023-09-03T07:12:53;-6.846945;112.7801;9.5;511;242;P0;
2023-09-03T07:13:03;-6.847155;112.7797117;9.4;511;244.1;P0;
2023-09-03T07:13:13;-6.847366667;112.7793267;9.4;511;241.5;P0;
2023-09-03T07:13:32;-6.84777;112.7785867;9.4;511;238;P0;
2023-09-03T07:13:43;-6.848;112.7781683;9.4;511;244.8;P0;
2023-09-03T07:13:53;-6.848208333;112.7777833;9.3;511;241.6;P0;
2023-09-03T07:14:32;-6.849028333;112.7762733;9.4;511;241.6;P0;
2023-09-03T07:14:53;-6.84947;112.7754717;9.3;511;241.9;P0;
2023-09-03T07:15:13;-6.8499;112.7747033;9.3;511;239.4;P0;
2023-09-03T07:15:53;-6.850786667;112.77319;9.3;511;240.8;P0;
2023-09-03T07:16:23;-6.85143;112.7720317;9.3;511;240.4;P0;
2023-09-03T07:16:43;-6.851846667;112.7712567;9.4;511;240.2;P0;
2023-09-03T07:17:03;-6.852271667;112.7704867;9.4;511;241.7;P0;
2023-09-03T07:17:34;-6.852883333;112.7693133;9.4;511;241.7;P0;
2023-09-03T07:18:43;-6.854378333;112.7667117;9.3;511;237.6;P0;
2023-09-03T07:19:23;-6.855385;112.7652233;9.3;511;232.8;P0;
2023-09-03T07:19:34;-6.855646667;112.764875;9.3;511;233.5;P0;
2023-09-03T07:20:23;-6.856948333;112.7631117;9.3;511;231.4;P0;
2023-09-03T07:20:34;-6.857231667;112.7627833;9.2;511;227.6;P0;
2023-09-03T07:20:43;-6.857501667;112.7625033;9.2;511;225.1;P0;
2023-09-03T07:20:53;-6.857846667;112.7621767;9.2;511;221.4;P0;
2023-09-03T07:21:03;-6.85818;112.7619133;9.2;511;216.1;P0;
2023-09-03T07:21:13;-6.858491667;112.76169;9.1;511;216.5;P0;
2023-09-03T07:21:23;-6.858873333;112.7614;9.2;511;216.4;P0;
2023-09-03T07:21:52;-6.85988;112.760655;9.2;511;217.9;P0;
2023-09-03T07:22:23;-6.860966667;112.7598917;9.2;511;215;P0;
2023-09-03T07:23:03;-6.862421667;112.758975;9.1;511;214;P0;
2023-09-03T07:23:43;-6.863715;112.75794;9.1;511;220.1;P0;
2023-09-03T07:25:33;-6.867196667;112.754705;9;511;223.7;P0;
2023-09-03T07:26:13;-6.868363333;112.7535833;8.5;511;223.9;P0;
2023-09-03T07:27:33;-6.870303333;112.751735;5.9;511;226.1;P0;
2023-09-03T07:27:42;-6.870473333;112.751565;5.6;511;226.5;P0;
2023-09-03T07:28:12;-6.87099;112.751025;5;511;225.6;P0;
2023-09-03T07:28:23;-6.871161667;112.7508367;4.8;511;226;P1;
2023-09-03T07:28:32;-6.871295;112.7506867;4.7;511;231.3;P1;
2023-09-03T07:29:32;-6.872101667;112.749845;3.7;511;226.4;P1;
2023-09-03T07:29:53;-6.872343333;112.74958;3.6;511;230.6;P1;
2023-09-03T07:30:12;-6.872553333;112.7493583;3.4;511;227.2;P1;
2023-09-03T07:30:33;-6.872778333;112.7491567;3.2;511;222.8;P1;
2023-09-03T07:30:42;-6.872888333;112.7490683;3;511;218.4;P1;
2023-09-03T07:30:53;-6.873006667;112.7489733;3;511;215.8;P1;
2023-09-03T07:31:42;-6.873505;112.7485517;2.6;511;225.1;P1;
2023-09-03T07:31:53;-6.873608333;112.7484567;2.6;511;225.3;P1;
2023-09-03T07:32:12;-6.873776667;112.7482983;2.5;511;225.8;P1;
2023-09-03T07:32:53;-6.874096667;112.7479717;2.3;511;227.5;P1;
2023-09-03T07:33:23;-6.874316667;112.7477333;2.2;511;226;P1;
2023-09-03T07:33:42;-6.87445;112.7475917;2.1;511;228.1;P1;
2023-09-03T07:33:53;-6.874525;112.7475083;2.1;511;228.2;P1;
2023-09-03T07:34:12;-6.87465;112.747375;2;511;228.6;P1;
2023-09-03T07:35:24;-6.875095;112.7469233;1.8;511;220.8;P1;
2023-09-03T07:35:34;-6.875156667;112.746865;1.7;511;224.3;P1;
2023-09-03T07:35:42;-6.87521;112.746815;1.8;511;225.9;P1;
2023-09-03T07:35:53;-6.875273333;112.7467567;1.7;511;224.6;P1;
2023-09-03T07:36:02;-6.875323333;112.7467067;1.7;511;224.8;P1;
2023-09-03T07:36:12;-6.875378333;112.7466533;1.7;511;228.1;P1;
2023-09-03T07:37:12;-6.875705;112.74636;1.4;511;221.5;P1;
2023-09-03T07:37:34;-6.87581;112.746265;1.5;511;223.4;P1;
2023-09-03T07:37:42;-6.875851667;112.74623;1.4;511;218.2;P1;
2023-09-03T07:37:53;-6.875901667;112.746185;1.2;511;213.5;P1;
2023-09-03T07:38:02;-6.875941667;112.7461467;1.4;511;229.8;P1;
2023-09-03T07:38:12;-6.875988333;112.7461067;1.2;511;215.2;P1;
2023-09-03T07:38:42;-6.876126667;112.7459867;1.2;511;221.3;P1;
2023-09-03T07:38:53;-6.876176667;112.745945;1.2;511;220.5;P1;
2023-09-03T07:39:02;-6.876216667;112.7459117;1.1;511;218.1;P1;
2023-09-03T07:41:03;-6.876688333;112.7455067;1;511;360;P1;
2023-09-03T07:41:12;-6.876718333;112.7454767;0.9;511;360;P1;
2023-09-03T07:41:43;-6.876826667;112.745375;0.9;511;360;P1;
2023-09-03T07:42:22;-6.876943333;112.7452567;0.9;511;360;P1;
2023-09-03T07:43:22;-6.877105;112.7450767;0.9;511;360;P1;
2023-09-03T07:45:22;-6.877406667;112.7446067;2.1;511;249.3;P1;
2023-09-03T07:46:33;-6.877931667;112.743875;2.6;511;224;P1;
2023-09-03T07:53:52;-6.880993333;112.74199;1.2;511;202.8;P1;
2023-09-03T07:54:14;-6.881098333;112.7419317;1.2;511;213.4;P1;
2023-09-03T07:59:34;-6.883121667;112.7400433;2.8;511;212.9;P1;
2023-09-03T08:00:42;-6.883856667;112.7396183;2.5;511;211.8;P1;
2023-09-03T08:02:24;-6.884846667;112.73916;2.1;511;203.8;P1;
2023-09-03T08:04:23;-6.88587;112.7387217;1.7;511;196.5;P1;
2023-09-03T08:05:13;-6.88625;112.7385683;1.7;511;202;P1;
2023-09-03T08:05:52;-6.886548333;112.7384483;1.7;511;203.1;P1;
2023-09-03T08:08:53;-6.888381667;112.7377883;4.4;511;196.2;P1;
2023-09-03T08:09:12;-6.88878;112.7376583;4.8;511;199.1;P1;
2023-09-03T08:09:23;-6.889001667;112.73758;5;511;198.9;P1;
2023-09-03T08:09:32;-6.889231667;112.7375033;5.2;511;197.7;P1;
2023-09-03T08:09:53;-6.889736667;112.7373367;5.6;511;197.1;P1;
2023-09-03T08:10:12;-6.890223333;112.73717;5.9;511;199.2;P1;
2023-09-03T08:10:32;-6.890756667;112.7369717;6.3;511;202.1;P1;
2023-09-03T08:10:53;-6.891358333;112.73675;6.8;511;198.6;P1;
2023-09-03T08:11:04;-6.89166;112.7366383;7;511;201.8;P1;
2023-09-03T08:11:53;-6.893298333;112.7359983;7.9;511;200.6;P1;
2023-09-03T08:12:02;-6.893585;112.735885;8.1;511;201.5;P1;
2023-09-03T08:12:22;-6.894303333;112.7355933;8.4;511;200.5;P1;
2023-09-03T08:12:32;-6.89471;112.73544;8.5;511;200.9;P1;
2023-09-03T08:12:53;-6.895493333;112.7351317;8.8;511;200.4;P1;
2023-09-03T08:13:02;-6.895798333;112.7350217;8.9;511;199.5;P1;
2023-09-03T08:13:12;-6.896226667;112.73486;8.9;511;201.9;P1;
2023-09-03T08:13:22;-6.896578333;112.7347133;8.9;511;201.9;P1;
2023-09-03T08:13:32;-6.89701;112.73453;9;511;203.2;P1;
2023-09-03T08:13:52;-6.897796667;112.7341917;9.1;511;202.7;P1;
2023-09-03T08:15:43;-6.902241667;112.7323017;9.5;511;202.2;P1;
2023-09-03T08:16:13;-6.903485;112.7317967;9.6;511;202.4;P1;
2023-09-03T08:16:32;-6.904313333;112.7314667;9.6;511;201.7;P1;
2023-09-03T08:16:43;-6.904731667;112.7312983;9.7;511;202.3;P1;
2023-09-03T08:19:52;-6.912746667;112.7281317;9.8;511;201.9;P1;
2023-09-03T08:20:03;-6.91321;112.72794;9.9;511;203;P1;
2023-09-03T08:20:43;-6.914918333;112.7272367;10;511;204.5;P1;
2023-09-03T08:21:03;-6.915751667;112.7268583;9.9;511;205.3;P1;
2023-09-03T08:21:23;-6.916581667;112.7264667;9.9;511;205.6;P1;
2023-09-03T08:21:32;-6.916956667;112.7262867;9.8;511;205.1;P1;
2023-09-03T08:21:52;-6.917793333;112.7258783;9.8;511;206.5;P1;
2023-09-03T08:22:03;-6.918248333;112.7256517;9.8;511;206.1;P1;
2023-09-03T08:22:12;-6.918621667;112.7254683;9.8;511;206.2;P1;
2023-09-03T08:22:23;-6.91907;112.725245;9.7;511;205.9;P1;
2023-09-03T08:22:32;-6.919395;112.725085;9.7;511;206.4;P1;
2023-09-03T08:22:43;-6.919881667;112.72485;9.6;511;205.7;P1;
2023-09-03T08:22:52;-6.920245;112.7246783;9.5;511;205.7;P1;
2023-09-03T08:23:03;-6.920691667;112.7244767;9.3;511;203.3;P1;
2023-09-03T08:23:23;-6.92148;112.72413;9;511;204.3;P1;
2023-09-03T08:23:32;-6.921788333;112.7239917;8.9;511;204.5;P1;
2023-09-03T08:23:42;-6.922203333;112.7238033;8.9;511;203.7;P1;
2023-09-03T08:23:52;-6.922578333;112.72364;8.8;511;203.3;P1;
2023-09-03T08:24:04;-6.92299;112.7234717;8.5;511;202.1;P1;
2023-09-03T08:24:22;-6.923661667;112.7232017;7.9;511;201.4;P1;
2023-09-03T08:24:32;-6.923963333;112.7230833;7.6;511;199.9;P1;
2023-09-03T08:24:42;-6.924325;112.7229433;7.3;511;200.9;P1;
2023-09-03T08:24:52;-6.924638333;112.7228217;7.2;511;201.9;P1;
2023-09-03T08:25:04;-6.924975;112.7226867;7;511;201.2;P1;
2023-09-03T08:25:22;-6.925526667;112.7224617;6.6;511;201.9;P1;
2023-09-03T08:25:32;-6.92578;112.72236;6.4;511;202;P1;
2023-09-03T08:25:42;-6.926081667;112.7222367;6.3;511;201.8;P1;
2023-09-03T08:25:52;-6.926348333;112.7221283;6.2;511;202.5;P1;
2023-09-03T08:26:03;-6.926608333;112.7220233;6;511;202;P1;
2023-09-03T08:26:13;-6.92689;112.721905;5.8;511;202.4;P1;
2023-09-03T08:26:22;-6.927116667;112.7218117;5.7;511;202.9;P1;
2023-09-03T08:26:32;-6.927341667;112.7217183;5.6;511;202.6;P1;
2023-09-03T08:26:42;-6.92761;112.7216033;5.5;511;203.8;P1;
2023-09-03T08:26:52;-6.927843333;112.7215017;5.3;511;203.8;P1;
2023-09-03T08:27:03;-6.928063333;112.7214017;5.3;511;204.2;P1;
2023-09-03T08:27:13;-6.928306667;112.7212933;5.2;511;203.8;P1;
2023-09-03T08:27:22;-6.928503333;112.72121;5.1;511;202.7;P1;
2023-09-03T08:27:32;-6.928703333;112.7211333;5;511;200.6;P1;
2023-09-03T08:27:43;-6.928941667;112.7210483;4.8;511;199.2;P1;
2023-09-03T08:27:52;-6.929156667;112.720975;4.7;511;197.9;P1;
2023-09-03T08:28:03;-6.929366667;112.720905;4.6;511;198.4;P1;
2023-09-03T08:28:13;-6.929595;112.7208283;4.5;511;198.6;P1;
2023-09-03T08:28:22;-6.929775;112.7207667;4.5;511;198.1;P1;
2023-09-03T08:28:32;-6.929955;112.720705;4.5;511;199.5;P1;
2023-09-03T08:28:43;-6.93017;112.7206333;4.4;511;198.8;P1;
2023-09-03T08:28:52;-6.930368333;112.720565;4.6;511;198.6;P1;
2023-09-03T08:29:03;-6.930576667;112.7204967;4.9;511;198.2;P1;
2023-09-03T08:29:13;-6.930821667;112.7204167;5.1;511;197.1;P1;
2023-09-03T08:29:22;-6.931035;112.72035;5.4;511;197.5;P1;
2023-09-03T08:29:32;-6.931256667;112.72028;5.6;511;197.7;P1;
2023-09-03T08:29:43;-6.931538333;112.7201867;5.8;511;198.6;P1;
2023-09-03T08:29:52;-6.931808333;112.7201017;6.1;511;197.7;P1;
2023-09-03T08:30:13;-6.932368333;112.7199267;6.4;511;197.6;P1;
2023-09-03T08:30:22;-6.932658333;112.7198383;6.5;511;196.7;P1;
2023-09-03T08:30:32;-6.932955;112.7197467;6.8;511;197.2;P1;
2023-09-03T08:30:43;-6.93326;112.719655;6.9;511;197.4;P1;
2023-09-03T08:30:53;-6.933603333;112.7195467;7.1;511;197.2;P1;
2023-09-03T08:31:03;-6.933895;112.7194583;7.3;511;197;P1;
2023-09-03T08:31:13;-6.93423;112.719355;7.6;511;197.5;P1;
2023-09-03T08:31:23;-6.934613333;112.719235;7.9;511;197.4;P1;
2023-09-03T08:31:32;-6.93494;112.7191333;8.1;511;197.1;P1;
2023-09-03T08:31:43;-6.935313333;112.71902;8.4;511;196.9;P1;
2023-09-03T08:31:53;-6.935728333;112.718895;8.6;511;196.5;P1;
2023-09-03T08:32:13;-6.936476667;112.7186733;9;511;196.6;P1;
2023-09-03T08:32:23;-6.936926667;112.7185383;9.2;511;196.5;P1;
2023-09-03T08:32:32;-6.937298333;112.7184317;9.3;511;195.5;P1;
2023-09-03T08:32:43;-6.93772;112.7183167;9.5;511;195.2;P1;
2023-09-03T08:32:53;-6.938196667;112.7181817;9.6;511;196.1;P1;
2023-09-03T08:33:02;-6.938591667;112.7180667;9.7;511;196.3;P1;
2023-09-03T08:33:13;-6.939033333;112.717935;9.8;511;196.7;P1;
2023-09-03T08:33:23;-6.939516667;112.7177933;9.9;511;196.6;P1;
2023-09-03T08:33:32;-6.939916667;112.7176767;9.9;511;196.2;P1;
2023-09-03T08:33:43;-6.94036;112.7175433;10;511;197.4;P1;
2023-09-03T08:33:53;-6.940848333;112.7173783;10;511;198.9;P1;
2023-09-03T08:34:13;-6.941695;112.717085;10.1;511;198.7;P1;
2023-09-03T08:34:23;-6.942186667;112.7169167;10.2;511;199.1;P1;
2023-09-03T08:34:32;-6.942593333;112.7167767;10.2;511;198.9;P1;
2023-09-03T08:34:43;-6.943046667;112.7166217;10.2;511;198.4;P1;
2023-09-03T08:34:53;-6.943546667;112.7164583;10.2;511;198.4;P1;
2023-09-03T08:35:02;-6.943955;112.71632;10.3;511;198.6;P1;
2023-09-03T08:35:13;-6.944406667;112.716165;10.3;511;198.9;P1;
2023-09-03T08:35:23;-6.944903333;112.716;10.3;511;198.9;P1;
2023-09-03T08:35:32;-6.945311667;112.7158617;10.3;511;198.8;P1;
2023-09-03T08:35:43;-6.945813333;112.715695;10.3;511;198.4;P1;
2023-09-03T08:35:53;-6.946268333;112.7155433;10.3;511;199.2;P1;
2023-09-03T08:36:02;-6.946681667;112.7154;10.4;511;198.8;P1;
2023-09-03T08:36:13;-6.94714;112.7152467;10.4;511;198.7;P1;
2023-09-03T08:36:23;-6.947648333;112.71507;10.4;511;198.8;P1;
2023-09-03T08:36:32;-6.948061667;112.7149283;10.4;511;198.5;P1;
2023-09-03T08:36:43;-6.948566667;112.7147567;10.4;511;198.7;P1;
2023-09-03T08:36:53;-6.949028333;112.7145983;10.4;511;199.2;P1;
2023-09-03T08:37:02;-6.949396667;112.7144683;10.4;511;199.4;P1;
2023-09-03T08:37:23;-6.950363333;112.7141367;10.4;511;199.1;P1;
2023-09-03T08:37:43;-6.95132;112.7137967;10.4;511;199.5;P1;
2023-09-03T08:37:52;-6.951686667;112.713665;10.4;511;199.4;P1;
2023-09-03T08:38:02;-6.95215;112.7135033;10.4;511;199.3;P1;
2023-09-03T08:38:13;-6.952698333;112.713305;10.4;511;199.5;P1;
2023-09-03T08:38:23;-6.953105;112.7131583;10.4;511;199.5;P1;
2023-09-03T08:38:32;-6.953556667;112.712995;10.4;511;199.5;P1;
2023-09-03T08:38:43;-6.954056667;112.712815;10.4;511;199.9;P1;
2023-09-03T08:38:52;-6.95442;112.7126833;10.4;511;199.8;P1;
2023-09-03T08:39:02;-6.954876667;112.7125217;10.4;511;198.9;P1;
2023-09-03T08:39:13;-6.955426667;112.7123233;10.4;511;200.6;P1;
2023-09-03T08:39:23;-6.955833333;112.7121667;10.4;511;201.4;P1;
2023-09-03T08:39:32;-6.956283333;112.7119867;10.3;511;201.9;P1;
2023-09-03T08:39:43;-6.95678;112.7117867;10.3;511;201.9;P1;
2023-09-03T08:39:52;-6.957138333;112.71164;10.3;511;202.6;P1;
2023-09-03T08:40:02;-6.957586667;112.711455;10.3;511;202.8;P1;
2023-09-03T08:40:13;-6.958121667;112.7112283;10.4;511;202.8;P1;
2023-09-03T08:40:23;-6.958521667;112.71106;10.4;511;203;P1;
2023-09-03T08:40:32;-6.958966667;112.71087;10.4;511;203.4;P1;
2023-09-03T08:40:43;-6.959455;112.7106617;10.4;511;203.2;P1;
2023-09-03T08:40:52;-6.959806667;112.710505;10.4;511;204;P1;
2023-09-03T08:41:03;-6.960338333;112.710265;10.4;511;204.3;P1;
2023-09-03T08:41:13;-6.960783333;112.710065;10.4;511;203.7;P1;
2023-09-03T08:41:23;-6.961186667;112.7098883;10.4;511;203.3;P1;
2023-09-03T08:41:32;-6.961638333;112.7096983;10.4;511;202.5;P1;
2023-09-03T08:41:43;-6.96213;112.7094883;10.4;511;203;P1;
2023-09-03T08:41:52;-6.962486667;112.7093367;10.5;511;203;P1;
2023-09-03T08:42:13;-6.963475;112.7089267;10.5;511;202.4;P1;
2023-09-03T08:42:23;-6.963883333;112.7087567;10.5;511;203;P1;
2023-09-03T08:42:32;-6.964336667;112.7085617;10.5;511;203.1;P1;
2023-09-03T08:42:43;-6.964831667;112.7083517;10.5;511;202.9;P1;
2023-09-03T08:42:52;-6.965193333;112.7081983;10.5;511;202.8;P1;
2023-09-03T08:43:13;-6.96619;112.707775;10.6;511;202.9;P1;
2023-09-03T08:43:23;-6.966646667;112.7075817;10.6;511;202.9;P1;
2023-09-03T08:43:32;-6.967058333;112.7074067;10.6;511;203;P1;
2023-09-03T08:43:43;-6.967563333;112.70719;10.6;511;202.9;P1;
2023-09-03T08:44:03;-6.968483333;112.7068;10.6;511;202.8;P1;
2023-09-03T08:44:13;-6.968946667;112.7066033;10.7;511;202.8;P1;
2023-09-03T08:44:23;-6.969408333;112.7064083;10.7;511;202.8;P1;
2023-09-03T08:44:32;-6.969825;112.70624;10.7;511;201.9;P1;
2023-09-03T08:44:43;-6.970325;112.706025;10.7;511;204.5;P1;
2023-09-03T08:44:53;-6.970771667;112.7058133;10.6;511;204.5;P1;
2023-09-03T08:45:12;-6.971573333;112.7054133;10.6;511;209.3;P1;
2023-09-03T08:45:23;-6.972095;112.705115;10.6;511;210.1;P1;
2023-09-03T08:45:32;-6.97248;112.704885;10.6;511;211;P1;
2023-09-03T08:45:43;-6.97295;112.7045983;10.7;511;211.3;P1;
2023-09-03T08:47:12;-6.976641667;112.7022117;10.7;511;216.4;P1;
2023-09-03T08:47:23;-6.97712;112.7018517;10.7;511;217;P1;
2023-09-03T08:47:32;-6.97748;112.7015783;10.8;511;217.1;P1;
2023-09-03T08:48:02;-6.97868;112.7006683;10.9;511;217;P1;
2023-09-03T08:48:12;-6.979041667;112.70039;10.9;511;217.6;P1;
2023-09-03T08:48:23;-6.979528333;112.7000183;10.9;511;217.2;P1;
2023-09-03T08:48:33;-6.979936667;112.6997067;10.9;511;217.4;P1;
2023-09-03T08:48:53;-6.980751667;112.6990783;10.9;511;217.8;P1;
2023-09-03T08:49:02;-6.98112;112.6987933;10.9;511;217.3;P1;
2023-09-03T08:49:12;-6.981488333;112.698515;10.9;511;217.2;P1;
2023-09-03T08:49:23;-6.981971667;112.6981433;10.9;511;218.3;P1;
2023-09-03T08:49:33;-6.982375;112.6978383;10.9;511;216.8;P1;
2023-09-03T08:49:42;-6.982746667;112.69757;10.9;511;215;P1;
2023-09-03T08:49:53;-6.983208333;112.6972467;10.9;511;214.5;P1;
2023-09-03T08:50:02;-6.983595;112.69699;10.9;511;213.3;P1;
2023-09-03T08:50:12;-6.983983333;112.696725;11;511;213.9;P1;
2023-09-03T08:50:23;-6.984458333;112.6964067;11;511;213.7;P1;
2023-09-03T08:50:33;-6.98493;112.6960933;11;511;213.1;P1;
2023-09-03T08:50:53;-6.98578;112.6955317;11;511;212.9;P1;
2023-09-03T08:51:02;-6.986163333;112.6952783;11;511;213.5;P1;
2023-09-03T08:51:12;-6.98655;112.695025;11;511;213.3;P1;
2023-09-03T08:51:23;-6.987023333;112.6947167;11;511;213.3;P1;
2023-09-03T08:51:33;-6.987495;112.6943967;11.1;511;214.4;P1;
2023-09-03T08:51:53;-6.988366667;112.6938233;11;511;212.2;P1;
2023-09-03T08:52:12;-6.989168333;112.6933433;11.1;511;210.6;P1;
2023-09-03T08:52:23;-6.989656667;112.69307;11.1;511;209.1;P1;
2023-09-03T08:52:33;-6.990145;112.692795;11.1;511;209.4;P1;
2023-09-03T08:52:43;-6.990548333;112.6925717;11.1;511;209;P1;
2023-09-03T08:52:53;-6.991048333;112.69229;11.1;511;208.9;P1;
2023-09-03T08:53:02;-6.991463333;112.6920617;11.1;511;208.4;P1;
2023-09-03T08:53:13;-6.991923333;112.6918133;11.1;511;208.2;P1;
2023-09-03T08:53:23;-6.992383333;112.6915633;11.1;511;208.8;P1;
2023-09-03T08:53:34;-6.992888333;112.6912883;11.1;511;208;P1;
2023-09-03T08:53:43;-6.993296667;112.6910683;11.1;511;208.1;P1;
2023-09-03T08:54:33;-6.99563;112.689835;11.2;511;207.8;P1;
2023-09-03T08:54:43;-6.99605;112.689615;11.2;511;207.7;P1;
2023-09-03T08:55:02;-6.996991667;112.6891183;11.2;511;207.4;P1;
2023-09-03T08:55:13;-6.997468333;112.6888667;11.2;511;207.6;P1;
2023-09-03T08:55:43;-6.998865;112.6881433;11.3;511;207.4;P1;
2023-09-03T08:55:53;-6.999371667;112.6878867;11.3;511;207.2;P1;
2023-09-03T08:56:02;-6.999788333;112.6876733;11.3;511;207.4;P1;
2023-09-03T08:56:22;-7.000728333;112.6871883;11.3;511;207.4;P1;
2023-09-03T08:56:34;-7.00125;112.686915;11.3;511;207.7;P1;
2023-09-03T08:56:43;-7.001675;112.6866883;11.4;511;208.2;P1;
2023-09-03T08:56:52;-7.002151667;112.686435;11.3;511;208;P1;
2023-09-03T08:57:02;-7.002628333;112.6861833;11.3;511;207.8;P1;
2023-09-03T08:57:13;-7.003103333;112.6859317;11.3;511;207.6;P1;
2023-09-03T08:57:22;-7.003571667;112.6856833;11.3;511;207.9;P1;
2023-09-03T08:57:33;-7.00408;112.6854133;11.3;511;208;P1;
2023-09-03T08:57:42;-7.004496667;112.6851867;11.3;511;208.4;P1;
2023-09-03T08:57:52;-7.004953333;112.684935;11.3;511;208.4;P1;
2023-09-03T08:58:02;-7.00541;112.6846883;11.3;511;208.4;P1;
2023-09-03T08:58:13;-7.005878333;112.6844367;11.3;511;208.2;P1;
2023-09-03T08:58:22;-7.006348333;112.6841883;11.3;511;207.7;P1;
2023-09-03T08:58:33;-7.006868333;112.6839133;11.3;511;207.7;P1;
2023-09-03T08:58:42;-7.007291667;112.68369;11.3;511;208;P1;
2023-09-03T08:58:52;-7.007761667;112.68345;11.3;511;206.9;P1;
2023-09-03T08:59:13;-7.008705;112.682965;11.3;511;207.8;P1;
2023-09-03T08:59:22;-7.009168333;112.682725;11.3;511;208.3;P1;
2023-09-03T08:59:33;-7.009678333;112.6824583;11.3;511;207.9;P1;
2023-09-03T08:59:42;-7.0101;112.6822383;11.3;511;207.5;P1;
2023-09-03T08:59:52;-7.010565;112.68199;11.3;511;207.4;P1;
2023-09-03T09:00:02;-7.011028333;112.6817433;11.3;511;207.4;P1;
2023-09-03T09:00:13;-7.011496667;112.6814983;11.3;511;208.1;P1;
2023-09-03T09:00:22;-7.011968333;112.68125;11.3;511;207.2;P1;
2023-09-03T09:00:33;-7.012486667;112.6809767;11.3;511;207.8;P1;
2023-09-03T09:00:42;-7.012903333;112.68076;11.3;511;207.3;P1;
2023-09-03T09:00:52;-7.013376667;112.6805133;11.3;511;207.8;P1;
2023-09-03T09:01:02;-7.013858333;112.6802583;11.3;511;207.7;P1;
2023-09-03T09:01:13;-7.014333333;112.6800017;11.4;511;207.6;P1;
2023-09-03T09:01:23;-7.014848333;112.6797317;11.4;511;207.8;P1;
2023-09-03T09:01:33;-7.01532;112.6794833;11.4;511;207.5;P1;
2023-09-03T09:01:52;-7.016221667;112.6790233;11.5;511;207.5;P1;
2023-09-03T09:02:02;-7.016686667;112.6787867;11.5;511;207.6;P1;
2023-09-03T09:02:13;-7.01716;112.67854;11.5;511;207.3;P1;
2023-09-03T09:02:23;-7.017691667;112.67826;11.5;511;207.4;P1;
2023-09-03T09:02:33;-7.018168333;112.678015;11.5;511;207.3;P1;
2023-09-03T09:02:42;-7.018596667;112.6777933;11.5;511;207.6;P1;
2023-09-03T09:03:02;-7.019566667;112.677285;11.5;511;207.6;P1;
2023-09-03T09:03:13;-7.020045;112.6770317;11.5;511;207.1;P1;
2023-09-03T09:03:23;-7.020571667;112.6767667;11.5;511;206.3;P1;
2023-09-03T09:03:33;-7.021046667;112.6765367;11.5;511;206.1;P1;
2023-09-03T09:03:42;-7.021478333;112.6763267;11.6;511;206.1;P1;
2023-09-03T09:03:53;-7.022003333;112.67606;11.6;511;206.5;P1;
2023-09-03T09:04:13;-7.022928333;112.6756217;11.6;511;204.1;P1;
2023-09-03T09:04:23;-7.023478333;112.6753783;11.6;511;203.3;P1;
2023-09-03T09:04:33;-7.02398;112.6751617;11.6;511;203.3;P1;
2023-09-03T09:04:43;-7.02443;112.674965;11.6;511;203;P1;
2023-09-03T09:04:53;-7.024968333;112.6747283;11.6;511;203;P1;
2023-09-03T09:05:02;-7.025415;112.6745383;11.6;511;202.6;P1;
2023-09-03T09:05:13;-7.02592;112.6743283;11.6;511;202.3;P1;
2023-09-03T09:05:23;-7.026478333;112.6740983;11.7;511;202.5;P1;
2023-09-03T09:05:33;-7.02699;112.6738883;11.7;511;202.3;P1;
2023-09-03T09:05:43;-7.027443333;112.6737033;11.7;511;202.1;P1;
2023-09-03T09:05:53;-7.027996667;112.67348;11.7;511;202.1;P1;
2023-09-03T09:06:02;-7.028446667;112.6732983;11.7;511;201.9;P1;
2023-09-03T09:06:12;-7.028951667;112.6730967;11.7;511;201.8;P1;
2023-09-03T09:06:23;-7.029511667;112.6728717;11.7;511;201.7;P1;
2023-09-03T09:06:33;-7.03002;112.67267;11.7;511;201.7;P1;
2023-09-03T09:06:43;-7.030481667;112.67248;11.7;511;201.8;P1;
2023-09-03T09:06:53;-7.031045;112.6722517;11.7;511;201.7;P1;
2023-09-03T09:07:22;-7.032465;112.671695;11.7;511;201.1;P1;
2023-09-03T09:07:32;-7.033021667;112.671485;11.7;511;200.4;P1;
2023-09-03T09:07:43;-7.033533333;112.6712933;11.7;511;200;P1;
2023-09-03T09:08:13;-7.035058333;112.6707233;11.7;511;199.9;P1;
2023-09-03T09:08:22;-7.035518333;112.670575;11.6;511;197.5;P1;
2023-09-03T09:08:32;-7.036081667;112.6703983;11.6;511;197.5;P1;
2023-09-03T09:08:43;-7.0366;112.6702367;11.6;511;197.4;P1;
2023-09-03T09:08:53;-7.037173333;112.670055;11.6;511;197.5;P1;
2023-09-03T09:09:03;-7.037698333;112.6698883;11.6;511;197.4;P1;
2023-09-03T09:09:13;-7.038173333;112.66974;11.6;511;197;P1;
2023-09-03T09:09:22;-7.038643333;112.6695917;11.6;511;197.2;P1;
2023-09-03T09:09:32;-7.039215;112.6694117;11.7;511;197.1;P1;
2023-09-03T09:09:43;-7.039735;112.6692417;11.7;511;197.6;P1;
2023-09-03T09:09:53;-7.040301667;112.66907;11.7;511;196.1;P1;
2023-09-03T09:10:22;-7.041781667;112.6686533;11.7;511;195.9;P1;
2023-09-03T09:10:32;-7.042366667;112.6684917;11.7;511;195.6;P1;
2023-09-03T09:10:43;-7.042891667;112.668345;11.7;511;195.7;P1;
2023-09-03T09:10:52;-7.043361667;112.668215;11.7;511;195.9;P1;
2023-09-03T09:11:22;-7.04494;112.66777;11.8;511;196.1;P1;
2023-09-03T09:11:32;-7.045531667;112.6675917;11.8;511;196.4;P1;
2023-09-03T09:12:22;-7.048121667;112.6668517;11.8;511;195.7;P1;
2023-09-03T09:12:32;-7.0487;112.66669;11.8;511;195.7;P1;
2023-09-03T09:12:52;-7.049715;112.6664083;11.8;511;195.5;P1;
2023-09-03T09:13:12;-7.050836667;112.666095;11.8;511;195.9;P1;
2023-09-03T09:14:12;-7.05403;112.6652083;11.9;511;196;P1;
2023-09-03T09:14:22;-7.054511667;112.6650783;11.9;511;194.8;P1;
2023-09-03T09:14:32;-7.055105;112.66493;11.9;511;193.3;P1;
2023-09-03T09:14:43;-7.055703333;112.6647833;11.9;511;193.6;P1;
2023-09-03T09:14:52;-7.056143333;112.6646883;11.9;511;190.9;P1;
2023-09-03T09:15:02;-7.05674;112.66458;11.9;511;190.5;P1;
2023-09-03T09:15:12;-7.057291667;112.66448;11.9;511;190;P1;
2023-09-03T09:15:22;-7.05779;112.6643883;12;511;190.2;P1;
2023-09-03T09:15:32;-7.058398333;112.66428;12;511;189.7;P1;
2023-09-03T09:15:43;-7.059001667;112.664175;12;511;189.5;P1;
2023-09-03T09:15:52;-7.059445;112.6641;12;511;189.6;P1;
2023-09-03T09:16:02;-7.06005;112.6639933;12;511;190.2;P1;
2023-09-03T09:16:12;-7.060603333;112.6638983;12;511;189.7;P1;
2023-09-03T09:16:32;-7.061713333;112.6637217;12.1;511;189.1;P1;
2023-09-03T09:16:43;-7.062328333;112.66362;12.1;511;189.1;P1;
2023-09-03T09:16:52;-7.062828333;112.6635417;12.1;511;188.9;P1;
2023-09-03T09:17:02;-7.063381667;112.6634567;12.1;511;188.9;P1;
2023-09-03T09:17:12;-7.063938333;112.6633733;12.2;511;188;P1;
2023-09-03T09:17:22;-7.064443333;112.663305;12.2;511;187.8;P1;
2023-09-03T09:17:32;-7.065065;112.66322;12.2;511;187.8;P1;
2023-09-03T09:18:22;-7.067826667;112.66284;12.2;511;187.7;P1;
2023-09-03T09:18:43;-7.06906;112.66268;12.2;511;187.3;P1;
2023-09-03T09:18:52;-7.069566667;112.6626183;12.2;511;187.5;P1;
2023-09-03T09:19:03;-7.070188333;112.6625417;12.2;511;186.9;P1;
2023-09-03T09:19:12;-7.070696667;112.66248;12.2;511;187.4;P1;
2023-09-03T09:19:22;-7.071206667;112.6624183;12.2;511;187.2;P1;
2023-09-03T09:19:32;-7.071835;112.66234;12.2;511;187;P1;
2023-09-03T09:19:43;-7.072461667;112.6622583;12.2;511;186.9;P1;
2023-09-03T09:19:52;-7.072971667;112.662195;12.2;511;187;P1;
2023-09-03T09:20:03;-7.073593333;112.6621183;12.3;511;187;P1;
2023-09-03T09:20:22;-7.074606667;112.6619933;12.2;511;186.2;P1;
2023-09-03T09:20:32;-7.075226667;112.66192;12.3;511;186.3;P1;
2023-09-03T09:20:43;-7.075788333;112.6618583;12.2;511;185.9;P1;
2023-09-03T09:20:53;-7.076405;112.661795;12.2;511;186.1;P1;
2023-09-03T09:21:03;-7.076971667;112.6617367;12.3;511;185.8;P1;
2023-09-03T09:21:12;-7.07748;112.6616833;12.3;511;186.2;P1;
2023-09-03T09:21:22;-7.078048333;112.661625;12.2;511;185.6;P1;
2023-09-03T09:21:32;-7.078621667;112.6615667;12.2;511;185.6;P1;
2023-09-03T09:21:43;-7.079198333;112.6615083;12.2;511;185.5;P1;
2023-09-03T09:21:53;-7.079835;112.66144;12.2;511;185.5;P1;
2023-09-03T09:22:03;-7.080408333;112.66138;12.2;511;185.7;P1;
2023-09-03T09:22:12;-7.080916667;112.6613283;12.2;511;185.6;P1;
2023-09-03T09:22:22;-7.081483333;112.6612733;12.2;511;185.6;P1;
2023-09-03T09:22:32;-7.082045;112.6612183;12.2;511;185.5;P1;
2023-09-03T09:22:43;-7.08261;112.6611683;12.2;511;185.4;P1;
2023-09-03T09:22:53;-7.083236667;112.66111;12.2;511;185.8;P1;
2023-09-03T09:23:03;-7.083805;112.6610533;12.3;511;185.7;P1;
2023-09-03T09:23:12;-7.084318333;112.6610067;12.2;511;185.4;P1;
2023-09-03T09:23:22;-7.084893333;112.660955;12.2;511;185.1;P1;
2023-09-03T09:23:32;-7.085461667;112.6609083;12.2;511;185.1;P1;
2023-09-03T09:23:43;-7.08601;112.66086;12.2;511;185.2;P1;
2023-09-03T09:23:54;-7.086641667;112.6608017;12.2;511;185.3;P1;
2023-09-03T09:24:03;-7.087213333;112.66075;12.3;511;185;P1;
2023-09-03T09:24:12;-7.087726667;112.6607067;12.3;511;185.1;P1;
2023-09-03T09:24:22;-7.088298333;112.660655;12.3;511;185.3;P1;
2023-09-03T09:24:32;-7.088868333;112.6606;12.3;511;185.8;P1;
2023-09-03T09:24:53;-7.090073333;112.66048;12.3;511;185.4;P1;
2023-09-03T09:25:12;-7.091168333;112.660375;12.3;511;185.5;P1;
2023-09-03T09:25:22;-7.091743333;112.6603167;12.3;511;185.6;P1;
2023-09-03T09:25:43;-7.092893333;112.6601983;12.3;511;185.6;P1;
2023-09-03T09:25:53;-7.093525;112.6601417;12.4;511;185;P1;
2023-09-03T09:26:03;-7.094096667;112.660095;12.3;511;185.2;P1;
2023-09-03T09:26:12;-7.094606667;112.6600433;12.4;511;185.8;P1;
2023-09-03T09:26:22;-7.095171667;112.6599867;12.4;511;185.9;P1;
2023-09-03T09:26:32;-7.095746667;112.6599267;12.3;511;185.8;P1;
2023-09-03T09:26:53;-7.09695;112.6598117;12.4;511;185.5;P1;
2023-09-03T09:27:03;-7.097523333;112.6597567;12.4;511;185.4;P1;
2023-09-03T09:27:12;-7.09804;112.65971;12.4;511;185.5;P1;
2023-09-03T09:27:22;-7.098618333;112.6596533;12.4;511;185.6;P1;
2023-09-03T09:27:32;-7.099196667;112.6595967;12.4;511;185.3;P1;
2023-09-03T09:27:44;-7.09983;112.6595367;12.4;511;185.7;P1;
2023-09-03T09:28:03;-7.10098;112.6594183;12.4;511;185.6;P1;
2023-09-03T09:28:12;-7.101501667;112.6593683;12.4;511;185.5;P1;
2023-09-03T09:28:22;-7.102076667;112.6593083;12.4;511;186.6;P1;
2023-09-03T09:28:32;-7.102653333;112.6592417;12.4;511;186.4;P1;
2023-09-03T09:28:44;-7.103288333;112.6591883;12.4;511;183.4;P1;
2023-09-03T09:29:03;-7.104436667;112.6591317;12.4;511;182.8;P1;
2023-09-03T09:29:12;-7.104953333;112.659115;12.4;511;181.7;P1;
2023-09-03T09:29:33;-7.106153333;112.6590767;12.3;511;182.1;P1;
2023-09-03T09:29:44;-7.106735;112.6590633;12.3;511;181.2;P1;
2023-09-03T09:30:03;-7.107896667;112.65905;12.2;511;180.5;P1;
2023-09-03T09:30:12;-7.10841;112.6590467;12.2;511;180.2;P1;
2023-09-03T09:30:44;-7.110143333;112.659035;11.9;511;180.8;P1;
2023-09-03T09:31:02;-7.111196667;112.6590567;11.8;511;177.1;P1;
2023-09-03T09:31:12;-7.111745;112.659085;11.8;511;177.1;P1;
2023-09-03T09:31:23;-7.112288333;112.6591183;11.7;511;176.7;P1;
2023-09-03T09:32:02;-7.114443333;112.6592533;11.3;511;176.5;P1;
2023-09-03T09:32:44;-7.116616667;112.6593583;11.2;511;175.7;P1;
2023-09-03T09:32:54;-7.117136667;112.6594183;11.1;511;170.4;P1;
2023-09-03T09:33:12;-7.118115;112.6595733;11.1;511;170.5;P1;
2023-09-03T09:33:33;-7.119188333;112.6597633;11.1;511;169;P1;
2023-09-03T09:33:43;-7.119696667;112.6598633;11.1;511;168.5;P1;
2023-09-03T09:33:53;-7.120208333;112.659965;11.1;511;168.9;P1;
2023-09-03T09:34:33;-7.122263333;112.6603633;11.2;511;168.7;P1;
2023-09-03T09:34:43;-7.122776667;112.660465;11.2;511;168.7;P1;
2023-09-03T09:34:53;-7.12329;112.6605667;11.2;511;169.1;P1;
2023-09-03T09:35:33;-7.125338333;112.6609567;11.1;511;169.4;P1;
2023-09-03T09:35:43;-7.125835;112.6610567;10.9;511;168.9;P1;
2023-09-03T09:35:53;-7.12632;112.6611583;10.5;511;168.6;P1;
2023-09-03T09:36:33;-7.128101667;112.66152;9;511;168.3;P1;
2023-09-03T09:36:43;-7.128515;112.661605;8.8;511;168.1;P1;
2023-09-03T09:36:53;-7.128913333;112.66169;8.4;511;167.8;P1;
2023-09-03T09:37:02;-7.129265;112.6617633;8.2;511;167.7;P1;
2023-09-03T09:37:13;-7.129641667;112.6618467;7.9;511;167.2;P1;
2023-09-03T09:37:23;-7.130038333;112.6619367;7.7;511;166.6;P1;
2023-09-03T09:37:34;-7.130385;112.6620167;7.5;511;166.7;P1;
2023-09-03T09:37:43;-7.13072;112.6621;7.3;511;166.2;P1;
2023-09-03T09:37:54;-7.131043333;112.6621817;7.1;511;166.1;P1;
2023-09-03T09:38:02;-7.131325;112.6622517;6.9;511;166.4;P1;
2023-09-03T09:38:13;-7.131633333;112.6623283;6.8;511;166.6;P1;
2023-09-03T09:38:23;-7.131961667;112.6624067;6.6;511;166.6;P1;
2023-09-03T09:38:43;-7.132538333;112.6625567;6.3;511;165.4;P1;
2023-09-03T09:38:54;-7.132818333;112.6626333;6.2;511;164.8;P1;
2023-09-03T09:39:02;-7.133066667;112.6627017;6.1;511;165.4;P1;
2023-09-03T09:39:13;-7.133338333;112.6627717;6;511;166;P1;
2023-09-03T09:39:23;-7.133635;112.6628467;5.9;511;166.3;P1;
2023-09-03T09:39:34;-7.133901667;112.6629117;5.8;511;166.3;P1;
2023-09-03T09:39:42;-7.13411;112.6629633;5.6;511;165.8;P1;
2023-09-03T09:39:53;-7.134416667;112.66304;5.5;511;166.2;P1;
2023-09-03T09:40:02;-7.134641667;112.6630933;5.3;511;166.3;P1;
2023-09-03T09:40:23;-7.135148333;112.6632133;5.2;511;166.4;P1;
2023-09-03T09:40:42;-7.135568333;112.6633117;5;511;166.2;P1;
2023-09-03T09:40:52;-7.13582;112.6633717;4.9;511;166.4;P1;
2023-09-03T09:41:02;-7.136043333;112.663425;4.9;511;166.7;P1;
2023-09-03T09:41:13;-7.136265;112.6634783;4.8;511;166;P1;
2023-09-03T09:41:23;-7.136503333;112.663535;4.7;511;166.5;P1;
2023-09-03T09:41:33;-7.136718333;112.6635867;4.6;511;165.9;P1;
2023-09-03T09:41:42;-7.13689;112.663625;4.6;511;166.7;P1;
2023-09-03T09:41:52;-7.137121667;112.6636833;4.6;511;165.9;P1;
2023-09-03T09:42:02;-7.137328333;112.6637333;4.5;511;166;P1;
2023-09-03T09:42:13;-7.137528333;112.6637833;4.4;511;165.7;P1;
2023-09-03T09:42:23;-7.137728333;112.6638333;4.6;511;166.1;P1;
2023-09-03T09:42:42;-7.138151667;112.6639383;5.2;511;166.1;P1;
2023-09-03T09:43:02;-7.138678333;112.6640683;5.8;511;166.5;P1;
2023-09-03T09:43:13;-7.138948333;112.6641283;6;511;167.6;P1;
2023-09-03T09:43:23;-7.13923;112.66419;6.2;511;167.3;P1;
2023-09-03T09:43:32;-7.139518333;112.6642583;6.4;511;166.1;P1;
2023-09-03T09:43:42;-7.139786667;112.6643283;6.6;511;166.2;P1;
2023-09-03T09:43:52;-7.140121667;112.664415;6.8;511;165;P1;
2023-09-03T09:44:02;-7.140431667;112.6644983;7;511;164.9;P1;
2023-09-03T09:44:13;-7.140751667;112.6645883;7.2;511;163.6;P1;
2023-09-03T09:44:23;-7.141078333;112.664685;7.5;511;163.4;P1;
2023-09-03T09:44:32;-7.14142;112.664785;7.7;511;163.3;P1;
2023-09-03T09:44:42;-7.141736667;112.6648817;7.9;511;163.8;P1;
2023-09-03T09:44:52;-7.142138333;112.665;8.1;511;163.2;P1;
2023-09-03T09:45:02;-7.142505;112.665115;8.3;511;162.5;P1;
2023-09-03T09:45:13;-7.14288;112.6652417;8.5;511;159.9;P1;
2023-09-03T09:45:23;-7.143261667;112.6653817;8.7;511;159.4;P1;
2023-09-03T09:45:32;-7.143653333;112.6655317;8.9;511;159;P1;
2023-09-03T09:45:42;-7.144006667;112.6656683;9;511;158.4;P1;
2023-09-03T09:45:52;-7.144445;112.66584;9.1;511;158.8;P1;
2023-09-03T09:46:02;-7.144843333;112.666;9.2;511;158.2;P1;
2023-09-03T09:46:13;-7.145248333;112.666155;9.3;511;159.7;P1;
2023-09-03T09:46:23;-7.14566;112.66631;9.3;511;159.1;P1;
2023-09-03T09:46:32;-7.14607;112.6664667;9.4;511;158.7;P1;
2023-09-03T09:46:42;-7.146481667;112.6666283;9.5;511;158.2;P1;
2023-09-03T09:46:53;-7.14694;112.6668083;9.5;511;158.7;P1;
2023-09-03T09:47:02;-7.147315;112.66695;9.5;511;158.3;P1;
2023-09-03T09:47:14;-7.14777;112.6671367;9.6;511;156.6;P1;
2023-09-03T09:47:23;-7.14818;112.6673183;9.6;511;155.9;P1;
2023-09-03T09:47:32;-7.148543333;112.6674883;9.6;511;153.9;P1;
2023-09-03T09:47:42;-7.148948333;112.667685;9.7;511;154.3;P1;
2023-09-03T09:47:53;-7.149398333;112.6679017;9.7;511;153.8;P1;
2023-09-03T09:48:02;-7.149766667;112.6680817;9.8;511;153.8;P1;
2023-09-03T09:48:14;-7.150221667;112.6683067;9.8;511;154;P1;
2023-09-03T09:48:23;-7.150638333;112.6685133;9.9;511;153.6;P1;
2023-09-03T09:48:32;-7.151013333;112.6687;9.9;511;153.5;P1;
2023-09-03T09:48:42;-7.151425;112.6689083;9.9;511;152.7;P1;
2023-09-03T09:48:53;-7.151875;112.669135;9.9;511;154.2;P1;
2023-09-03T09:49:02;-7.152245;112.6693133;9.9;511;154.1;P1;
2023-09-03T09:49:14;-7.152701667;112.6695333;10;511;154.2;P1;
2023-09-03T09:49:23;-7.153121667;112.669735;10;511;154.3;P1;
2023-09-03T09:49:33;-7.153498333;112.66992;10;511;153.9;P1;
2023-09-03T09:49:42;-7.153921667;112.6701267;10;511;154.2;P1;
2023-09-03T09:49:53;-7.154388333;112.6703567;10;511;153.3;P1;
2023-09-03T09:50:02;-7.154768333;112.6705483;10;511;153;P1;
2023-09-03T09:50:14;-7.155226667;112.6707817;10;511;153.5;P1;
2023-09-03T09:50:23;-7.155646667;112.6709883;10;511;153.7;P1;
2023-09-03T09:50:33;-7.156021667;112.6711717;9.9;511;153.1;P1;
2023-09-03T09:50:42;-7.156433333;112.6713783;9.9;511;153.1;P1;
2023-09-03T09:50:53;-7.156886667;112.6716067;9.9;511;152.9;P1;
2023-09-03T09:51:02;-7.157256667;112.6717917;9.9;511;153.9;P1;
2023-09-03T09:51:14;-7.157713333;112.6720167;9.9;511;153.2;P1;
2023-09-03T09:51:23;-7.158128333;112.6722283;9.9;511;152.9;P1;
2023-09-03T09:51:33;-7.158503333;112.6724183;9.8;511;153.4;P1;
2023-09-03T09:51:43;-7.158958333;112.672645;9.7;511;153;P1;
2023-09-03T09:51:53;-7.159368333;112.672855;9.6;511;152.8;P1;
2023-09-03T09:52:02;-7.159731667;112.6730433;9.6;511;152.5;P1;
2023-09-03T09:52:14;-7.16017;112.6732767;9.5;511;151.2;P1;
2023-09-03T09:52:23;-7.160558333;112.6734917;9.5;511;151.4;P1;
2023-09-03T09:52:33;-7.16091;112.6736783;9.5;511;152.7;P1;
2023-09-03T09:52:43;-7.161345;112.67389;9.5;511;155;P1;
2023-09-03T09:52:52;-7.161701667;112.67406;9.5;511;154.9;P1;
2023-09-03T09:53:14;-7.162538333;112.6744617;9.5;511;155.6;P1;
2023-09-03T09:53:23;-7.162941667;112.6746433;9.5;511;156.1;P1;
2023-09-03T09:53:32;-7.163305;112.6748083;9.5;511;155.8;P1;
2023-09-03T09:53:43;-7.163753333;112.675005;9.5;511;156.4;P1;
2023-09-03T09:53:52;-7.164118333;112.6751667;9.5;511;155.6;P1;
2023-09-03T09:54:02;-7.164523333;112.6753533;9.5;511;155;P1;
2023-09-03T09:54:12;-7.164926667;112.6755417;9.5;511;154.9;P1;
2023-09-03T09:54:23;-7.16537;112.67575;9.5;511;154.7;P1;
2023-09-03T09:54:32;-7.165733333;112.6759233;9.5;511;154.2;P1;
2023-09-03T09:54:43;-7.166175;112.6761333;9.5;511;154.7;P1;
2023-09-03T09:54:52;-7.166535;112.6763033;9.5;511;154.8;P1;
2023-09-03T09:55:02;-7.166933333;112.6764933;9.4;511;154;P1;
2023-09-03T09:55:12;-7.16733;112.6766833;9.4;511;154.7;P1;
2023-09-03T09:55:23;-7.167766667;112.67689;9.3;511;154;P1;
2023-09-03T09:55:43;-7.168546667;112.6772783;9.3;511;153.3;P1;
2023-09-03T09:55:52;-7.168898333;112.6774533;9.3;511;153.8;P1;
2023-09-03T09:56:02;-7.169288333;112.677645;9.2;511;153.8;P1;
2023-09-03T09:56:12;-7.169675;112.6778383;9.2;511;153.7;P1;
2023-09-03T09:56:23;-7.170101667;112.6780517;9.2;511;153.3;P1;
2023-09-03T09:56:32;-7.170446667;112.6782233;9.2;511;154;P1;
2023-09-03T09:56:43;-7.17087;112.6784317;9.1;511;153.6;P1;
2023-09-03T09:56:53;-7.171248333;112.6786217;9.1;511;153.2;P1;
2023-09-03T09:57:02;-7.171548333;112.6787717;9;511;153.3;P1;
2023-09-03T09:57:12;-7.171965;112.67898;8.9;511;153.1;P1;
2023-09-03T09:57:23;-7.172366667;112.6791883;8.6;511;152.6;P1;
2023-09-03T09:57:32;-7.172685;112.6793517;8.3;511;153;P1;
2023-09-03T09:57:43;-7.173066667;112.67954;8;511;153.6;P1;
2023-09-03T09:57:53;-7.1734;112.6797033;7.8;511;153.6;P1;
2023-09-03T09:58:12;-7.173998333;112.68;7.4;511;153.1;P1;
2023-09-03T09:58:23;-7.174296667;112.68015;7.2;511;152.5;P1;
2023-09-03T09:58:32;-7.174591667;112.6803033;7;511;152.1;P1;
2023-09-03T09:58:43;-7.174905;112.6804717;6.8;511;151.7;P1;
2023-09-03T09:58:53;-7.175183333;112.680625;6.6;511;150.9;P1;
2023-09-03T09:59:02;-7.175396667;112.6807467;6.4;511;150.3;P1;
2023-09-03T09:59:12;-7.175683333;112.68091;6.3;511;149.9;P1;
2023-09-03T09:59:23;-7.175935;112.6810583;6.1;511;149.2;P1;
2023-09-03T09:59:32;-7.176183333;112.6812067;6;511;148.8;P1;
2023-09-03T09:59:43;-7.17645;112.68137;5.9;511;148.4;P1;
2023-09-03T09:59:53;-7.176681667;112.6815167;5.8;511;148.2;P1;
2023-09-03T10:00:02;-7.176863333;112.6816317;5.7;511;147.8;P1;
2023-09-03T10:00:12;-7.177105;112.6817867;5.5;511;147.7;P1;
2023-09-03T10:00:23;-7.177321667;112.6819233;5.4;511;148;P1;
2023-09-03T10:00:32;-7.177536667;112.6820583;5.3;511;148.1;P1;
2023-09-03T10:00:43;-7.177766667;112.6822033;5.2;511;147.7;P1;
2023-09-03T10:00:53;-7.17798;112.682335;5.4;511;149.6;P1;
2023-09-03T10:01:03;-7.178183333;112.6824483;5.6;511;151.1;P1;
2023-09-03T10:01:12;-7.178421667;112.682575;5.8;511;152;P1;
2023-09-03T10:01:23;-7.17866;112.682705;6;511;150.3;P1;
2023-09-03T10:01:32;-7.178901667;112.6828467;6.1;511;148.9;P1;
2023-09-03T10:01:43;-7.179173333;112.6830133;6.3;511;147.9;P1;
2023-09-03T10:01:53;-7.179423333;112.6831733;6.4;511;146.8;P1;
2023-09-03T10:02:03;-7.179648333;112.6833233;6.5;511;146;P1;
2023-09-03T10:02:12;-7.179903333;112.6834967;6.6;511;145.3;P1;
2023-09-03T10:02:23;-7.180161667;112.6836717;6.7;511;145.5;P1;
2023-09-03T10:02:32;-7.180411667;112.6838517;6.5;511;142.9;P1;
2023-09-03T10:02:42;-7.180646667;112.6840367;6.3;511;141.2;P1;
2023-09-03T10:02:53;-7.180891667;112.6842383;6.1;511;140.2;P1;
2023-09-03T10:03:03;-7.181086667;112.6844017;5.9;511;140;P1;
2023-09-03T10:03:12;-7.1813;112.68458;5.8;511;140.5;P1;
2023-09-03T10:03:23;-7.181508333;112.6847533;5.7;511;140.2;P1;
2023-09-03T10:03:32;-7.18171;112.6849217;5.5;511;139.8;P1;
2023-09-03T10:03:42;-7.181903333;112.6850833;5.4;511;139.5;P1;
2023-09-03T10:03:53;-7.182111667;112.6852617;5.2;511;139.2;P1;
2023-09-03T10:04:03;-7.182278333;112.6854033;5.1;511;139.2;P1;
2023-09-03T10:04:12;-7.182456667;112.6855583;5;511;139.5;P1;
2023-09-03T10:04:23;-7.182633333;112.68571;4.9;511;139.2;P1;
2023-09-03T10:04:32;-7.182803333;112.6858567;4.8;511;139.3;P1;
2023-09-03T10:04:42;-7.182971667;112.6860033;4.6;511;139.1;P1;
2023-09-03T10:04:52;-7.18314;112.6861467;4.6;511;139.2;P1;
2023-09-03T10:05:13;-7.183506667;112.6864533;5.1;511;141;P1;
2023-09-03T10:05:23;-7.183678333;112.6865933;5.2;511;140.5;P1;
2023-09-03T10:05:32;-7.183871667;112.686755;5.5;511;139.7;P1;
2023-09-03T10:05:42;-7.184066667;112.68693;5.6;511;137.1;P1;
2023-09-03T10:05:52;-7.184258333;112.6871183;5.7;511;134.6;P1;
2023-09-03T10:06:03;-7.184445;112.6873133;5.7;511;132.6;P1;
2023-09-03T10:06:13;-7.184638333;112.6875283;5.5;511;130.8;P1;
2023-09-03T10:06:22;-7.184785;112.6877033;5.3;511;128.6;P1;
2023-09-03T10:06:34;-7.184953333;112.6879167;5.1;511;127.3;P1;
2023-09-03T10:06:42;-7.185083333;112.68809;5;511;127.1;P1;
2023-09-03T10:06:52;-7.185226667;112.6882767;4.9;511;127.3;P1;
2023-09-03T10:07:03;-7.185366667;112.68846;4.8;511;128.1;P1;
2023-09-03T10:07:13;-7.185521667;112.6886533;4.7;511;128.5;P1;
2023-09-03T10:07:22;-7.185643333;112.688805;4.6;511;128.5;P1;
2023-09-03T10:07:42;-7.185906667;112.6891367;4.4;511;127.1;P1;
2023-09-03T10:08:02;-7.18615;112.68947;4.3;511;126;P1;
2023-09-03T10:08:13;-7.186278333;112.689655;4.4;511;124;P1;
2023-09-03T10:08:22;-7.186386667;112.689815;4.6;511;122.8;P1;
2023-09-03T10:08:34;-7.186523333;112.6900233;5;511;123.2;P1;
2023-09-03T10:08:42;-7.186641667;112.6902017;5.2;511;124.1;P1;
2023-09-03T10:08:52;-7.186781667;112.6904067;5.5;511;124.2;P1;
2023-09-03T10:09:13;-7.187085;112.6908733;5.9;511;123.4;P1;
2023-09-03T10:09:22;-7.187225;112.6910867;6.1;511;123.7;P1;
2023-09-03T10:09:34;-7.1874;112.6913367;5.9;511;125.5;P1;
2023-09-03T10:09:42;-7.187548333;112.6915367;5.8;511;126.7;P1;
2023-09-03T10:09:52;-7.187711667;112.6917483;5.6;511;128;P1;
2023-09-03T10:10:02;-7.187875;112.6919517;5.5;511;129.7;P1;
2023-09-03T10:10:22;-7.188211667;112.6923283;5.2;511;133.9;P1;
2023-09-03T10:10:34;-7.1884;112.692515;5.1;511;136.2;P1;
2023-09-03T10:10:43;-7.188575;112.6926767;5;511;138.4;P1;
2023-09-03T10:10:53;-7.188733333;112.6928117;4.9;511;140.5;P1;
2023-09-03T10:11:02;-7.188913333;112.69295;4.7;511;143.6;P1;
2023-09-03T10:11:13;-7.189093333;112.693075;4.5;511;146.9;P1;
2023-09-03T10:11:22;-7.189275;112.693185;4.4;511;151;P1;
2023-09-03T10:11:34;-7.189476667;112.6932833;4.2;511;157.2;P1;
2023-09-03T10:11:52;-7.189825;112.69338;4;511;171.2;P1;
2023-09-03T10:12:02;-7.190008333;112.6933883;3.8;511;182.8;P1;
2023-09-03T10:12:13;-7.19018;112.6933617;3.6;511;194.3;P1;
2023-09-03T10:12:34;-7.190466667;112.6931983;3.2;511;224.3;P1;
2023-09-03T10:12:43;-7.190561667;112.6930833;3.2;511;235.5;P1;
2023-09-03T10:13:02;-7.190686667;112.6928183;3.4;511;252.5;P1;
2023-09-03T10:13:13;-7.190738333;112.6926617;3.6;511;250.3;P1;
2023-09-03T10:13:34;-7.190861667;112.6923067;3.9;511;253.5;P1;
2023-09-03T10:13:43;-7.190903333;112.6921233;4;511;259.2;P1;
2023-09-03T10:14:02;-7.190928333;112.6917833;3.7;511;269.4;P1;
2023-09-03T10:14:13;-7.190923333;112.6916167;3.5;511;275.1;P1;
2023-09-03T10:14:32;-7.190873333;112.6913217;3;511;283.2;P1;
2023-09-03T10:14:44;-7.190831667;112.6911767;2.8;511;288.4;P1;
2023-09-03T10:14:52;-7.19079;112.6910667;2.7;511;292.3;P1;
2023-09-03T10:15:13;-7.190686667;112.69086;2.2;511;299.5;P1;
2023-09-03T10:15:32;-7.190588333;112.6907017;1.8;511;305.1;P1;
2023-09-03T10:15:43;-7.190533333;112.6906333;1.6;511;311;P1;
2023-09-03T10:16:02;-7.190441667;112.6905367;1.6;511;313.3;P1;
2023-09-03T10:16:13;-7.190388333;112.6904767;1.7;511;309.9;P1;
2023-09-03T10:16:23;-7.190328333;112.6904;1.8;511;303.7;P1;
2023-09-03T10:16:32;-7.190283333;112.6903283;2;511;301.5;P1;
2023-09-03T10:16:43;-7.190233333;112.690245;1.7;511;300.3;P1;
2023-09-03T10:16:53;-7.190198333;112.6901833;1.6;511;299.7;P1;
2023-09-03T10:17:02;-7.19016;112.6901217;1.5;511;303.4;P1;
2023-09-03T10:17:13;-7.19012;112.690065;1.4;511;305.6;P1;
2023-09-03T10:17:23;-7.190075;112.690005;1.4;511;305.9;P1;
2023-09-03T10:17:32;-7.19004;112.6899583;1.4;511;304.9;P1;
2023-09-03T10:17:53;-7.189965;112.6898433;1.4;511;304.1;P1;
2023-09-03T10:18:02;-7.189928333;112.6897917;1.4;511;305;P1;
2023-09-03T10:18:12;-7.189891667;112.689745;1.1;511;307.3;P1;
2023-09-03T10:18:23;-7.18986;112.689705;0.9;511;360;P1;
2023-09-03T10:18:32;-7.189836667;112.6896767;0.8;511;360;P1;
2023-09-03T10:18:44;-7.189808333;112.689645;0.8;511;360;P1;
2023-09-03T10:18:53;-7.189785;112.68962;0.8;511;360;P1;
2023-09-03T10:19:02;-7.18976;112.6895917;0.7;511;360;P1;
2023-09-03T10:19:12;-7.189733333;112.689565;0.7;511;360;P1;
2023-09-03T10:19:23;-7.189703333;112.6895417;0.7;511;360;P1;
2023-09-03T10:19:44;-7.189616667;112.689505;1.1;511;337.6;P1;
2023-09-03T10:19:52;-7.189573333;112.6894833;1.1;511;331.8;P1;
2023-09-03T10:20:02;-7.189531667;112.68946;0.9;511;360;P1;
2023-09-03T10:20:12;-7.189496667;112.68944;0.8;511;360;P1;
2023-09-03T10:20:23;-7.189461667;112.689415;0.9;511;360;P1;
2023-09-03T10:20:32;-7.189433333;112.6893933;0.9;511;360;P1;
2023-09-03T10:20:43;-7.189395;112.689365;0.8;511;360;P1;
2023-09-03T10:20:52;-7.189366667;112.6893433;0.8;511;360;P1;
2023-09-03T10:21:02;-7.189333333;112.6893183;0.8;511;360;P1;
2023-09-03T10:21:23;-7.189275;112.6892717;0.7;511;360;P1;
2023-09-03T10:21:32;-7.189251667;112.6892567;0.7;511;360;P1;
2023-09-03T10:21:43;-7.189221667;112.68923;0.7;511;360;P1;
2023-09-03T10:22:02;-7.189178333;112.6891883;0.7;511;360;P1;
2023-09-03T10:22:12;-7.189153333;112.689165;0.7;511;360;P1;
2023-09-03T10:22:23;-7.189128333;112.6891433;0.7;511;360;P1;
2023-09-03T10:22:32;-7.189108333;112.6891233;0.7;511;360;P1;
2023-09-03T10:22:43;-7.189086667;112.6891;0.3;511;360;P1;
2023-09-03T10:22:52;-7.189083333;112.6890967;0;511;360;P1;
2023-09-03T10:23:02;-7.189093333;112.6891067;0.4;511;360;P1;
2023-09-03T10:23:12;-7.189113333;112.689125;0.6;511;360;P1;
2023-09-03T10:23:23;-7.189135;112.6891433;0.5;511;360;P1;
2023-09-03T10:23:32;-7.189151667;112.6891567;0.5;511;360;P1;
2023-09-03T10:23:52;-7.189165;112.689165;0.3;511;360;P1;
2023-09-03T10:24:02;-7.189141667;112.6891533;0.8;511;360;P1;
2023-09-03T10:24:14;-7.189096667;112.6891317;1;511;360;P1;
2023-09-03T10:24:23;-7.189053333;112.6891067;1.1;511;330.3;P1;
2023-09-03T10:24:32;-7.189013333;112.689085;1;511;360;P1;
2023-09-03T10:24:43;-7.18896;112.6890583;1;511;360;P1;
2023-09-03T10:24:53;-7.188921667;112.6890367;1;511;360;P1;
2023-09-03T10:25:02;-7.188883333;112.689015;0.9;511;360;P1;
2023-09-03T10:25:14;-7.188845;112.688995;0.8;511;360;P1;
2023-09-03T10:25:23;-7.188818333;112.68898;0.7;511;360;P1;
2023-09-03T10:25:32;-7.188798333;112.6889683;0.4;511;360;P1;
2023-09-03T10:25:43;-7.188783333;112.6889617;0;511;360;P1;
2023-09-03T10:25:53;-7.188788333;112.68897;0.2;511;360;P1;
2023-09-03T10:26:03;-7.188803333;112.688985;0.4;511;360;P1;
2023-09-03T10:26:14;-7.188825;112.6890083;0.7;511;360;P1;
2023-09-03T10:26:23;-7.18885;112.6890383;1;511;360;P1;
2023-09-03T10:26:32;-7.188878333;112.6890733;1;511;360;P1;
2023-09-03T10:26:43;-7.188915;112.6891133;0.9;511;360;P1;
2023-09-03T10:26:53;-7.188946667;112.6891367;0.8;511;360;P1;
2023-09-03T10:27:03;-7.188978333;112.6891567;0.5;511;360;P1;
2023-09-03T10:27:14;-7.188988333;112.689165;0;511;360;P1;
2023-09-03T10:27:23;-7.18898;112.6891617;0.3;511;360;P1;
2023-09-03T10:27:32;-7.188955;112.6891483;0.8;511;360;P1;
2023-09-03T10:27:43;-7.188915;112.6891267;0.8;511;360;P1;
2023-09-03T10:27:53;-7.188886667;112.6891117;0.7;511;360;P1;
2023-09-03T10:28:03;-7.188858333;112.6891;0.5;511;360;P1;
2023-09-03T10:28:14;-7.188833333;112.689095;0.4;511;360;P2;
2023-09-03T10:28:22;-7.188818333;112.689095;0.2;511;360;P2;
2023-09-03T10:28:32;-7.188808333;112.6890967;0.2;511;360;P2;
2023-09-03T10:28:43;-7.188798333;112.6891;0.1;511;360;P2;
2023-09-03T10:28:53;-7.188791667;112.6891033;0.1;511;360;P2;
2023-09-03T10:29:03;-7.188785;112.68911;0.1;511;360;P2;
2023-09-03T10:29:13;-7.188778333;112.689115;0.1;511;360;P2;
2023-09-03T10:29:22;-7.188776667;112.6891183;0.1;511;360;P2;
2023-09-03T10:29:32;-7.188773333;112.68912;0;511;360;P2;
2023-09-03T10:29:43;-7.188773333;112.6891233;0;511;360;P2;
2023-09-03T10:29:53;-7.188773333;112.689125;0;511;360;P2;
2023-09-03T10:30:03;-7.188776667;112.6891283;0.1;511;360;P2;
2023-09-03T10:30:14;-7.188776667;112.6891317;0.1;511;360;P2;
2023-09-03T10:30:22;-7.18878;112.6891333;0.1;511;360;P2;
2023-09-03T10:30:32;-7.188786667;112.689135;0.1;511;360;P2;
2023-09-03T10:30:43;-7.188793333;112.6891367;0.1;511;360;P2;
2023-09-03T10:30:53;-7.188805;112.6891383;0.2;511;360;P2;
2023-09-03T10:31:03;-7.188816667;112.689135;0.2;511;360;P2;
2023-09-03T10:31:14;-7.188826667;112.6891283;0.1;511;360;P2;
2023-09-03T10:31:22;-7.188826667;112.6891317;0.1;511;360;P2;
2023-09-03T10:31:32;-7.188823333;112.68914;0.1;511;360;P2;
2023-09-03T10:31:43;-7.188826667;112.68915;0.2;511;360;P2;
2023-09-03T10:31:53;-7.188826667;112.68916;0.2;511;360;P2;
2023-09-03T10:32:03;-7.18883;112.6891683;0.1;511;360;P2;
2023-09-03T10:32:13;-7.188831667;112.689175;0.1;511;360;P2;
2023-09-03T10:32:22;-7.188836667;112.689175;0;511;360;P2;
2023-09-03T10:32:32;-7.188831667;112.6891733;0.1;511;360;P2;
2023-09-03T10:32:43;-7.188825;112.6891683;0.1;511;360;P2;
2023-09-03T10:32:53;-7.188823333;112.689165;0;511;360;P2;
2023-09-03T10:33:03;-7.188823333;112.6891667;0.1;511;360;P2;
2023-09-03T10:33:23;-7.18882;112.6891817;0;511;360;P2;
2023-09-03T10:33:32;-7.188815;112.6891867;0.1;511;360;P2;
2023-09-03T10:33:43;-7.188815;112.6891883;0;511;360;P2;
2023-09-03T10:33:53;-7.188815;112.6891883;0;511;360;P2;
2023-09-03T10:34:03;-7.188811667;112.6891883;0;511;360;P2;
2023-09-03T10:34:13;-7.188811667;112.6891933;0.1;511;360;P2;
2023-09-03T10:34:23;-7.18881;112.6892033;0.1;511;360;P2;
2023-09-03T10:34:32;-7.18881;112.6892083;0.1;511;360;P2;
2023-09-03T10:34:43;-7.188806667;112.6892117;0.1;511;360;P2;
2023-09-03T10:34:53;-7.188805;112.68921;0;511;360;P2;
2023-09-03T10:35:03;-7.188808333;112.6892117;0.1;511;360;P2;
2023-09-03T10:35:13;-7.188808333;112.6892117;0;511;360;P2;
2023-09-03T10:35:23;-7.188806667;112.6892133;0;511;360;P2;
2023-09-03T10:35:32;-7.188806667;112.6892117;0;511;360;P2;
2023-09-03T10:35:43;-7.188805;112.689215;0.1;511;360;P2;
2023-09-03T10:35:52;-7.188803333;112.6892167;0.1;511;360;P2;
2023-09-03T10:36:03;-7.1888;112.6892217;0.1;511;360;P2;
2023-09-03T10:36:23;-7.18879;112.689235;0.1;511;360;P2;
2023-09-03T10:36:32;-7.188786667;112.689235;0;511;360;P2;
2023-09-03T10:36:43;-7.18879;112.6892367;0;511;360;P2;
2023-09-03T10:36:52;-7.18879;112.6892383;0;511;360;P2;
2023-09-03T10:37:03;-7.188788333;112.6892367;0;511;360;P2;
2023-09-03T10:37:13;-7.188788333;112.6892367;0;511;360;P2;
2023-09-03T10:37:23;-7.188786667;112.6892367;0;511;360;P2;
2023-09-03T10:37:33;-7.188786667;112.6892367;0;511;360;P2;
2023-09-03T10:37:43;-7.188786667;112.6892367;0;511;360;P2;
2023-09-03T10:38:03;-7.188783333;112.689235;0;511;360;P2;
2023-09-03T10:38:13;-7.188781667;112.689235;0;511;360;P2;
2023-09-03T10:38:23;-7.18878;112.689235;0;511;360;P2;
2023-09-03T10:38:33;-7.18878;112.689235;0;511;360;P2;
2023-09-03T10:38:42;-7.18878;112.689235;0;511;360;P2;
2023-09-03T10:38:52;-7.18878;112.689235;0;511;360;P2;
2023-09-03T10:39:03;-7.18878;112.689235;0;511;360;P2;
2023-09-03T10:39:13;-7.18878;112.689235;0;511;360;P2;
2023-09-03T10:39:23;-7.18878;112.689235;0;511;360;P2;
2023-09-03T10:39:32;-7.18878;112.689235;0;511;360;P2;
2023-09-03T10:39:42;-7.18878;112.689235;0;511;360;P2;
2023-09-03T10:39:52;-7.18878;112.6892317;0;511;360;P2;
2023-09-03T10:40:03;-7.18878;112.6892317;0.1;511;360;P2;
2023-09-03T10:40:13;-7.18878;112.6892333;0;511;360;P2;
2023-09-03T10:40:23;-7.18878;112.6892317;0;511;360;P2;
2023-09-03T10:40:32;-7.18878;112.6892317;0;511;360;P2;
2023-09-03T10:40:42;-7.18878;112.689235;0;511;360;P2;
2023-09-03T10:40:52;-7.188783333;112.689235;0;511;360;P2;
2023-09-03T10:41:03;-7.188783333;112.689235;0;511;360;P2;
2023-09-03T10:41:13;-7.188783333;112.689235;0;511;360;P2;
2023-09-03T10:41:22;-7.188785;112.6892367;0;511;360;P2;
2023-09-03T10:41:32;-7.188786667;112.6892383;0;511;360;P2;
2023-09-03T10:41:42;-7.188786667;112.68924;0;511;360;P2;
2023-09-03T10:41:52;-7.188786667;112.6892383;0;511;360;P2;
2023-09-03T10:42:03;-7.188786667;112.6892367;0;511;360;P2;
2023-09-03T10:42:13;-7.188788333;112.689235;0;511;360;P2;
2023-09-03T10:42:22;-7.188786667;112.6892333;0;511;360;P2;
2023-09-03T10:42:42;-7.188786667;112.689235;0;511;360;P2;
2023-09-03T10:42:53;-7.188786667;112.6892333;0;511;360;P2;
2023-09-03T10:43:03;-7.188786667;112.6892317;0;511;360;P2;
2023-09-03T10:43:13;-7.188786667;112.6892317;0;511;360;P2;
2023-09-03T10:43:22;-7.188788333;112.6892317;0;511;360;P2;
2023-09-03T10:43:33;-7.188791667;112.6892333;0;511;360;P2;
2023-09-03T10:43:42;-7.18879;112.689235;0;511;360;P2;
2023-09-03T10:43:53;-7.18879;112.6892367;0;511;360;P2;
2023-09-03T10:44:03;-7.18879;112.6892317;0;511;360;P2;
2023-09-03T10:44:13;-7.18879;112.6892317;0;511;360;P2;
2023-09-03T10:44:22;-7.18879;112.689235;0;511;360;P2;
2023-09-03T10:44:32;-7.188788333;112.6892367;0;511;360;P2;
2023-09-03T10:44:42;-7.188786667;112.689235;0;511;360;P2;
2023-09-03T10:44:53;-7.188783333;112.6892317;0;511;360;P2;
2023-09-03T10:45:03;-7.188781667;112.689235;0;511;360;P2;
2023-09-03T10:45:13;-7.188783333;112.6892333;0;511;360;P2;
2023-09-03T10:45:22;-7.188786667;112.6892317;0;511;360;P2;
2023-09-03T10:45:32;-7.188786667;112.6892283;0;511;360;P2;
2023-09-03T10:45:42;-7.188783333;112.6892267;0;511;360;P2;
2023-09-03T10:45:53;-7.188781667;112.6892267;0;511;360;P2;
2023-09-03T10:46:03;-7.188783333;112.6892267;0;511;360;P2;
2023-09-03T10:46:13;-7.188783333;112.6892283;0;511;360;P2;
2023-09-03T10:46:22;-7.188785;112.68923;0;511;360;P2;
2023-09-03T10:46:32;-7.188788333;112.6892283;0;511;360;P2;
2023-09-03T10:46:42;-7.18879;112.68923;0;511;360;P2;
2023-09-03T10:46:53;-7.188791667;112.6892317;0;511;360;P2;
2023-09-03T10:49:01;-7.18879;112.6892367;0;511;360;P2;
2023-09-03T10:52:02;-7.188788333;112.6892367;0;511;360;P2;
2023-09-03T10:55:01;-7.18879;112.6892317;0;511;360;P2;
2023-09-03T10:58:02;-7.188795;112.6892367;0;511;360;P2;
2023-09-03T11:01:01;-7.188783333;112.6892383;0;511;360;P2;
2023-09-03T11:04:02;-7.188771667;112.6892317;0;511;360;P2;
2023-09-03T11:07:01;-7.188773333;112.689235;0;511;360;P2;
2023-09-03T11:10:02;-7.188773333;112.6892367;0;511;360;P2;
2023-09-03T11:13:02;-7.188773333;112.689245;0;511;360;P2;
2023-09-03T11:16:01;-7.188751667;112.6892467;0;511;360;P2;
2023-09-03T11:19:02;-7.18876;112.6892417;0;511;360;P2;
2023-09-03T11:25:02;-7.188768333;112.6892417;0;511;360;P2;
2023-09-03T11:28:01;-7.188771667;112.6892467;0;511;360;P2;
2023-09-03T11:31:02;-7.188765;112.68925;0;511;360;P2;
2023-09-03T11:34:01;-7.188765;112.68925;0;511;360;P2;
2023-09-03T11:37:02;-7.188763333;112.68925;0;511;360;P2;
2023-09-03T11:40:02;-7.188763333;112.6892583;0;511;360;P2;
2023-09-03T11:43:01;-7.18876;112.68925;0;511;360;P2;
2023-09-03T11:46:02;-7.188758333;112.6892433;0;511;360;P2;
2023-09-03T11:49:01;-7.188758333;112.6892333;0;511;360;P2;
2023-09-03T11:52:02;-7.188755;112.6892067;0;511;360;P2;
2023-09-03T11:55:01;-7.188758333;112.68921;0;511;360;P2;
2023-09-03T11:58:02;-7.18878;112.689235;0;511;360;P2;
2023-09-03T12:01:01;-7.188778333;112.689215;0;511;360;P2;
2023-09-03T12:04:02;-7.188783333;112.689205;0;511;360;P2;
2023-09-03T12:07:02;-7.18879;112.6892167;0;511;360;P2;
2023-09-03T12:10:01;-7.188793333;112.68924;0;511;360;P2;
2023-09-03T12:13:02;-7.1888;112.6892533;0;511;360;P2;
2023-09-03T12:16:01;-7.188808333;112.68924;0;511;360;P2;
2023-09-03T12:19:02;-7.188808333;112.68924;0;511;360;P2;
2023-09-03T12:25:02;-7.188818333;112.689235;0;511;360;P2;
2023-09-03T12:28:01;-7.188823333;112.689235;0;511;360;P2;
2023-09-03T12:31:02;-7.18881;112.6892467;0;511;360;P2;
2023-09-03T12:34:02;-7.188806667;112.6892367;0;511;360;P2;
2023-09-03T12:37:01;-7.188803333;112.6892283;0;511;360;P2;
2023-09-03T12:40:02;-7.188795;112.6892217;0;511;360;P2;
2023-09-03T12:43:02;-7.188808333;112.6892133;0;511;360;P2;
2023-09-03T12:46:02;-7.188801667;112.689225;0;511;360;P2;
2023-09-03T12:49:01;-7.188801667;112.6892233;0;511;360;P2;
2023-09-03T12:52:02;-7.188801667;112.68924;0;511;360;P2;
2023-09-03T12:55:02;-7.188818333;112.68924;0;511;360;P2;
2023-09-03T12:58:02;-7.188808333;112.6892367;0.1;511;360;P2;
2023-09-03T13:01:01;-7.188811667;112.6892383;0;511;360;P2;
2023-09-03T13:04:01;-7.188826667;112.6892367;0;511;360;P2;
2023-09-03T13:10:02;-7.188823333;112.6892317;0;511;360;P2;
2023-09-03T13:13:02;-7.188815;112.689225;0;511;360;P2;
2023-09-03T13:16:01;-7.18881;112.689215;0;511;360;P2;
2023-09-03T13:19:02;-7.188811667;112.6892117;0;511;360;P2;
2023-09-03T13:22:02;-7.188811667;112.6891983;0;511;360;P2;
2023-09-03T13:25:02;-7.188808333;112.689215;0;511;360;P2;
2023-09-03T13:31:01;-7.188801667;112.6892117;0;511;360;P2;
2023-09-03T13:34:02;-7.188791667;112.689235;0.1;511;360;P2;
2023-09-03T13:37:02;-7.188796667;112.6892333;0;511;360;P2;
2023-09-03T13:40:02;-7.188801667;112.6892533;0;511;360;P2;
2023-09-03T13:43:01;-7.188796667;112.6892417;0;511;360;P2;
2023-09-03T13:46:01;-7.18881;112.6892367;0;511;360;P2;
2023-09-03T13:49:02;-7.188805;112.689235;0;511;360;P2;
2023-09-03T13:52:02;-7.18882;112.689235;0;511;360;P2;
2023-09-03T13:55:01;-7.188828333;112.6892267;0;511;360;P2;
2023-09-03T13:58:01;-7.188841667;112.6892283;0;511;360;P2;
2023-09-03T14:01:02;-7.188851667;112.6892367;0;511;360;P2;
2023-09-03T14:04:02;-7.188836667;112.6892517;0;511;360;P2;
2023-09-03T14:07:02;-7.188826667;112.6892583;0;511;360;P2;
2023-09-03T14:10:01;-7.188826667;112.6892617;0;511;360;P2;
2023-09-03T14:13:01;-7.18883;112.6892683;0;511;360;P2;
2023-09-03T14:16:02;-7.188835;112.689265;0;511;360;P2;
2023-09-03T14:19:02;-7.18884;112.689275;0;511;360;P2;
2023-09-03T14:22:01;-7.188843333;112.689275;0;511;360;P2;
2023-09-03T14:25:02;-7.18883;112.6892817;0;511;360;P2;
2023-09-03T14:28:02;-7.18882;112.6892867;0;511;360;P2;
2023-09-03T14:31:02;-7.188808333;112.6892733;0;511;360;P2;
2023-09-03T14:34:02;-7.1888;112.689255;0;511;360;P2;
2023-09-03T14:37:01;-7.188803333;112.68925;0;511;360;P2;
2023-09-03T14:40:01;-7.188811667;112.6892683;0;511;360;P2;
2023-09-03T14:43:02;-7.188813333;112.6892583;0;511;360;P2;
2023-09-03T14:46:02;-7.188811667;112.689235;0;511;360;P2;
2023-09-03T14:49:01;-7.18881;112.6892317;0;511;360;P2;
2023-09-03T14:52:01;-7.188811667;112.68924;0;511;360;P2;
2023-09-03T14:55:02;-7.18883;112.6892433;0;511;360;P2;
2023-09-03T14:58:02;-7.18883;112.68923;0;511;360;P2;
2023-09-03T15:01:02;-7.188823333;112.6892217;0;511;360;P2;
2023-09-03T15:04:01;-7.18882;112.689235;0;511;360;P2;
2023-09-03T15:07:01;-7.188826667;112.689235;0;511;360;P2;
2023-09-03T15:10:02;-7.188818333;112.6892283;0;511;360;P2;
2023-09-03T15:13:02;-7.188821667;112.6892317;0;511;360;P2;
2023-09-03T15:16:01;-7.188805;112.6892283;0;511;360;P2;
2023-09-03T15:19:01;-7.188798333;112.6892117;0;511;360;P2;
2023-09-03T15:22:02;-7.188796667;112.6892133;0;511;360;P2;
2023-09-03T15:25:02;-7.188791667;112.6892233;0;511;360;P2;
2023-09-03T15:28:02;-7.1888;112.6892283;0;511;360;P2;
2023-09-03T15:31:01;-7.188801667;112.68924;0;511;360;P2;
2023-09-03T15:34:02;-7.188808333;112.6892367;0;511;360;P2;
2023-09-03T15:37:02;-7.188808333;112.6892383;0;511;360;P2;
2023-09-03T15:40:02;-7.188811667;112.6892567;0;511;360;P2;
2023-09-03T15:43:01;-7.18883;112.6892617;0;511;360;P2;
2023-09-03T15:46:01;-7.188836667;112.6892633;0;511;360;P2;
2023-09-03T15:49:02;-7.188833333;112.6892567;0;511;360;P2;
2023-09-03T15:52:02;-7.18883;112.6892533;0;511;360;P2;
2023-09-03T15:55:02;-7.188833333;112.6892683;0;511;360;P2;
2023-09-03T15:58:01;-7.188836667;112.689265;0;511;360;P2;
2023-09-03T16:01:02;-7.188836667;112.6892533;0;511;360;P2;
2023-09-03T16:04:02;-7.188833333;112.6892567;0;511;360;P2;
2023-09-03T16:07:02;-7.188838333;112.6892517;0;511;360;P2;
2023-09-03T16:10:01;-7.188848333;112.6892367;0;511;360;P2;
2023-09-03T16:13:01;-7.188845;112.6892217;0;511;360;P2;
2023-09-03T16:16:02;-7.188836667;112.6892267;0;511;360;P2;
2023-09-03T16:19:02;-7.188831667;112.6892283;0;511;360;P2;
2023-09-03T16:22:01;-7.188821667;112.689225;0;511;360;P2;
2023-09-03T16:25:01;-7.18882;112.689225;0;511;360;P2;
2023-09-03T16:28:02;-7.188816667;112.6892233;0;511;360;P2;
2023-09-03T16:31:02;-7.18882;112.6892217;0;511;360;P2;
2023-09-03T16:34:02;-7.188818333;112.6892183;0;511;360;P2;
2023-09-03T16:37:01;-7.188808333;112.6892117;0;511;360;P2;
2023-09-03T16:43:02;-7.188803333;112.6892183;0;511;360;P2;
2023-09-03T16:46:02;-7.188808333;112.6892367;0;511;360;P2;
2023-09-03T16:49:01;-7.188818333;112.6892367;0;511;360;P2;
2023-09-03T16:52:01;-7.188796667;112.6892183;0;511;360;P2;
2023-09-03T16:55:02;-7.18881;112.689215;0;511;360;P2;
2023-09-03T16:58:02;-7.188798333;112.6892167;0;511;360;P2;
2023-09-03T17:01:02;-7.188798333;112.68921;0.1;511;360;P2;
2023-09-03T17:04:01;-7.188795;112.689205;0;511;360;P2;
2023-09-03T17:07:02;-7.188796667;112.6892017;0;511;360;P2;
2023-09-03T17:10:02;-7.188795;112.68923;0;511;360;P2;
2023-09-03T17:13:02;-7.188798333;112.6892217;0;511;360;P2;
2023-09-03T17:16:01;-7.188806667;112.6892367;0;511;360;P2;
2023-09-03T17:22:02;-7.188816667;112.689255;0;511;360;P2;
2023-09-03T17:25:02;-7.188818333;112.689265;0;511;360;P2;
2023-09-03T17:28:02;-7.188818333;112.6892567;0;511;360;P2;
2023-09-03T17:31:01;-7.188813333;112.68924;0;511;360;P2;
2023-09-03T17:34:02;-7.188798333;112.6892217;0;511;360;P2;
2023-09-03T17:37:02;-7.188795;112.68923;0;511;360;P2;
2023-09-03T17:40:02;-7.188798333;112.6892433;0;511;360;P2;
2023-09-03T17:43:01;-7.188798333;112.68924;0.2;511;360;P2;
2023-09-03T17:46:01;-7.188805;112.689235;0;511;360;P2;
2023-09-03T17:52:02;-7.188806667;112.6892367;0;511;360;P2;
2023-09-03T17:55:02;-7.188815;112.68924;0;511;360;P2;
2023-09-03T17:58:01;-7.188805;112.6892433;0;511;360;P2;
2023-09-03T18:01:02;-7.188798333;112.689245;0;511;360;P2;
2023-09-03T18:04:02;-7.188806667;112.6892467;0;511;360;P2;
2023-09-03T18:07:02;-7.188816667;112.68925;0;511;360;P2;
2023-09-03T18:10:01;-7.188808333;112.6892617;0;511;360;P2;
2023-09-03T18:13:02;-7.188815;112.689265;0;511;360;P2;
2023-09-03T18:16:02;-7.188811667;112.6892717;0;511;360;P2;
2023-09-03T18:19:02;-7.188798333;112.6892517;0;511;360;P2;
2023-09-03T18:22:01;-7.188795;112.6892467;0;511;360;P2;
2023-09-03T18:25:01;-7.188786667;112.6892617;0;511;360;P2;
2023-09-03T18:31:02;-7.188798333;112.6892533;0;511;360;P2;
2023-09-03T18:37:01;-7.188796667;112.6892467;0;511;360;P2;
2023-09-03T18:40:02;-7.188805;112.6892367;0;511;360;P2;
2023-09-03T18:43:02;-7.18881;112.68923;0;511;360;P2;
2023-09-03T18:46:02;-7.188813333;112.6892183;0;511;360;P2;
2023-09-03T18:49:01;-7.188811667;112.689215;0;511;360;P2;
2023-09-03T18:52:02;-7.188803333;112.6892067;0;511;360;P2;
2023-09-03T18:55:02;-7.188803333;112.6892117;0;511;360;P2;
2023-09-03T18:58:02;-7.188813333;112.6892183;0;511;360;P2;
2023-09-03T19:01:01;-7.188816667;112.6892317;0;511;360;P2;
2023-09-03T19:04:01;-7.18882;112.6892467;0;511;360;P2;
2023-09-03T19:07:02;-7.188811667;112.6892383;0;511;360;P2;
2023-09-03T19:10:02;-7.18882;112.689245;0;511;360;P2;
2023-09-03T19:13:02;-7.188811667;112.6892267;0;511;360;P2;
2023-09-03T19:16:01;-7.188815;112.689235;0;511;360;P2;
2023-09-03T19:19:02;-7.188811667;112.6892217;0.1;511;360;P2;
2023-09-03T19:22:02;-7.188798333;112.6892433;0;511;360;P2;
2023-09-03T19:28:01;-7.188816667;112.68925;0;511;360;P2;
2023-09-03T19:31:01;-7.188815;112.689255;0;511;360;P2;
2023-09-03T19:34:02;-7.188805;112.689265;0.1;511;360;P2;
2023-09-03T19:37:02;-7.1888;112.6892433;0;511;360;P2;
2023-09-03T19:40:02;-7.188798333;112.68925;0;511;360;P2;
2023-09-03T19:43:01;-7.188798333;112.6892383;0;511;360;P2;
2023-09-03T19:46:02;-7.188805;112.6892367;0;511;360;P2;
2023-09-03T19:49:02;-7.188806667;112.6892117;0;511;360;P2;
2023-09-03T19:55:01;-7.188805;112.6892133;0;511;360;P2;
2023-09-03T19:58:02;-7.188811667;112.6892183;0;511;360;P2;
2023-09-03T20:01:02;-7.188818333;112.6892283;0;511;360;P2;
2023-09-03T20:04:02;-7.188811667;112.6892333;0;511;360;P2;
2023-09-03T20:07:01;-7.188815;112.6892367;0;511;360;P2;
2023-09-03T20:10:01;-7.188815;112.6892283;0;511;360;P2;
2023-09-03T20:13:02;-7.188811667;112.6892433;0;511;360;P2;
2023-09-03T20:16:02;-7.188811667;112.6892467;0.1;511;360;P2;
2023-09-03T20:19:02;-7.188798333;112.689245;0;511;360;P2;
2023-09-03T20:22:01;-7.18881;112.689235;0;511;360;P2;
2023-09-03T20:25:02;-7.18882;112.689235;0;511;360;P2;
2023-09-03T20:28:02;-7.188821667;112.6892367;0;511;360;P2;
2023-09-03T20:31:02;-7.188818333;112.6892317;0;511;360;P2;
2023-09-03T20:34:01;-7.188808333;112.6892333;0;511;360;P2;
2023-09-03T20:37:01;-7.188818333;112.6892383;0;511;360;P2;
2023-09-03T20:40:02;-7.188816667;112.6892367;0;511;360;P2;
2023-09-03T20:43:02;-7.188813333;112.689245;0.1;511;360;P2;
2023-09-03T20:46:02;-7.188815;112.68925;0.1;511;360;P2;
2023-09-03T20:49:01;-7.188816667;112.68925;0.1;511;360;P2;
2023-09-03T20:52:02;-7.188818333;112.6892367;0;511;360;P2;
2023-09-03T20:55:02;-7.188816667;112.6892317;0;511;360;P2;
2023-09-03T20:58:02;-7.188815;112.6892283;0;511;360;P2;
2023-09-03T21:01:01;-7.188811667;112.6892267;0;511;360;P2;
2023-09-03T21:04:02;-7.18882;112.689235;0;511;360;P2;
2023-09-03T21:07:02;-7.18881;112.689245;0;511;360;P2;
2023-09-03T21:10:02;-7.188811667;112.6892633;0;511;360;P2;
2023-09-03T21:13:02;-7.188811667;112.6892767;0;511;360;P2;
2023-09-03T21:16:01;-7.18881;112.6892667;0;511;360;P2;
2023-09-03T21:19:02;-7.188806667;112.689265;0;511;360;P2;
2023-09-03T21:22:02;-7.188805;112.6892667;0.2;511;360;P2;
2023-09-03T21:25:02;-7.188806667;112.6892833;0;511;360;P2;
2023-09-03T21:28:01;-7.188801667;112.6893;0;511;360;P2;
2023-09-03T21:31:02;-7.188811667;112.6892933;0;511;360;P2;
2023-09-03T21:34:02;-7.18882;112.6893183;0;511;360;P2;
2023-09-03T21:37:02;-7.188801667;112.6892967;0.1;511;360;P2;
2023-09-03T21:40:02;-7.188803333;112.6893017;0;511;360;P2;
2023-09-03T21:43:01;-7.188805;112.6892967;0;511;360;P2;
2023-09-03T21:46:02;-7.18882;112.6892833;0;511;360;P2;
2023-09-03T21:49:02;-7.188811667;112.6892683;0;511;360;P2;
2023-09-03T21:52:02;-7.188818333;112.6892683;0;511;360;P2;
2023-09-03T21:55:01;-7.188825;112.6892567;0;511;360;P2;
2023-09-03T22:01:02;-7.188818333;112.6892533;0;511;360;P2;
2023-09-03T22:13:02;-7.188811667;112.6892467;0;511;360;P2;
2023-09-03T22:16:02;-7.188808333;112.6892467;0;511;360;P2;
2023-09-03T22:19:02;-7.1888;112.6892533;0;511;360;P2;
2023-09-03T22:22:01;-7.188793333;112.6892367;0;511;360;P2;
2023-09-03T22:25:02;-7.188775;112.6892283;0;511;360;P2;
2023-09-03T22:28:02;-7.188775;112.6892467;0;511;360;P2;
2023-09-03T22:31:02;-7.18877;112.689235;0;511;360;P2;
2023-09-03T22:34:01;-7.188768333;112.689235;0;511;360;P2;
2023-09-03T22:37:02;-7.188786667;112.6892367;0;511;360;P2;
2023-09-03T22:40:02;-7.188785;112.68924;0;511;360;P2;
2023-09-03T22:43:02;-7.188778333;112.6892333;0;511;360;P2;
2023-09-03T22:46:02;-7.188785;112.6892333;0;511;360;P2;
2023-09-03T22:49:01;-7.188783333;112.689235;0;511;360;P2;
2023-09-03T22:52:02;-7.188798333;112.6892317;0;511;360;P2;
2023-09-03T22:55:02;-7.188803333;112.68922;0;511;360;P2;
2023-09-03T22:58:02;-7.188795;112.6892233;0;511;360;P2;
2023-09-03T23:04:02;-7.188798333;112.689205;0;511;360;P2;
2023-09-03T23:07:02;-7.188795;112.689205;0;511;360;P2;
2023-09-03T23:10:02;-7.188808333;112.68921;0;511;360;P2;
2023-09-03T23:13:02;-7.188806667;112.6892;0;511;360;P2;
2023-09-03T23:16:01;-7.188805;112.689205;0;511;360;P2;
2023-09-03T23:19:02;-7.188808333;112.6892117;0;511;360;P2;
2023-09-03T23:22:02;-7.18882;112.6892083;0;511;360;P2;
2023-09-03T23:28:01;-7.188826667;112.6892017;0;511;360;P2;
2023-09-03T23:34:02;-7.188825;112.6892133;0;511;360;P2;
2023-09-03T23:37:02;-7.188826667;112.6892217;0;511;360;P2;
2023-09-03T23:40:02;-7.188841667;112.68922;0;511;360;P2;
2023-09-03T23:43:02;-7.188703333;112.6886933;1.8;511;275;P3;
2023-09-03T23:46:02;-7.188905;112.6879867;1.1;511;118.1;P3;
2023-09-03T23:48:55;-7.19003;112.6893183;3;511;134.9;P3;
2023-09-03T23:49:02;-7.190098333;112.6893933;3.1;511;132.7;P3;
2023-09-03T23:49:15;-7.190223333;112.6895517;3.1;511;124.4;P3;
2023-09-03T23:49:24;-7.190291667;112.6896633;3.1;511;120.7;P3;
2023-09-03T23:49:34;-7.190353333;112.6897817;3.2;511;117.3;P3;
2023-09-03T23:49:44;-7.190423333;112.68993;3.2;511;113.8;P3;
2023-09-03T23:49:55;-7.190485;112.6900717;3.3;511;112.8;P3;
2023-09-03T23:50:04;-7.190541667;112.6902183;3.4;511;110.2;P3;
2023-09-03T23:50:15;-7.190596667;112.690385;3.4;511;106.3;P3;
2023-09-03T23:50:24;-7.190633333;112.6905283;3.5;511;101.9;P3;
2023-09-03T23:50:34;-7.190658333;112.6906733;3.5;511;97.5;P3;
2023-09-03T23:50:44;-7.190673333;112.6908533;3.5;511;92.1;P3;
2023-09-03T23:50:55;-7.19067;112.6910183;3.5;511;86.5;P3;
2023-09-03T23:51:04;-7.190653333;112.691185;3.6;511;81.5;P3;
2023-09-03T23:51:15;-7.190615;112.6913683;3.6;511;75.5;P3;
2023-09-03T23:51:24;-7.190571667;112.691515;3.6;511;70.7;P3;
2023-09-03T23:51:34;-7.190511667;112.6916617;3.7;511;66;P3;
2023-09-03T23:51:44;-7.190425;112.6918333;3.7;511;60.6;P3;
2023-09-03T23:52:15;-7.190096667;112.6923;4.2;511;50.7;P3;
2023-09-03T23:52:24;-7.189976667;112.6924333;4.3;511;45.3;P3;
2023-09-03T23:52:34;-7.189836667;112.6925583;4.3;511;38.1;P3;
2023-09-03T23:52:44;-7.189648333;112.6926817;4.3;511;28.2;P3;
2023-09-03T23:52:55;-7.189461667;112.6927617;4.3;511;18.8;P3;
2023-09-03T23:53:04;-7.189275;112.6927883;3.8;511;359.8;P3;
2023-09-03T23:53:15;-7.189083333;112.69276;3.7;511;345.8;P3;
2023-09-03T23:53:24;-7.188935;112.6927133;3.7;511;339;P3;
2023-09-03T23:53:44;-7.188611667;112.6925633;3.8;511;331.5;P3;
2023-09-03T23:53:54;-7.188451667;112.6924717;3.9;511;328.7;P3;
2023-09-03T23:54:04;-7.188295;112.6923683;4;511;326;P3;
2023-09-03T23:54:16;-7.188121667;112.692245;4.2;511;323.4;P3;
2023-09-03T23:54:24;-7.18798;112.692135;4.2;511;321.6;P3;
2023-09-03T23:54:34;-7.187838333;112.6920183;4.3;511;319.9;P3;
2023-09-03T23:54:44;-7.187671667;112.6918683;4.4;511;316.6;P3;
2023-09-03T23:54:54;-7.187523333;112.6917217;4.5;511;315.5;P3;
2023-09-03T23:55:05;-7.187368333;112.6915683;4.6;511;314.8;P3;
2023-09-03T23:55:15;-7.187195;112.69139;4.8;511;314.1;P3;
2023-09-03T23:55:24;-7.187051667;112.6912383;4.9;511;313.7;P3;
2023-09-03T23:55:34;-7.186886667;112.6910667;5.1;511;314.4;P3;
2023-09-03T23:55:44;-7.186716667;112.690895;5.2;511;314.3;P3;
2023-09-03T23:55:54;-7.186541667;112.6907167;5.3;511;314.2;P3;
2023-09-03T23:56:04;-7.186361667;112.6905333;5.5;511;314.3;P3;
2023-09-03T23:56:16;-7.186155;112.6903217;5.7;511;313.9;P3;
2023-09-03T23:56:26;-7.185965;112.6901267;5.7;511;313.8;P3;
2023-09-03T23:56:34;-7.185795;112.6899467;5.8;511;313;P3;
2023-09-03T23:56:44;-7.185605;112.6897467;5.9;511;314.1;P3;
2023-09-03T23:56:54;-7.185413333;112.6895483;6.1;511;314.3;P3;
2023-09-03T23:57:05;-7.185216667;112.6893483;6.2;511;314.2;P3;
2023-09-03T23:57:14;-7.185018333;112.6891433;6.3;511;313.3;P3;
2023-09-03T23:57:26;-7.184801667;112.6889083;6.3;511;312.5;P3;
2023-09-03T23:57:34;-7.18462;112.68871;6.5;511;312.8;P3;
2023-09-03T23:57:46;-7.18439;112.6884667;6.6;511;314.2;P3;
2023-09-03T23:57:54;-7.184188333;112.6882667;6.7;511;316;P3;
2023-09-03T23:58:05;-7.183958333;112.688045;6.8;511;316.1;P3;
2023-09-03T23:58:14;-7.183721667;112.68782;7;511;316.3;P3;
2023-09-03T23:58:26;-7.183463333;112.68757;7.1;511;316;P3;
2023-09-03T23:58:34;-7.18325;112.687365;7.2;511;316.3;P3;
2023-09-03T23:58:46;-7.182981667;112.6871083;7.3;511;316.4;P3;
2023-09-03T23:58:54;-7.182756667;112.6868983;7.4;511;316.6;P3;
2023-09-03T23:59:05;-7.182508333;112.686665;7.5;511;316.7;P3;
2023-09-03T23:59:14;-7.182255;112.6864217;7.6;511;315.8;P3;
2023-09-03T23:59:26;-7.18197;112.68615;7.6;511;316.8;P3;
2023-09-03T23:59:35;-7.181735;112.6859283;7.7;511;318.1;P3;
2023-09-03T23:59:46;-7.181433333;112.6856683;7.8;511;319.5;P3;
2023-09-04T00:00:05;-7.18088;112.685195;7.9;511;319.5;P3;
2023-09-04T00:00:14;-7.180625;112.6849783;8;511;319.2;P3;
2023-09-04T00:00:26;-7.180311667;112.6847133;8;511;319.5;P3;
2023-09-04T00:00:35;-7.180048333;112.6844967;8.2;511;320.2;P3;
2023-09-04T00:00:45;-7.179723333;112.6842283;8.2;511;320.3;P3;
2023-09-04T00:00:55;-7.179425;112.6839817;8.2;511;320.8;P3;
2023-09-04T00:01:14;-7.178853333;112.6835133;8.4;511;320;P3;
2023-09-04T00:01:26;-7.17852;112.6832367;8.4;511;320.5;P3;
2023-09-04T00:01:35;-7.178246667;112.6830133;8.5;511;320.4;P3;
2023-09-04T00:01:45;-7.177908333;112.6827383;8.5;511;320.6;P3;
2023-09-04T00:01:55;-7.177598333;112.682485;8.5;511;320.6;P3;
2023-09-04T00:02:05;-7.177288333;112.6822283;8.6;511;320.7;P3;
2023-09-04T00:02:14;-7.177005;112.6819967;8.6;511;320.3;P3;
2023-09-04T00:02:25;-7.176656667;112.6817067;8.7;511;320.3;P3;
2023-09-04T00:02:35;-7.176373333;112.68147;8.7;511;319.8;P3;
2023-09-04T00:02:45;-7.176031667;112.6811783;8.8;511;319.5;P3;
2023-09-04T00:02:55;-7.175718333;112.6809133;8.8;511;320.5;P3;
2023-09-04T00:03:05;-7.1754;112.6806567;8.8;511;321.9;P3;
2023-09-04T00:03:14;-7.175106667;112.680435;8.8;511;324;P3;
2023-09-04T00:03:25;-7.174743333;112.6801733;8.8;511;324.5;P3;
2023-09-04T00:03:46;-7.174068333;112.6797;8.9;511;325.7;P3;
2023-09-04T00:03:54;-7.173758333;112.6794983;8.9;511;327.8;P3;
2023-09-04T00:04:05;-7.17337;112.6792633;8.9;511;329.1;P3;
2023-09-04T00:04:15;-7.173011667;112.6790483;8.9;511;329;P3;
2023-09-04T00:04:25;-7.172655;112.6788317;8.9;511;329.4;P3;
2023-09-04T00:04:35;-7.172331667;112.6786433;9;511;330.5;P3;
2023-09-04T00:04:46;-7.17192;112.6784317;8.9;511;333.7;P3;
2023-09-04T00:04:54;-7.17158;112.6782667;9;511;334.6;P3;
2023-09-04T00:05:04;-7.171193333;112.67809;9;511;335.9;P3;
2023-09-04T00:05:15;-7.170765;112.6779;9;511;335.9;P3;
2023-09-04T00:05:25;-7.170376667;112.6777283;9;511;335.7;P3;
2023-09-04T00:05:35;-7.17003;112.67757;9.1;511;335.6;P3;
2023-09-04T00:05:46;-7.169603333;112.6773783;9.1;511;336;P3;
2023-09-04T00:05:54;-7.169253333;112.6772233;9.1;511;336.4;P3;
2023-09-04T00:06:15;-7.16843;112.676865;9.2;511;336.3;P3;
2023-09-04T00:06:25;-7.168043333;112.67669;9.2;511;335.8;P3;
2023-09-04T00:06:35;-7.167688333;112.6765317;9.2;511;336.3;P3;
2023-09-04T00:06:46;-7.16725;112.67634;9.2;511;335.8;P3;
2023-09-04T00:06:54;-7.166893333;112.67618;9.3;511;336.1;P3;
2023-09-04T00:07:04;-7.166495;112.6760033;9.3;511;335.6;P3;
2023-09-04T00:07:15;-7.166056667;112.6758033;9.3;511;335.3;P3;
2023-09-04T00:07:25;-7.165658333;112.6756217;9.4;511;335.8;P3;
2023-09-04T00:07:36;-7.16527;112.675445;9.4;511;336.1;P3;
2023-09-04T00:07:46;-7.164875;112.6752717;9.5;511;336.3;P3;
2023-09-04T00:08:04;-7.1641;112.674925;9.5;511;335.8;P3;
2023-09-04T00:08:16;-7.163646667;112.67472;9.6;511;335.5;P3;
2023-09-04T00:08:26;-7.163236667;112.67453;9.6;511;335.7;P3;
2023-09-04T00:08:36;-7.16283;112.6743467;9.6;511;335.7;P3;
2023-09-04T00:08:45;-7.162428333;112.6741667;9.6;511;335.3;P3;
2023-09-04T00:08:54;-7.162063333;112.6740017;9.6;511;335;P3;
2023-09-04T00:09:04;-7.161658333;112.6738117;9.7;511;335.3;P3;
2023-09-04T00:09:16;-7.161203333;112.6736033;9.7;511;335.5;P3;
2023-09-04T00:09:26;-7.16079;112.6734183;9.7;511;335.4;P3;
2023-09-04T00:09:36;-7.160378333;112.6732367;9.7;511;335.6;P3;
2023-09-04T00:09:45;-7.159963333;112.6730533;9.7;511;335.8;P3;
2023-09-04T00:10:05;-7.159126667;112.6726833;9.7;511;336.6;P3;
2023-09-04T00:10:16;-7.158708333;112.6725017;9.7;511;336.7;P3;
2023-09-04T00:10:26;-7.158293333;112.6723217;9.8;511;336.5;P3;
2023-09-04T00:10:36;-7.157876667;112.6721383;9.8;511;336.4;P3;
2023-09-04T00:10:45;-7.157455;112.671955;9.8;511;336.7;P3;
2023-09-04T00:10:56;-7.157031667;112.6717733;9.8;511;336.6;P3;
2023-09-04T00:11:05;-7.156605;112.6715883;9.8;511;336.5;P3;
2023-09-04T00:11:16;-7.15618;112.6714017;9.8;511;337.2;P3;
2023-09-04T00:11:26;-7.155753333;112.6712183;9.8;511;337;P3;
2023-09-04T00:11:36;-7.155326667;112.6710383;9.9;511;336.8;P3;
2023-09-04T00:11:45;-7.154905;112.67086;9.9;511;337;P3;
2023-09-04T00:11:56;-7.154488333;112.6706833;9.9;511;336.8;P3;
2023-09-04T00:12:05;-7.154073333;112.6705083;9.9;511;336.7;P3;
2023-09-04T00:12:16;-7.153656667;112.6703333;9.9;511;336.7;P3;
2023-09-04T00:12:26;-7.153233333;112.6701583;9.9;511;336.9;P3;
2023-09-04T00:12:36;-7.152808333;112.6699817;9.9;511;337;P3;
2023-09-04T00:12:45;-7.152378333;112.6698033;9.9;511;336.8;P3;
2023-09-04T00:12:56;-7.151941667;112.6696217;9.9;511;336.9;P3;
2023-09-04T00:13:05;-7.151503333;112.6694367;9.9;511;337.1;P3;
2023-09-04T00:13:16;-7.151068333;112.66925;9.9;511;337;P3;
2023-09-04T00:13:26;-7.150633333;112.6690633;10;511;337.1;P3;
2023-09-04T00:13:36;-7.150201667;112.6688733;10;511;336.9;P3;
2023-09-04T00:13:54;-7.14938;112.66851;10;511;337.2;P3;
2023-09-04T00:14:05;-7.14891;112.6683083;9.9;511;337.5;P3;
2023-09-04T00:14:16;-7.148485;112.6681283;9.9;511;337.8;P3;
2023-09-04T00:14:25;-7.148053333;112.6679533;9.9;511;338.4;P3;
2023-09-04T00:14:36;-7.14762;112.6677833;9.9;511;338.3;P3;
2023-09-04T00:14:45;-7.147185;112.667615;9.9;511;338.5;P3;
2023-09-04T00:14:54;-7.146793333;112.6674633;9.9;511;338.6;P3;
2023-09-04T00:15:04;-7.146361667;112.6672933;9.9;511;338.7;P3;
2023-09-04T00:15:16;-7.145885;112.6671117;9.9;511;339.1;P3;
2023-09-04T00:15:25;-7.145448333;112.6669517;9.9;511;339.3;P3;
2023-09-04T00:15:34;-7.145055;112.6668033;9.9;511;339.2;P3;
2023-09-04T00:15:44;-7.144621667;112.66664;10;511;339.1;P3;
2023-09-04T00:15:54;-7.144185;112.6664767;10;511;339;P3;
2023-09-04T00:16:16;-7.143286667;112.66611;10;511;337.2;P3;
2023-09-04T00:16:25;-7.142853333;112.6659317;10;511;337;P3;
2023-09-04T00:16:34;-7.142461667;112.6657717;10;511;337.4;P3;
2023-09-04T00:16:44;-7.142023333;112.6655917;10;511;337.3;P3;
2023-09-04T00:16:54;-7.141581667;112.6654067;10;511;337.2;P3;
2023-09-04T00:17:04;-7.141143333;112.6652167;10.1;511;337.2;P3;
2023-09-04T00:17:15;-7.140658333;112.6650117;10;511;336.8;P3;
2023-09-04T00:17:25;-7.140223333;112.6648267;10;511;337.2;P3;
2023-09-04T00:17:34;-7.139835;112.6646667;10;511;337.6;P3;
2023-09-04T00:17:44;-7.139403333;112.6644917;10;511;338;P3;
2023-09-04T00:17:54;-7.138971667;112.6643183;10.1;511;338.3;P3;
2023-09-04T00:18:04;-7.13854;112.6641467;10;511;337.5;P3;
2023-09-04T00:18:15;-7.138065;112.663945;10;511;336.1;P3;
2023-09-04T00:18:25;-7.137636667;112.6637483;10;511;335.5;P3;
2023-09-04T00:18:34;-7.137253333;112.6635717;10.1;511;335.3;P3;
2023-09-04T00:18:44;-7.13683;112.6633767;10;511;334.7;P3;
2023-09-04T00:18:54;-7.136401667;112.6631767;10;511;335.3;P3;
2023-09-04T00:19:04;-7.13597;112.6629817;9.9;511;335.6;P3;
2023-09-04T00:19:15;-7.1355;112.6627667;10;511;335.1;P3;
2023-09-04T00:19:25;-7.135076667;112.6625733;10;511;335.7;P3;
2023-09-04T00:19:34;-7.134698333;112.6624;10;511;335.6;P3;
2023-09-04T00:19:44;-7.134276667;112.6622067;10;511;335.5;P3;
2023-09-04T00:19:54;-7.133848333;112.6620133;10;511;335.8;P3;
2023-09-04T00:20:04;-7.133421667;112.6618183;10;511;335.6;P3;
2023-09-04T00:20:15;-7.132946667;112.6616033;10;511;335.7;P3;
2023-09-04T00:20:24;-7.132558333;112.661425;10.1;511;335.3;P3;
2023-09-04T00:20:34;-7.132125;112.661225;10.1;511;335;P3;
2023-09-04T00:20:44;-7.131696667;112.6610217;10.1;511;335.4;P3;
2023-09-04T00:20:54;-7.131265;112.6608333;10.1;511;336.8;P3;
2023-09-04T00:21:04;-7.130833333;112.6606483;10.1;511;337;P3;
2023-09-04T00:21:15;-7.13036;112.66045;10.1;511;336.8;P3;
2023-09-04T00:21:24;-7.129968333;112.6602817;10.1;511;336.5;P3;
2023-09-04T00:21:34;-7.129533333;112.6601;10;511;337.7;P3;
2023-09-04T00:21:45;-7.129093333;112.6599283;10;511;339.5;P3;
2023-09-04T00:21:54;-7.128655;112.6597683;10;511;339.9;P3;
2023-09-04T00:22:04;-7.128211667;112.659625;9.9;511;343.4;P3;
2023-09-04T00:22:25;-7.12731;112.6593817;9.9;511;345.1;P3;
2023-09-04T00:23:15;-7.124975;112.6590033;9.8;511;354.7;P3;
2023-09-04T00:23:25;-7.124565;112.6589683;9.8;511;355.6;P3;
2023-09-04T00:23:45;-7.123653333;112.6589233;9.8;511;358.2;P3;
2023-09-04T00:23:54;-7.1232;112.658915;9.9;511;358.6;P3;
2023-09-04T00:24:04;-7.12274;112.658905;9.9;511;358.4;P3;
2023-09-04T00:24:15;-7.122236667;112.6588883;9.9;511;357.8;P3;
2023-09-04T00:24:24;-7.121818333;112.65887;9.9;511;357.9;P3;
2023-09-04T00:24:36;-7.121308333;112.6588517;9.9;511;357.9;P3;
2023-09-04T00:24:45;-7.120886667;112.6588367;9.9;511;358;P3;
2023-09-04T00:24:54;-7.120418333;112.6588217;9.9;511;358.4;P3;
2023-09-04T00:25:15;-7.119431667;112.6587867;10;511;357.2;P3;
2023-09-04T00:25:25;-7.119008333;112.658765;10;511;357.3;P3;
2023-09-04T00:25:36;-7.118488333;112.6587383;10;511;357.1;P3;
2023-09-04T00:25:45;-7.118063333;112.6587167;10;511;357.1;P3;
2023-09-04T00:26:25;-7.116188333;112.6586217;10.1;511;357;P3;
2023-09-04T00:26:44;-7.115261667;112.6585883;10.2;511;357.7;P3;
2023-09-04T00:26:54;-7.114793333;112.658575;10.2;511;357.8;P3;
2023-09-04T00:27:25;-7.11333;112.65853;10.2;511;357.2;P3;
2023-09-04T00:27:44;-7.112415;112.6584817;10.2;511;356.8;P3;
2023-09-04T00:27:55;-7.111938333;112.6584567;10.2;511;357.1;P3;
2023-09-04T00:28:04;-7.111465;112.658435;10.2;511;357.5;P3;
2023-09-04T00:28:15;-7.110941667;112.6584167;10.2;511;358;P3;
2023-09-04T00:28:25;-7.110461667;112.6583983;10.3;511;357.7;P3;
2023-09-04T00:28:44;-7.109546667;112.6583467;10.3;511;357.3;P3;
2023-09-04T00:28:55;-7.109065;112.658325;10.3;511;358.4;P3;
2023-09-04T00:29:04;-7.108586667;112.658305;10.3;511;357.4;P3;
2023-09-04T00:29:15;-7.108061667;112.6582767;10.3;511;356.6;P3;
2023-09-04T00:29:25;-7.107581667;112.658245;10.3;511;356.7;P3;
2023-09-04T00:29:36;-7.107103333;112.6582217;10.3;511;357.9;P3;
2023-09-04T00:29:44;-7.106675;112.65821;10.2;511;358.6;P3;
2023-09-04T00:29:55;-7.106201667;112.6581983;10.2;511;358.8;P3;
2023-09-04T00:30:36;-7.10424;112.6581733;10.2;511;358.9;P3;
2023-09-04T00:31:15;-7.102345;112.65812;10.2;511;358.6;P3;
2023-09-04T00:32:25;-7.098988333;112.6581683;10.2;511;0.8;P3;
2023-09-04T00:32:36;-7.098513333;112.6581733;10.2;511;0.9;P3;
2023-09-04T00:33:04;-7.097133333;112.658215;10.2;511;1.8;P3;
2023-09-04T00:33:25;-7.096118333;112.6582433;10.3;511;1.4;P3;
2023-09-04T00:34:04;-7.094245;112.65828;10.3;511;0.8;P3;
2023-09-04T00:34:26;-7.093231667;112.6583017;10.3;511;1.2;P3;
2023-09-04T00:37:26;-7.084463333;112.6584883;10.5;511;1.2;P3;
2023-09-04T00:37:45;-7.083483333;112.6585117;10.5;511;1.3;P3;
2023-09-04T00:38:15;-7.082011667;112.6585433;10.5;511;0;P3;
2023-09-04T00:38:46;-7.080533333;112.6585567;10.6;511;0.5;P3;
2023-09-04T00:38:55;-7.080036667;112.65856;10.6;511;0.3;P3;
2023-09-04T00:39:05;-7.079536667;112.65856;10.6;511;359.9;P3;
2023-09-04T00:39:15;-7.079035;112.6585583;10.6;511;359.7;P3;
2023-09-04T00:39:35;-7.078043333;112.65855;10.6;511;359.6;P3;
2023-09-04T00:39:46;-7.077545;112.6585483;10.6;511;359.9;P3;
2023-09-04T00:39:55;-7.07705;112.6585517;10.6;511;0.1;P3;
2023-09-04T00:40:05;-7.076553333;112.6585533;10.6;511;0;P3;
2023-09-04T00:40:15;-7.07606;112.65856;10.6;511;0.9;P3;
2023-09-04T00:40:24;-7.075611667;112.6585683;10.7;511;0.5;P3;
2023-09-04T00:40:46;-7.07456;112.658555;10.6;511;358.4;P3;
2023-09-04T00:40:55;-7.074061667;112.658535;10.6;511;357.9;P3;
2023-09-04T00:41:05;-7.073568333;112.6585217;10.6;511;358.9;P3;
2023-09-04T00:41:15;-7.073075;112.6585217;10.6;511;0.7;P3;
2023-09-04T00:41:34;-7.072133333;112.6585417;10.6;511;2;P3;
2023-09-04T00:41:46;-7.071593333;112.6585733;10.5;511;4.3;P3;
2023-09-04T00:41:56;-7.071106667;112.6586183;10.5;511;6.7;P3;
2023-09-04T00:42:04;-7.070675;112.65868;10.4;511;10.5;P3;
2023-09-04T00:42:15;-7.070201667;112.6587833;10.4;511;12.3;P3;
2023-09-04T00:42:24;-7.069731667;112.6588883;10.4;511;13.5;P3;
2023-09-04T00:42:34;-7.069258333;112.6590017;10.4;511;13.4;P3;
2023-09-04T00:42:56;-7.06827;112.6592383;10.4;511;13.5;P3;
2023-09-04T00:43:04;-7.067841667;112.6593433;10.4;511;13.3;P3;
2023-09-04T00:43:45;-7.065926667;112.6598183;10.5;511;14.3;P3;
2023-09-04T00:44:15;-7.064498333;112.6601167;10.5;511;10.8;P3;
2023-09-04T00:44:24;-7.064018333;112.66021;10.6;511;10.9;P3;
2023-09-04T00:44:34;-7.063531667;112.6603067;10.6;511;10.8;P3;
2023-09-04T00:45:04;-7.062061667;112.6605967;10.6;511;10.9;P3;
2023-09-04T00:45:34;-7.060593333;112.6608767;10.6;511;10.1;P3;
2023-09-04T00:45:45;-7.060101667;112.6609633;10.6;511;9.9;P3;
2023-09-04T00:46:15;-7.058631667;112.66123;10.7;511;9.1;P3;
2023-09-04T00:48:25;-7.052135;112.66203;10.7;511;7.1;P3;
2023-09-04T00:49:55;-7.04774;112.66268;10.7;511;11.4;P3;
2023-09-04T00:53:15;-7.037898333;112.6648783;10.8;511;17.8;P3;
2023-09-04T00:53:44;-7.036473333;112.6653867;10.7;511;19;P3;
2023-09-04T00:54:24;-7.034588333;112.6660833;10.7;511;20.4;P3;
2023-09-04T00:54:44;-7.033656667;112.6664333;10.7;511;22.4;P3;
2023-09-04T00:55:04;-7.032726667;112.6668033;10.7;511;21.7;P3;
2023-09-04T00:55:24;-7.03179;112.6671783;10.7;511;22.5;P3;
2023-09-04T00:56:34;-7.02855;112.6685633;10.9;511;22.7;P3;
2023-09-04T00:56:44;-7.028083333;112.6687583;10.9;511;22.8;P3;
2023-09-04T00:57:34;-7.025758333;112.669775;10.9;511;25.1;P3;
2023-09-04T00:57:44;-7.0253;112.6699967;10.8;511;25.4;P3;
2023-09-04T00:57:54;-7.02484;112.67022;10.8;511;25.8;P3;
2023-09-04T00:58:34;-7.02302;112.67109;10.8;511;25.1;P3;
2023-09-04T00:58:44;-7.022561667;112.671305;10.8;511;25.1;P3;
2023-09-04T00:58:54;-7.022106667;112.67152;10.8;511;25.2;P3;
2023-09-04T00:59:15;-7.02114;112.6719833;10.8;511;25.5;P3;
2023-09-04T00:59:25;-7.020688333;112.672205;10.8;511;25.8;P3;
2023-09-04T00:59:44;-7.01983;112.6726267;10.8;511;26.3;P3;
2023-09-04T01:00:06;-7.01887;112.6730883;10.8;511;25.1;P3;
2023-09-04T01:00:15;-7.018411667;112.6733017;10.8;511;25;P3;
2023-09-04T01:00:25;-7.017956667;112.6735117;10.8;511;25.1;P3;
2023-09-04T01:00:34;-7.017545;112.6737033;10.7;511;24.8;P3;
2023-09-04T01:00:44;-7.01709;112.673925;10.7;511;27.2;P3;
2023-09-04T01:01:06;-7.01615;112.6744133;10.7;511;26.8;P3;
2023-09-04T01:01:15;-7.015711667;112.6746433;10.7;511;28.3;P3;
2023-09-04T01:01:34;-7.01488;112.67509;10.6;511;28.1;P3;
2023-09-04T01:01:54;-7.014013333;112.6755917;10.6;511;31.1;P3;
2023-09-04T01:02:06;-7.013541667;112.675875;10.6;511;30.8;P3;
2023-09-04T01:02:15;-7.013115;112.676135;10.6;511;31.4;P3;
2023-09-04T01:02:35;-7.012313333;112.6766217;10.6;511;31.1;P3;
2023-09-04T01:02:44;-7.011893333;112.676875;10.6;511;31.4;P3;
2023-09-04T01:03:15;-7.010618333;112.67773;10.6;511;34.3;P3;
2023-09-04T01:03:25;-7.010208333;112.6780117;10.6;511;34.4;P3;
2023-09-04T01:03:34;-7.00984;112.678265;10.5;511;34.3;P3;
2023-09-04T01:03:44;-7.009435;112.6785433;10.5;511;34.6;P3;
2023-09-04T01:04:06;-7.008593333;112.6791317;10.5;511;35.1;P3;
2023-09-04T01:04:15;-7.008188333;112.679415;10.5;511;34.7;P3;
2023-09-04T01:04:25;-7.007781667;112.6796967;10.5;511;34.3;P3;
2023-09-04T01:04:34;-7.007415;112.6799517;10.5;511;34.5;P3;
2023-09-04T01:04:46;-7.006958333;112.6802633;10.5;511;33.9;P3;
2023-09-04T01:04:56;-7.006545;112.6805417;10.5;511;33.8;P3;
2023-09-04T01:05:06;-7.006136667;112.6808133;10.5;511;33.4;P3;
2023-09-04T01:05:15;-7.005735;112.6810917;10.5;511;35.2;P3;
2023-09-04T01:05:25;-7.005333333;112.6813733;10.5;511;35.2;P3;
2023-09-04T01:05:46;-7.004533333;112.6819233;10.4;511;35.2;P3;
2023-09-04T01:05:56;-7.004143333;112.6822133;10.3;511;38.4;P3;
2023-09-04T01:06:06;-7.003765;112.6825217;10.3;511;38.6;P3;
2023-09-04T01:06:15;-7.003391667;112.6828333;10.3;511;40.5;P3;
2023-09-04T01:06:25;-7.003025;112.6831517;10.3;511;40.9;P3;
2023-09-04T01:06:35;-7.002695;112.683435;10.3;511;40.6;P3;
2023-09-04T01:06:46;-7.002293333;112.6837867;10.3;511;39.9;P3;
2023-09-04T01:06:56;-7.001923333;112.6841133;10.3;511;40.1;P3;
2023-09-04T01:07:35;-7.000516667;112.68531;10.2;511;43.7;P3;
2023-09-04T01:07:46;-7.000136667;112.6856683;10.2;511;43.6;P3;
2023-09-04T01:08:06;-6.999448333;112.68633;10.2;511;45.2;P3;
2023-09-04T01:09:06;-6.997446667;112.6883633;10.2;511;45.5;P3;
2023-09-04T01:10:56;-6.993545;112.691885;10.2;511;36.8;P3;
2023-09-04T01:11:25;-6.992433333;112.6927133;10.3;511;36.2;P3;
2023-09-04T01:11:35;-6.992011667;112.6930133;10.3;511;35.1;P3;
2023-09-04T01:11:46;-6.99162;112.6932783;10.3;511;33.4;P3;
2023-09-04T01:11:55;-6.991216667;112.6935383;10.3;511;32.5;P3;
2023-09-04T01:12:06;-6.990805;112.69379;10.4;511;32;P3;
2023-09-04T01:12:15;-6.990431667;112.6940167;10.4;511;30.9;P3;
2023-09-04T01:12:25;-6.990013333;112.69426;10.4;511;29.9;P3;
2023-09-04T01:12:35;-6.989555;112.6945333;10.4;511;30.5;P3;
2023-09-04T01:12:46;-6.989138333;112.6947817;10.4;511;30.4;P3;
2023-09-04T01:12:55;-6.98872;112.6950217;10.4;511;30.2;P3;
2023-09-04T01:13:06;-6.988303333;112.6952667;10.4;511;30.3;P3;
2023-09-04T01:13:15;-6.987928333;112.69549;10.4;511;30.5;P3;
2023-09-04T01:13:25;-6.987508333;112.6957367;10.4;511;30.4;P3;
2023-09-04T01:13:35;-6.987048333;112.6960067;10.4;511;30.2;P3;
2023-09-04T01:13:46;-6.986628333;112.6962533;10.4;511;30.1;P3;
2023-09-04T01:13:55;-6.986205;112.6964983;10.4;511;30.1;P3;
2023-09-04T01:14:06;-6.985778333;112.696745;10.4;511;29.7;P3;
2023-09-04T01:14:15;-6.985395;112.696965;10.4;511;29.8;P3;
2023-09-04T01:14:25;-6.984971667;112.6972067;10.4;511;29.9;P3;
2023-09-04T01:14:35;-6.984505;112.697475;10.4;511;29.5;P3;
2023-09-04T01:14:46;-6.98408;112.6977133;10.4;511;29.2;P3;
2023-09-04T01:14:55;-6.983658333;112.69795;10.4;511;29.3;P3;
2023-09-04T01:15:06;-6.98324;112.69819;10.4;511;29.8;P3;
2023-09-04T01:15:15;-6.982856667;112.69841;10.4;511;30.2;P3;
2023-09-04T01:15:25;-6.982433333;112.6986567;10.4;511;29.9;P3;
2023-09-04T01:15:35;-6.981965;112.6989267;10.4;511;30;P3;
2023-09-04T01:15:46;-6.98154;112.699175;10.4;511;29.8;P3;
2023-09-04T01:15:55;-6.981121667;112.6994183;10.4;511;29.8;P3;
2023-09-04T01:16:05;-6.980703333;112.6996533;10.4;511;29.9;P3;
2023-09-04T01:16:15;-6.98033;112.699865;10.4;511;30.3;P3;
2023-09-04T01:16:25;-6.979918333;112.700105;10.4;511;30.8;P3;
2023-09-04T01:16:55;-6.978596667;112.7008367;10.4;511;28.6;P3;
2023-09-04T01:19:06;-6.97304;112.7037883;10.3;511;29.4;P3;
2023-09-04T01:19:26;-6.972211667;112.7042717;10.2;511;29.6;P3;
2023-09-04T01:19:45;-6.97141;112.70472;10.2;511;28.7;P3;
2023-09-04T01:20:16;-6.970126667;112.7054383;10.3;511;28.5;P3;
2023-09-04T01:20:34;-6.969315;112.7058467;10.3;511;26.5;P3;
2023-09-04T01:20:56;-6.96841;112.7062933;10.2;511;27.4;P3;
2023-09-04T01:21:06;-6.967981667;112.7065233;10.2;511;28.3;P3;
2023-09-04T01:21:16;-6.967566667;112.70675;10.2;511;27.8;P3;
2023-09-04T01:21:26;-6.967141667;112.7069667;10.3;511;26.3;P3;
2023-09-04T01:22:16;-6.96498;112.7079683;10.3;511;23.6;P3;
2023-09-04T01:23:34;-6.961445;112.7093533;10.3;511;19.5;P3;
2023-09-04T01:23:56;-6.960491667;112.709685;10.3;511;18.9;P3;
2023-09-04T01:24:45;-6.95828;112.7104383;10.3;511;18.5;P3;
2023-09-04T01:24:56;-6.957781667;112.7106083;10.3;511;19.3;P3;
2023-09-04T01:30:44;-6.94212;112.715975;10.1;511;18.2;P3;
2023-09-04T01:31:44;-6.939383333;112.7167383;10.1;511;14.3;P3;
2023-09-04T01:34:26;-6.932221667;112.7192167;10.1;511;19.7;P3;
2023-09-04T01:35:54;-6.928291667;112.7206617;10;511;20.3;P3;
2023-09-04T01:36:34;-6.926533333;112.7213317;10;511;21.4;P3;
2023-09-04T01:36:45;-6.9261;112.7215067;10;511;20.9;P3;
2023-09-04T01:37:14;-6.924781667;112.7219883;10;511;20.3;P3;
2023-09-04T01:37:26;-6.924305;112.722165;10;511;20.6;P3;
2023-09-04T01:38:05;-6.922595;112.7228233;10;511;21.6;P3;
2023-09-04T01:38:26;-6.92167;112.7231733;10;511;20;P3;
2023-09-04T01:39:35;-6.918578333;112.7243433;10;511;20.4;P3;
2023-09-04T01:39:45;-6.918185;112.7244933;10;511;21.4;P3;
2023-09-04T01:40:26;-6.916411667;112.7251833;9.9;511;21.3;P3;
2023-09-04T01:40:35;-6.915971667;112.7253533;9.9;511;21.4;P3;
2023-09-04T01:42:44;-6.910435;112.727465;9.8;511;19.6;P3;
2023-09-04T01:51:06;-6.88949;112.73512;9.1;511;29;P3;
2023-09-04T01:51:14;-6.88917;112.7353133;9;511;32.5;P3;
2023-09-04T01:52:24;-6.886741667;112.73698;9;511;35.6;P3;
2023-09-04T01:53:06;-6.885328333;112.7379633;9;511;33.1;P3;
2023-09-04T01:53:14;-6.885008333;112.7381683;9;511;32.5;P3;
2023-09-04T02:01:34;-6.870235;112.7517083;7.5;511;76.8;P3;
2023-09-04T02:19:54;-6.862935;112.7900183;8.2;511;53.8;P3;
2023-09-04T02:21:05;-6.861333333;112.7922333;8.3;511;53.6;P3;
2023-09-04T02:21:44;-6.860456667;112.7934567;8.3;511;55.3;P3;
2023-09-04T02:22:05;-6.86003;112.794105;8.3;511;57.4;P3;
2023-09-04T02:22:24;-6.859635;112.794755;8.2;511;59.1;P3;
2023-09-04T02:22:35;-6.859426667;112.7951167;8.2;511;60.8;P3;
2023-09-04T02:22:44;-6.85926;112.7954183;8.2;511;61.3;P3;
2023-09-04T02:23:15;-6.8587;112.7964767;8.2;511;61.7;P3;
2023-09-04T02:23:24;-6.858533333;112.7967833;8.3;511;61.8;P3;
2023-09-04T02:23:35;-6.858331667;112.7971483;8.2;511;61;P3;
2023-09-04T02:23:44;-6.858161667;112.797455;8.3;511;60.9;P3;
2023-09-04T02:23:54;-6.857975;112.7977833;8.2;511;60.3;P3;
2023-09-04T02:24:05;-6.857781667;112.7981083;8.2;511;58.5;P3;
2023-09-04T02:24:15;-6.857558333;112.79847;8.2;511;57.2;P3;
2023-09-04T02:24:44;-6.856943333;112.7993867;8.2;511;55.6;P3;
2023-09-04T02:25:05;-6.856491667;112.8000167;8.2;511;54;P3;
2023-09-04T02:25:15;-6.856233333;112.80036;8.2;511;52.7;P3;
2023-09-04T02:30:05;-6.849933333;112.8095267;8.1;511;61.8;P3;
2023-09-04T02:30:34;-6.849408333;112.8105067;8.1;511;62.2;P3;
2023-09-04T02:31:05;-6.848861667;112.8115667;8.2;511;63.5;P3;
2023-09-04T02:36:05;-6.845188333;112.82225;8.1;511;71.4;P3;
