"timestamp;lat [deg];lon [deg];sog [kn];draught [m];heading [deg];cog [deg];rot [deg/min];zone  [UTM];band  [UTM];easting [UTM];northing [UTM]";STATE
2023-09-01T00:34:03;-6.88786;112.798975;0.1;-1;91;276.8;0;49;M;698777;9238273;['P0']
2023-09-01T06:34:04;-6.887481667;112.7990833;0.1;-1;124;178;0;49;M;698789;9238315;['P0']
2023-09-01T06:55:04;-6.887531667;112.7992433;0;-1;134;60.1;0;49;M;698807;9238309;['P0']
2023-09-01T07:04:04;-6.887555;112.7992717;0.1;-1;137;50.7;0;49;M;698810;9238307;['P0']
2023-09-01T07:22:04;-6.8876;112.7996583;1;-1;110;109.6;0;49;M;698853;9238301;['P3']
2023-09-01T07:29:16;-6.886373333;112.79784;6.8;-1;295;298.2;0;49;M;698652;9238438;['P1']
2023-09-01T07:29:25;-6.886226667;112.7975583;7.2;-1;295;297.6;0;49;M;698621;9238454;['P1']
2023-09-01T07:30:25;-6.885248333;112.795585;8.2;-1;294;295.5;0;49;M;698404;9238563;['P0']
2023-09-01T07:30:55;-6.884796667;112.7946417;8.6;-1;295;296.2;0;49;M;698299;9238614;['P0']
2023-09-01T08:06:56;-6.916161667;112.724915;6.3;-1;190;197.6;0;49;M;690580;9235173;['P1']
2023-09-01T08:07:25;-6.916891667;112.7246533;5.8;-1;189;198.5;0;49;M;690551;9235092;['P1']
2023-09-01T08:07:35;-6.917165;112.7245783;5.7;-1;189;198;0;49;M;690542;9235062;['P1']
2023-09-01T08:08:06;-6.917893333;112.7243483;5.2;-1;189;196.5;0;49;M;690517;9234982;['P1']
2023-09-01T08:08:46;-6.918751667;112.7240483;4.8;-1;189;198.1;0;49;M;690483;9234887;['P1']
2023-09-01T08:09:25;-6.919573333;112.72378;4.5;-1;189;200.4;0;49;M;690453;9234796;['P1']
2023-09-01T08:09:46;-6.919956667;112.7236667;4.3;-1;189;200.7;0;49;M;690441;9234754;['P1']
2023-09-01T08:09:56;-6.920153333;112.7236133;4.3;-1;189;199.7;0;49;M;690435;9234732;['P1']
2023-09-01T08:10:06;-6.920373333;112.7235383;4.3;-1;188;199.1;0;49;M;690426;9234708;['P1']
2023-09-01T08:10:45;-6.921201667;112.7232417;5.1;-1;182;194.1;0;49;M;690393;9234616;['P1']
2023-09-01T08:10:56;-6.921436667;112.7231867;5.3;-1;182;194.1;0;49;M;690387;9234590;['P1']
2023-09-01T08:11:06;-6.921723333;112.7231117;5.5;-1;183;193.6;0;49;M;690379;9234559;['P1']
2023-09-01T08:11:15;-6.92197;112.72306;5.7;-1;182;192.3;0;49;M;690373;9234531;['P1']
2023-09-01T08:11:35;-6.922491667;112.7229533;6.1;-1;184;192.5;0;49;M;690361;9234474;['P1']
2023-09-01T08:11:56;-6.9231;112.7228183;6.4;-1;182;190.7;0;49;M;690346;9234407;['P1']
2023-09-01T08:12:15;-6.923678333;112.722725;6.7;-1;182;190.1;0;49;M;690335;9234343;['P1']
2023-09-01T08:12:26;-6.923996667;112.72267;6.8;-1;182;190.2;0;49;M;690329;9234308;['P1']
2023-09-01T08:12:35;-6.924323333;112.72264;7;-1;182;190.1;0;49;M;690325;9234271;['P1']
2023-09-01T08:12:56;-6.92498;112.7225683;7.2;-1;182;189.1;0;49;M;690317;9234199;['P1']
2023-09-01T08:13:06;-6.925303333;112.7225167;7.3;-1;181;188.3;0;49;M;690311;9234163;['P1']
2023-09-01T08:13:15;-6.92564;112.72247;7.3;-1;182;188.8;0;49;M;690306;9234126;['P1']
2023-09-01T08:13:26;-6.925983333;112.7224217;7.4;-1;183;188.8;0;49;M;690301;9234088;['P1']
2023-09-01T08:13:45;-6.926663333;112.7223;7.5;-1;183;188.8;0;49;M;690287;9234013;['P1']
2023-09-01T08:13:56;-6.927006667;112.7222383;7.5;-1;183;188.7;0;49;M;690280;9233975;['P1']
2023-09-01T08:14:06;-6.927345;112.7221833;7.3;-1;183;189;0;49;M;690274;9233937;['P1']
2023-09-01T08:14:15;-6.92767;112.7221083;7.1;-1;183;188.8;0;49;M;690265;9233901;['P1']
2023-09-01T08:14:26;-6.92799;112.7220533;7;-1;184;189.8;0;49;M;690259;9233866;['P1']
2023-09-01T08:14:36;-6.928348333;112.7219883;6.8;-1;186;191.9;0;49;M;690252;9233827;['P1']
2023-09-01T08:14:56;-6.92891;112.7218667;6.4;-1;187;192.4;0;49;M;690238;9233764;['P1']
2023-09-01T08:15:06;-6.929163333;112.721785;6.2;-1;187;192.8;0;49;M;690229;9233736;['P1']
2023-09-01T08:15:15;-6.929443333;112.7217333;6;-1;188;193.8;0;49;M;690223;9233706;['P1']
2023-09-01T08:15:26;-6.929711667;112.7216683;5.9;-1;190;194.8;0;49;M;690216;9233676;['P1']
2023-09-01T08:15:36;-6.930001667;112.72159;5.8;-1;192;195.6;0;49;M;690207;9233644;['P1']
2023-09-01T08:15:45;-6.930236667;112.7215233;5.6;-1;194;196.4;127;49;M;690200;9233618;['P1']
2023-09-01T08:15:56;-6.930481667;112.7214533;5.5;-1;195;197.6;0;49;M;690192;9233591;['P1']
2023-09-01T08:16:06;-6.93072;112.7213767;5.4;-1;197;198.2;0;49;M;690183;9233564;['P1']
2023-09-01T08:16:26;-6.931185;112.7212367;5.1;-1;199;199.2;0;49;M;690168;9233513;['P1']
2023-09-01T08:16:36;-6.931436667;112.72115;5;-1;199;198.9;0;49;M;690158;9233485;['P1']
2023-09-01T08:16:45;-6.93161;112.72111;5;-1;200;199.7;0;49;M;690153;9233466;['P1']
2023-09-01T08:16:55;-6.931845;112.721025;4.9;-1;200;200.6;0;49;M;690144;9233440;['P1']
2023-09-01T08:17:06;-6.932053333;112.72094;4.8;-1;201;200.4;0;49;M;690134;9233417;['P1']
2023-09-01T08:17:16;-6.932268333;112.7208317;4.7;-1;201;200.6;0;49;M;690122;9233393;['P1']
2023-09-01T08:17:26;-6.932438333;112.720755;4.6;-1;202;200.6;0;49;M;690114;9233375;['P1']
2023-09-01T08:17:45;-6.932855;112.7205717;5.3;-1;202;201.9;0;49;M;690093;9233329;['P1']
2023-09-01T08:17:55;-6.933148333;112.7204383;5.9;-1;201;202.3;0;49;M;690079;9233296;['P1']
2023-09-01T08:18:07;-6.933443333;112.72032;6.4;-1;201;201.9;0;49;M;690065;9233264;['P1']
2023-09-01T08:18:26;-6.934058333;112.720045;7.2;-1;201;201.1;0;49;M;690035;9233196;['P1']
2023-09-01T08:18:35;-6.934346667;112.7199133;7.7;-1;201;201.6;0;49;M;690020;9233164;['P1']
2023-09-01T08:18:45;-6.934676667;112.7197817;8.1;-1;201;202;0;49;M;690005;9233128;['P1']
2023-09-01T08:18:55;-6.935085;112.7196417;8.5;-1;201;201.5;0;49;M;689990;9233082;['P1']
2023-09-01T08:19:07;-6.9355;112.7194833;8.9;-1;201;201.9;0;49;M;689972;9233037;['P1']
2023-09-01T08:19:17;-6.935885;112.719345;9.2;-1;201;201.5;0;49;M;689957;9232994;['P1']
2023-09-01T08:19:26;-6.936281667;112.7191717;9.5;-1;201;201.4;0;49;M;689937;9232950;['P1']
2023-09-01T08:19:35;-6.936671667;112.7190267;9.7;-1;201;201.3;0;49;M;689921;9232907;['P1']
2023-09-01T08:19:45;-6.937065;112.7189067;10;-1;201;201.5;0;49;M;689908;9232864;['P1']
2023-09-01T08:20:16;-6.938501667;112.7183333;10.6;-1;202;201.2;0;49;M;689844;9232705;['P1']
2023-09-01T08:20:26;-6.938965;112.71816;10.8;-1;201;201.3;0;49;M;689824;9232654;['P1']
2023-09-01T08:20:35;-6.939381667;112.7179833;10.9;-1;201;201.4;0;49;M;689805;9232608;['P1']
2023-09-01T08:20:45;-6.939813333;112.717815;11;-1;199;201.2;0;49;M;689786;9232560;['P1']
2023-09-01T08:20:55;-6.940356667;112.7176167;11.1;-1;197;200;0;49;M;689764;9232500;['P1']
2023-09-01T08:21:06;-6.940893333;112.7174067;11.1;-1;200;200.4;0;49;M;689740;9232441;['P1']
2023-09-01T08:21:16;-6.941376667;112.7172033;11.2;-1;200;200.5;0;49;M;689718;9232388;['P1']
2023-09-01T08:21:35;-6.942318333;112.7168283;11.3;-1;200;200.3;0;49;M;689676;9232284;['P1']
2023-09-01T08:21:45;-6.94276;112.716655;11.4;-1;200;200.6;0;49;M;689657;9232235;['P1']
2023-09-01T08:23:06;-6.946885;112.7151617;11.5;-1;195;199.2;0;49;M;689490;9231779;['P1']
2023-09-01T08:26:16;-6.956548333;112.7119233;11.5;-1;193;198.9;0;49;M;689128;9230712;['P1']
2023-09-01T08:26:25;-6.956965;112.7117917;11.5;-1;194;198.9;0;49;M;689113;9230666;['P1']
2023-09-01T08:26:47;-6.958068333;112.711425;11.6;-1;195;199.5;0;49;M;689072;9230544;['P1']
2023-09-01T08:27:16;-6.959586667;112.7108767;11.6;-1;195;200;-127;49;M;689011;9230376;['P1']
2023-09-01T08:27:25;-6.960003333;112.71073;11.6;-1;194;200;0;49;M;688995;9230330;['P1']
2023-09-01T08:27:47;-6.961116667;112.7103133;11.5;-1;193;199.3;0;49;M;688948;9230207;['P1']
2023-09-01T08:28:05;-6.962066667;112.7099583;11.5;-1;194;199;0;49;M;688909;9230102;['P1']
2023-09-01T08:28:16;-6.962616667;112.70977;11.5;-1;194;198.4;0;49;M;688888;9230042;['P1']
2023-09-01T08:28:35;-6.963593333;112.7094517;11.6;-1;195;198;0;49;M;688852;9229934;['P1']
2023-09-01T08:28:47;-6.964161667;112.7092667;11.6;-1;195;197.8;0;49;M;688831;9229871;['P1']
2023-09-01T08:29:07;-6.965208333;112.70894;11.7;-1;195;197.6;0;49;M;688795;9229755;['P1']
2023-09-01T08:29:16;-6.96574;112.70876;11.7;-1;195;198.2;0;49;M;688775;9229696;['P1']
2023-09-01T08:29:25;-6.966158333;112.708615;11.7;-1;195;198;0;49;M;688759;9229650;['P1']
2023-09-01T08:29:37;-6.966796667;112.708425;11.8;-1;194;198.1;0;49;M;688737;9229580;['P1']
2023-09-01T08:29:47;-6.967305;112.708275;11.8;-1;194;197.9;0;49;M;688721;9229524;['P1']
2023-09-01T08:29:55;-6.967713333;112.70814;11.8;-1;194;198.1;0;49;M;688706;9229478;['P1']
2023-09-01T08:30:07;-6.968333333;112.7079467;11.8;-1;195;198.2;0;49;M;688684;9229410;['P1']
2023-09-01T08:30:15;-6.968793333;112.707785;11.8;-1;196;198.6;0;49;M;688666;9229359;['P1']
2023-09-01T08:30:25;-6.969243333;112.7076067;11.8;-1;198;199.5;127;49;M;688646;9229310;['P1']
2023-09-01T08:30:47;-6.970355;112.70716;11.7;-1;203;203.2;0;49;M;688596;9229187;['P1']
2023-09-01T08:31:25;-6.972128333;112.7063017;11.6;-1;209;207.3;127;49;M;688501;9228991;['P1']
2023-09-01T08:31:37;-6.97278;112.70596;11.6;-1;209;208.6;0;49;M;688463;9228919;['P1']
2023-09-01T08:31:55;-6.973605;112.70547;11.6;-1;211;211.1;0;49;M;688408;9228828;['P1']
2023-09-01T08:32:07;-6.974156667;112.7051117;11.6;-1;214;212.7;0;49;M;688368;9228767;['P1']
2023-09-01T08:32:15;-6.974553333;112.7048283;11.6;-1;214;213.3;0;49;M;688337;9228723;['P1']
2023-09-01T08:32:37;-6.975483333;112.7041817;11.5;-1;215;215.5;0;49;M;688265;9228621;['P1']
2023-09-01T08:34:07;-6.97936;112.70128;11.7;-1;214;216.9;0;49;M;687943;9228193;['P1']
2023-09-01T08:34:45;-6.980873333;112.700145;11.8;-1;213;216;0;49;M;687817;9228026;['P1']
2023-09-01T08:35:15;-6.982455;112.6989717;11.8;-1;214;216.2;0;49;M;687687;9227852;['P1']
2023-09-01T08:35:25;-6.98286;112.6986733;11.8;-1;214;216.7;0;49;M;687653;9227807;['P1']
2023-09-01T08:35:36;-6.9834;112.6982833;11.8;-1;214;216.5;0;49;M;687610;9227748;['P1']
2023-09-01T08:35:45;-6.983745;112.69803;11.8;-1;214;216.8;0;49;M;687582;9227710;['P1']
2023-09-01T08:35:55;-6.984166667;112.6977167;11.8;-1;214;216.6;0;49;M;687547;9227663;['P1']
2023-09-01T08:36:06;-6.984665;112.69733;11.9;-1;214;217;0;49;M;687504;9227608;['P1']
2023-09-01T08:36:17;-6.985113333;112.697005;11.9;-1;214;217.1;0;49;M;687468;9227559;['P1']
2023-09-01T08:36:26;-6.985526667;112.6966983;11.9;-1;214;217.2;0;49;M;687434;9227513;['P1']
2023-09-01T08:36:45;-6.986415;112.6960583;11.9;-1;213;216.7;0;49;M;687363;9227415;['P1']
2023-09-01T08:36:55;-6.98682;112.6957533;12;-1;212;216.6;0;49;M;687329;9227370;['P1']
2023-09-01T08:37:06;-6.987346667;112.6953733;12;-1;211;215.9;0;49;M;687287;9227312;['P1']
2023-09-01T08:37:17;-6.98779;112.6950367;12;-1;212;216.3;0;49;M;687250;9227263;['P1']
2023-09-01T08:37:26;-6.988191667;112.69474;11.9;-1;211;215.5;0;49;M;687217;9227219;['P1']
2023-09-01T08:37:45;-6.9891;112.6941117;12;-1;211;215.2;0;49;M;687147;9227119;['P1']
2023-09-01T08:37:55;-6.989506667;112.693825;11.9;-1;211;215.2;0;49;M;687115;9227074;['P1']
2023-09-01T08:38:06;-6.990056667;112.6934467;11.9;-1;210;214.5;0;49;M;687073;9227013;['P1']
2023-09-01T08:38:17;-6.990526667;112.6931383;12;-1;211;214.4;0;49;M;687039;9226961;['P1']
2023-09-01T08:38:26;-6.990948333;112.6928417;12;-1;212;215;0;49;M;687006;9226915;['P1']
2023-09-01T08:38:45;-6.991886667;112.6921983;12;-1;211;215.1;0;49;M;686934;9226811;['P1']
2023-09-01T08:39:17;-6.993305;112.6911933;12.1;-1;211;215.3;0;49;M;686823;9226655;['P1']
2023-09-01T08:39:55;-6.995023333;112.6899417;12.1;-1;211;215.6;0;49;M;686684;9226465;['P1']
2023-09-01T08:41:15;-6.998713333;112.6873717;12;-1;206;212.7;-127;49;M;686398;9226058;['P1']
2023-09-01T08:41:26;-6.999208333;112.6870833;12;-1;205;211.4;0;49;M;686366;9226004;['P1']
2023-09-01T08:41:36;-6.999753333;112.686765;11.9;-1;204;210.3;0;49;M;686331;9225944;['P1']
2023-09-01T08:42:06;-7.001251667;112.6859467;11.9;-1;201;206.8;0;49;M;686240;9225778;['P1']
2023-09-01T08:42:45;-7.003215;112.6850017;11.9;-1;199;204.4;0;49;M;686135;9225561;['P1']
2023-09-01T08:42:57;-7.003778333;112.68474;11.9;-1;199;204.4;0;49;M;686105;9225499;['P1']
2023-09-01T08:43:05;-7.004235;112.6845467;12;-1;199;205;0;49;M;686084;9225449;['P1']
2023-09-01T08:43:15;-7.004743333;112.684315;11.9;-1;200;204.3;0;49;M;686058;9225393;['P1']
2023-09-01T08:43:25;-7.005238333;112.6840883;11.9;-1;200;204.2;0;49;M;686033;9225338;['P1']
2023-09-01T08:43:45;-7.006246667;112.6836333;12;-1;199;203.9;0;49;M;685982;9225227;['P1']
2023-09-01T08:43:56;-7.006813333;112.6833783;12;-1;199;203.9;0;49;M;685954;9225164;['P1']
2023-09-01T08:44:05;-7.007278333;112.683185;12;-1;199;204.1;0;49;M;685932;9225113;['P1']
2023-09-01T08:44:15;-7.007788333;112.6829683;12.1;-1;200;204.4;0;49;M;685908;9225056;['P1']
2023-09-01T08:44:36;-7.00885;112.6824517;12.1;-1;202;205.7;0;49;M;685851;9224939;['P1']
2023-09-01T08:44:45;-7.009311667;112.682235;12.1;-1;202;205.6;0;49;M;685826;9224888;['P1']
2023-09-01T08:44:56;-7.009868333;112.68196;12.2;-1;205;206.8;127;49;M;685796;9224827;['P1']
2023-09-01T08:45:05;-7.010318333;112.681735;12.2;-1;205;207.2;0;49;M;685771;9224777;['P1']
2023-09-01T08:45:15;-7.010816667;112.6814783;12.3;-1;205;207.7;0;49;M;685742;9224722;['P1']
2023-09-01T08:45:25;-7.011326667;112.681205;12.3;-1;205;207.8;0;49;M;685712;9224666;['P1']
2023-09-01T08:46:15;-7.013841667;112.6797967;12.3;-1;205;207.9;0;49;M;685555;9224388;['P1']
2023-09-01T08:46:25;-7.014348333;112.6795183;12.4;-1;205;208.2;0;49;M;685524;9224332;['P1']
2023-09-01T08:48:55;-7.022093333;112.6755967;12.5;-1;206;207;0;49;M;685088;9223477;['P1']
2023-09-01T08:49:25;-7.023668333;112.67474;12.5;-1;203;206.6;0;49;M;684993;9223304;['P1']
2023-09-01T08:50:16;-7.026326667;112.6734217;12.5;-1;203;206.5;0;49;M;684846;9223010;['P1']
2023-09-01T08:50:25;-7.026798333;112.6732017;12.5;-1;204;206.7;127;49;M;684821;9222958;['P1']
2023-09-01T08:50:36;-7.0273;112.67295;12.5;-1;205;206.9;0;49;M;684793;9222903;['P1']
2023-09-01T08:50:45;-7.027825;112.6727217;12.5;-1;203;206.4;0;49;M;684768;9222845;['P1']
2023-09-01T08:50:55;-7.028353333;112.6724683;12.6;-1;203;206.3;0;49;M;684740;9222786;['P1']
2023-09-01T08:51:16;-7.02943;112.6719283;12.5;-1;203;206;0;49;M;684680;9222667;['P1']
2023-09-01T08:51:55;-7.031481667;112.6709283;12.6;-1;204;206.1;0;49;M;684568;9222441;['P1']
2023-09-01T08:53:26;-7.03648;112.6688267;12.7;-1;195;199;0;49;M;684334;9221889;['P1']
2023-09-01T08:57:55;-7.052058333;112.665355;13;-1;185;188.2;0;49;M;683945;9220167;['P1']
2023-09-01T08:58:46;-7.05512;112.664905;13.1;-1;185;187.9;0;49;M;683894;9219829;['P1']
2023-09-01T08:58:55;-7.055665;112.6648267;13.1;-1;185;187.9;0;49;M;683885;9219769;['P1']
2023-09-01T08:59:16;-7.056991667;112.6646467;13.1;-1;185;187.6;0;49;M;683864;9219622;['P1']
2023-09-01T09:00:35;-7.061746667;112.664085;13.1;-1;184;187.2;0;49;M;683800;9219097;['P1']
2023-09-01T09:00:46;-7.062355;112.6640017;13.1;-1;184;187.9;0;49;M;683791;9219029;['P1']
2023-09-01T09:01:05;-7.063556667;112.6638767;13.1;-1;185;186.6;0;49;M;683777;9218896;['P1']
2023-09-01T09:01:25;-7.064708333;112.66373;13.1;-1;186;187.2;0;49;M;683760;9218769;['P1']
2023-09-01T09:02:46;-7.06957;112.6628883;13;-1;191;191.1;0;49;M;683665;9218232;['P1']
2023-09-01T09:03:05;-7.070773333;112.6626417;13;-1;190;191.7;0;49;M;683637;9218099;['P1']
2023-09-01T09:03:15;-7.071365;112.6624883;13;-1;190;191.6;0;49;M;683620;9218033;['P1']
2023-09-01T09:04:05;-7.074315;112.6618867;13;-1;190;191.8;0;49;M;683553;9217707;['P1']
2023-09-01T09:04:25;-7.075428333;112.6616183;13;-1;188;191.2;0;49;M;683522;9217584;['P1']
2023-09-01T09:04:35;-7.076066667;112.661475;13;-1;189;191.5;0;49;M;683506;9217514;['P1']
2023-09-01T09:04:45;-7.076601667;112.6613517;12.9;-1;189;191.5;0;49;M;683493;9217455;['P1']
2023-09-01T09:04:55;-7.077226667;112.6612367;12.9;-1;189;191.3;0;49;M;683480;9217386;['P1']
2023-09-01T09:05:25;-7.078926667;112.6609;12.9;-1;190;192;0;49;M;683442;9217198;['P1']
2023-09-01T09:05:35;-7.079558333;112.6608133;12.8;-1;190;192.7;0;49;M;683432;9217128;['P1']
2023-09-01T09:05:45;-7.080095;112.66072;12.9;-1;190;191.4;0;49;M;683421;9217069;['P1']
2023-09-01T09:05:55;-7.080731667;112.660565;12.8;-1;189;191.4;0;49;M;683404;9216998;['P1']
2023-09-01T09:06:15;-7.08195;112.6603617;12.8;-1;189;191.5;0;49;M;683381;9216864;['P1']
2023-09-01T09:06:25;-7.082496667;112.66026;12.8;-1;190;191.5;0;49;M;683370;9216803;['P1']
2023-09-01T09:06:45;-7.08365;112.65997;12.8;-1;190;192.5;0;49;M;683337;9216676;['P1']
2023-09-01T09:07:05;-7.08479;112.6596917;12.8;-1;190;191.8;0;49;M;683306;9216550;['P1']
2023-09-01T09:07:25;-7.085961667;112.6594867;12.8;-1;188;190.2;0;49;M;683283;9216420;['P1']
2023-09-01T09:07:45;-7.087148333;112.659315;12.8;-1;183;188;-127;49;M;683263;9216289;['P1']
2023-09-01T09:08:05;-7.08833;112.6591883;12.8;-1;181;185.7;0;49;M;683249;9216159;['P1']
2023-09-01T09:08:16;-7.088983333;112.6591483;12.7;-1;180;184.8;0;49;M;683244;9216086;['P1']
2023-09-01T09:08:26;-7.089576667;112.659095;12.7;-1;180;184.2;0;49;M;683238;9216021;['P1']
2023-09-01T09:09:26;-7.093141667;112.65891;12.7;-1;179;183.3;0;49;M;683216;9215627;['P1']
2023-09-01T09:09:36;-7.093726667;112.6588917;12.7;-1;178;182.2;0;49;M;683214;9215562;['P1']
2023-09-01T09:10:26;-7.096668333;112.6589217;12.7;-1;174;178.9;0;49;M;683216;9215237;['P1']
2023-09-01T09:10:35;-7.097256667;112.6589283;12.6;-1;175;179;0;49;M;683217;9215171;['P1']
2023-09-01T09:11:16;-7.099605;112.65898;12.6;-1;174;178.5;0;49;M;683221;9214912;['P1']
2023-09-01T09:11:26;-7.100195;112.6590067;12.6;-1;174;178.4;0;49;M;683224;9214846;['P1']
2023-09-01T09:11:35;-7.100778333;112.659015;12.5;-1;174;178.5;0;49;M;683225;9214782;['P1']
2023-09-01T09:11:45;-7.101303333;112.6590283;12.5;-1;175;178.4;0;49;M;683226;9214724;['P1']
2023-09-01T09:13:17;-7.106555;112.6593967;12.3;-1;171;175.2;0;49;M;683265;9214143;['P1']
2023-09-01T09:13:26;-7.107155;112.6594417;12.3;-1;171;175.4;0;49;M;683269;9214077;['P1']
2023-09-01T09:13:56;-7.108813333;112.6595483;12.2;-1;169;174.8;0;49;M;683281;9213893;['P1']
2023-09-01T09:14:17;-7.109986667;112.6596733;12.1;-1;168;173.9;0;49;M;683294;9213763;['P1']
2023-09-01T09:14:26;-7.110556667;112.659745;12.1;-1;169;173.7;0;49;M;683302;9213700;['P1']
2023-09-01T09:14:56;-7.112145;112.6599367;12;-1;170;174;0;49;M;683322;9213525;['P1']
2023-09-01T09:15:05;-7.112698333;112.6599983;12;-1;170;173.8;0;49;M;683329;9213463;['P1']
2023-09-01T09:15:17;-7.113313333;112.6600733;12;-1;169;173.8;0;49;M;683337;9213395;['P1']
2023-09-01T09:15:26;-7.113876667;112.6601367;12;-1;169;173.7;0;49;M;683344;9213333;['P1']
2023-09-01T09:16:16;-7.116721667;112.6604317;12;-1;170;174.1;0;49;M;683375;9213018;['P1']
2023-09-01T09:16:26;-7.117231667;112.66049;12;-1;171;174.3;0;49;M;683381;9212962;['P1']
2023-09-01T09:16:45;-7.118215;112.6605933;11.9;-1;170;174.5;0;49;M;683392;9212853;['P1']
2023-09-01T09:17:05;-7.119368333;112.6606983;11.9;-1;170;174.7;0;49;M;683403;9212725;['P1']
2023-09-01T09:17:16;-7.11997;112.6607617;11.8;-1;171;174.8;0;49;M;683410;9212659;['P1']
2023-09-01T09:17:26;-7.120585;112.6607817;11.8;-1;171;174.9;0;49;M;683412;9212591;['P1']
2023-09-01T09:17:36;-7.121015;112.660815;11.7;-1;170;174.8;0;49;M;683416;9212543;['P1']
2023-09-01T09:17:46;-7.121615;112.6608817;11.7;-1;169;174.7;0;49;M;683423;9212477;['P1']
2023-09-01T09:17:56;-7.122108333;112.6609267;11.7;-1;169;174.8;0;49;M;683428;9212422;['P1']
2023-09-01T09:18:05;-7.122653333;112.660995;11.7;-1;170;174.9;0;49;M;683435;9212362;['P1']
2023-09-01T09:18:15;-7.123181667;112.6610383;11.7;-1;170;175;0;49;M;683439;9212303;['P1']
2023-09-01T09:18:26;-7.123761667;112.661105;11.7;-1;170;174.8;0;49;M;683447;9212239;['P1']
2023-09-01T09:18:36;-7.124261667;112.6611533;11.7;-1;170;174.8;0;49;M;683452;9212184;['P1']
2023-09-01T09:18:46;-7.124851667;112.66121;11.7;-1;170;175.1;0;49;M;683458;9212119;['P1']
2023-09-01T09:18:56;-7.12539;112.66127;11.7;-1;170;174.9;0;49;M;683464;9212059;['P1']
2023-09-01T09:19:05;-7.125896667;112.6613117;11.8;-1;170;175;0;49;M;683469;9212003;['P1']
2023-09-01T09:19:47;-7.12814;112.6615033;11.7;-1;170;174.5;0;49;M;683489;9211755;['P1']
2023-09-01T09:19:56;-7.128683333;112.6615667;11.8;-1;170;174.1;0;49;M;683496;9211695;['P1']
2023-09-01T09:20:06;-7.129221667;112.66163;11.8;-1;171;174.1;0;49;M;683502;9211635;['P1']
2023-09-01T09:20:15;-7.129765;112.6616967;11.8;-1;171;173.9;0;49;M;683510;9211575;['P1']
2023-09-01T09:20:26;-7.130316667;112.661755;11.7;-1;170;173.7;0;49;M;683516;9211514;['P1']
2023-09-01T09:20:36;-7.130835;112.661795;11.6;-1;170;173.7;0;49;M;683520;9211457;['P1']
2023-09-01T09:20:47;-7.131375;112.6618633;11.6;-1;170;173.7;0;49;M;683527;9211397;['P1']
2023-09-01T09:20:56;-7.131915;112.66193;11.6;-1;169;173.1;0;49;M;683534;9211337;['P1']
2023-09-01T09:21:06;-7.132451667;112.6619967;11.5;-1;169;172.7;0;49;M;683542;9211278;['P1']
2023-09-01T09:21:15;-7.132968333;112.6620467;11.5;-1;169;172.8;0;49;M;683547;9211221;['P1']
2023-09-01T09:21:25;-7.133485;112.6621017;11.5;-1;168;172.3;0;49;M;683553;9211164;['P1']
2023-09-01T09:21:36;-7.133996667;112.6621633;11.6;-1;169;172.1;0;49;M;683559;9211107;['P1']
2023-09-01T09:21:46;-7.134513333;112.66225;11.5;-1;169;172;0;49;M;683569;9211050;['P1']
2023-09-01T09:21:56;-7.135043333;112.66233;11.6;-1;169;171.8;0;49;M;683577;9210991;['P1']
2023-09-01T09:22:06;-7.135585;112.6624067;11.5;-1;169;172;0;49;M;683586;9210931;['P1']
2023-09-01T09:22:15;-7.136115;112.662495;11.5;-1;169;172.1;0;49;M;683595;9210873;['P1']
2023-09-01T09:22:25;-7.136655;112.662565;11.5;-1;170;172.3;0;49;M;683603;9210813;['P1']
2023-09-01T09:23:06;-7.138793333;112.6628317;11.4;-1;170;172.9;0;49;M;683631;9210576;['P1']
2023-09-01T09:23:15;-7.139321667;112.6629017;11.5;-1;169;172.8;0;49;M;683639;9210518;['P1']
2023-09-01T09:23:25;-7.139853333;112.6629733;11.5;-1;170;173;0;49;M;683647;9210459;['P1']
2023-09-01T09:23:46;-7.140901667;112.6630983;11.4;-1;167;172.3;-127;49;M;683660;9210343;['P1']
2023-09-01T09:23:56;-7.141438333;112.6631717;11.4;-1;166;171.6;0;49;M;683668;9210284;['P1']
2023-09-01T09:24:06;-7.141953333;112.6632683;11.3;-1;165;170.5;0;49;M;683678;9210227;['P1']
2023-09-01T09:24:15;-7.142475;112.6633783;11.3;-1;162;169.3;-127;49;M;683690;9210169;['P1']
2023-09-01T09:24:25;-7.142975;112.6635033;11.2;-1;162;167.8;0;49;M;683704;9210114;['P1']
2023-09-01T09:24:36;-7.143478333;112.6636333;11.2;-1;161;167.1;0;49;M;683718;9210058;['P1']
2023-09-01T09:24:46;-7.14398;112.6637767;11.1;-1;157;165.5;-127;49;M;683734;9210002;['P1']
2023-09-01T09:24:56;-7.144496667;112.66391;11.1;-1;157;164.4;0;49;M;683748;9209945;['P1']
2023-09-01T09:25:06;-7.145008333;112.6640533;11;-1;157;163.9;0;49;M;683764;9209888;['P1']
2023-09-01T09:25:15;-7.145491667;112.6642067;11;-1;157;162.6;0;49;M;683781;9209835;['P1']
2023-09-01T09:25:26;-7.145961667;112.6643583;11;-1;158;162.4;0;49;M;683797;9209783;['P1']
2023-09-01T09:25:35;-7.14645;112.6645167;11;-1;158;162.3;0;49;M;683814;9209729;['P1']
2023-09-01T09:25:46;-7.146953333;112.664685;11;-1;159;162.6;0;49;M;683833;9209673;['P1']
2023-09-01T09:25:56;-7.147443333;112.6648367;11;-1;160;163.2;0;49;M;683849;9209619;['P1']
2023-09-01T09:26:06;-7.14792;112.6649833;11;-1;157;163.1;0;49;M;683865;9209566;['P1']
2023-09-01T09:26:15;-7.1484;112.665135;10.9;-1;157;163;0;49;M;683882;9209513;['P1']
2023-09-01T09:26:26;-7.148878333;112.6652883;10.9;-1;156;162.8;0;49;M;683899;9209460;['P1']
2023-09-01T09:26:46;-7.14984;112.6656167;10.8;-1;155;162;0;49;M;683935;9209353;['P1']
2023-09-01T09:26:56;-7.150335;112.6657783;10.7;-1;155;161.7;0;49;M;683952;9209299;['P1']
2023-09-01T09:27:06;-7.15079;112.6659283;10.6;-1;155;161.2;0;49;M;683969;9209248;['P1']
2023-09-01T09:27:15;-7.151235;112.6660817;10.6;-1;156;161;0;49;M;683985;9209199;['P1']
2023-09-01T09:27:26;-7.151695;112.6662417;10.6;-1;154;160.6;-127;49;M;684003;9209148;['P1']
2023-09-01T09:27:35;-7.152158333;112.666385;10.5;-1;153;159.8;0;49;M;684018;9209097;['P1']
2023-09-01T09:27:46;-7.152601667;112.6665717;10.4;-1;152;158.5;0;49;M;684039;9209048;['P1']
2023-09-01T09:27:56;-7.153036667;112.6667467;10.3;-1;151;157.5;0;49;M;684058;9208999;['P1']
2023-09-01T09:28:06;-7.153473333;112.6669333;10.3;-1;151;156.7;0;49;M;684079;9208951;['P1']
2023-09-01T09:28:15;-7.153895;112.6671483;10.2;-1;149;155.4;0;49;M;684102;9208904;['P1']
2023-09-01T09:28:26;-7.154328333;112.66736;10.1;-1;147;154.1;0;49;M;684125;9208856;['P1']
2023-09-01T09:28:35;-7.15476;112.6675667;10.1;-1;144;152.7;0;49;M;684148;9208809;['P1']
2023-09-01T09:28:46;-7.155178333;112.6677833;10;-1;145;152.2;0;49;M;684172;9208762;['P1']
2023-09-01T09:29:05;-7.155951667;112.6682017;10;-1;145;150.4;0;49;M;684218;9208677;['P1']
2023-09-01T09:29:15;-7.156346667;112.6684083;10;-1;144;150.3;0;49;M;684240;9208633;['P1']
2023-09-01T09:29:26;-7.156778333;112.66867;10;-1;143;149.6;0;49;M;684269;9208585;['P1']
2023-09-01T09:29:45;-7.15753;112.66916;10;-1;141;148.3;0;49;M;684323;9208502;['P1']
2023-09-01T09:29:56;-7.157973333;112.6694433;9.8;-1;143;148.4;0;49;M;684354;9208452;['P1']
2023-09-01T09:30:16;-7.158681667;112.6698867;9.5;-1;141;147.1;0;49;M;684403;9208374;['P1']
2023-09-01T09:30:45;-7.159741667;112.6705583;9;-1;142;147.4;0;49;M;684476;9208256;['P1']
2023-09-01T09:31:05;-7.16045;112.6710083;8.9;-1;143;147.5;0;49;M;684526;9208178;['P1']
2023-09-01T09:31:16;-7.160776667;112.671215;8.8;-1;142;147.5;0;49;M;684549;9208142;['P1']
2023-09-01T09:31:25;-7.161105;112.67142;8.7;-1;142;147.4;0;49;M;684571;9208105;['P1']
2023-09-01T09:31:35;-7.16145;112.6716383;8.7;-1;142;147.4;0;49;M;684595;9208067;['P1']
2023-09-01T09:31:45;-7.161806667;112.6718517;8.6;-1;142;147.2;0;49;M;684618;9208028;['P1']
2023-09-01T09:32:05;-7.162478333;112.6722583;8.5;-1;142;147.4;0;49;M;684663;9207953;['P1']
2023-09-01T09:32:15;-7.16281;112.6724617;8.5;-1;141;147.4;0;49;M;684685;9207916;['P1']
2023-09-01T09:32:25;-7.163141667;112.6727017;8.7;-1;142;147;0;49;M;684712;9207880;['P1']
2023-09-01T09:32:35;-7.163478333;112.6729383;8.8;-1;142;147;0;49;M;684738;9207842;['P1']
2023-09-01T09:32:45;-7.163848333;112.6731783;9;-1;141;146.5;0;49;M;684764;9207801;['P1']
2023-09-01T09:33:05;-7.164543333;112.6736367;9.3;-1;142;146.7;0;49;M;684815;9207724;['P1']
2023-09-01T09:33:15;-7.16496;112.67391;9.4;-1;143;146.8;0;49;M;684845;9207678;['P1']
2023-09-01T09:33:25;-7.165271667;112.674095;9.5;-1;143;147.2;0;49;M;684865;9207643;['P1']
2023-09-01T09:33:57;-7.166531667;112.6749183;9.7;-1;144;148.1;0;49;M;684955;9207504;['P1']
2023-09-01T09:34:05;-7.166793333;112.6750883;9.8;-1;145;148.6;0;49;M;684974;9207475;['P1']
2023-09-01T09:34:25;-7.167575;112.6755333;9.9;-1;146;149.2;0;49;M;685023;9207388;['P1']
2023-09-01T09:34:35;-7.167975;112.6757417;9.9;-1;147;150.6;0;49;M;685046;9207344;['P1']
2023-09-01T09:34:45;-7.168433333;112.67597;10;-1;148;151.1;0;49;M;685071;9207293;['P1']
2023-09-01T09:35:05;-7.169206667;112.6764267;9.9;-1;148;152.2;0;49;M;685121;9207207;['P1']
2023-09-01T09:35:16;-7.169693333;112.6766833;9.8;-1;150;153.5;0;49;M;685149;9207153;['P1']
2023-09-01T09:35:26;-7.170153333;112.67693;9.6;-1;150;153.9;0;49;M;685176;9207102;['P1']
2023-09-01T09:35:35;-7.170463333;112.6771083;9.4;-1;150;154;0;49;M;685196;9207068;['P1']
2023-09-01T09:35:45;-7.170851667;112.6772783;9.3;-1;150;154.4;0;49;M;685214;9207025;['P1']
2023-09-01T09:36:05;-7.171588333;112.6776167;9.1;-1;150;154.5;0;49;M;685251;9206943;['P1']
2023-09-01T09:36:16;-7.172008333;112.6778033;8.9;-1;151;155.4;0;49;M;685272;9206897;['P1']
2023-09-01T09:36:26;-7.172415;112.6780167;8.8;-1;151;155.2;0;49;M;685295;9206852;['P1']
2023-09-01T09:36:35;-7.172708333;112.6781717;8.8;-1;151;155.5;0;49;M;685312;9206819;['P1']
2023-09-01T09:36:55;-7.17344;112.678495;8.6;-1;150;155.1;0;49;M;685348;9206738;['P1']
2023-09-01T09:37:06;-7.173815;112.6786833;8.5;-1;148;154.3;0;49;M;685368;9206697;['P1']
2023-09-01T09:37:16;-7.174178333;112.6788667;8.5;-1;148;153.4;0;49;M;685388;9206656;['P1']
2023-09-01T09:37:26;-7.174565;112.6790533;8.4;-1;146;152.5;-127;49;M;685409;9206614;['P1']
2023-09-01T09:37:35;-7.174825;112.67919;8.1;-1;144;151.3;0;49;M;685424;9206585;['P1']
2023-09-01T09:37:46;-7.175191667;112.6793767;7.7;-1;145;150.5;0;49;M;685444;9206544;['P1']
2023-09-01T09:37:55;-7.17542;112.67951;7.4;-1;144;150.2;0;49;M;685459;9206519;['P1']
2023-09-01T09:38:06;-7.175738333;112.679685;7.1;-1;144;149.7;0;49;M;685478;9206484;['P1']
2023-09-01T09:38:16;-7.176021667;112.6798383;6.9;-1;144;149.3;0;49;M;685495;9206452;['P1']
2023-09-01T09:38:46;-7.176825;112.68037;6.3;-1;145;149.4;0;49;M;685553;9206363;['P1']
2023-09-01T09:38:55;-7.177008333;112.6804817;6.1;-1;144;149;0;49;M;685566;9206343;['P1']
2023-09-01T09:39:06;-7.1773;112.680655;6.1;-1;141;147.7;0;49;M;685585;9206311;['P1']
2023-09-01T09:39:16;-7.177545;112.68082;6.2;-1;139;146.1;-127;49;M;685603;9206283;['P1']
2023-09-01T09:39:26;-7.177796667;112.6809883;6.3;-1;137;145.7;0;49;M;685621;9206255;['P1']
2023-09-01T09:39:46;-7.178281667;112.6813317;6.5;-1;134;142.6;0;49;M;685659;9206202;['P1']
2023-09-01T09:39:55;-7.178461667;112.6814867;6.6;-1;133;141.5;0;49;M;685676;9206182;['P1']
2023-09-01T09:40:06;-7.178713333;112.6817133;6.7;-1;132;140;0;49;M;685701;9206154;['P1']
2023-09-01T09:40:16;-7.17894;112.68191;6.8;-1;131;139.2;0;49;M;685723;9206129;['P1']
2023-09-01T09:40:25;-7.179176667;112.6821067;6.8;-1;132;138;0;49;M;685744;9206102;['P1']
2023-09-01T09:40:35;-7.179426667;112.6823233;6.9;-1;132;138.1;0;49;M;685768;9206075;['P1']
2023-09-01T09:40:46;-7.179706667;112.6825767;7;-1;132;138.1;0;49;M;685796;9206044;['P1']
2023-09-01T09:41:06;-7.180146667;112.6830067;7.1;-1;132;137.3;0;49;M;685843;9205995;['P1']
2023-09-01T09:41:16;-7.18039;112.6832417;7.1;-1;133;137.2;0;49;M;685869;9205968;['P1']
2023-09-01T09:41:25;-7.180593333;112.6834383;6.9;-1;134;138.2;0;49;M;685891;9205945;['P1']
2023-09-01T09:41:35;-7.180826667;112.6836467;6.7;-1;135;138.5;0;49;M;685914;9205919;['P1']
2023-09-01T09:41:55;-7.181248333;112.6840417;6.3;-1;133;138.1;0;49;M;685957;9205872;['P1']
2023-09-01T09:42:06;-7.181506667;112.68424;6.1;-1;133;138.2;0;49;M;685979;9205844;['P1']
2023-09-01T09:42:16;-7.181731667;112.6844317;5.9;-1;132;138.2;0;49;M;686000;9205819;['P1']
2023-09-01T09:42:25;-7.181915;112.684605;5.8;-1;131;138.1;0;49;M;686019;9205799;['P1']
2023-09-01T09:42:35;-7.182106667;112.684775;5.6;-1;130;138.1;0;49;M;686038;9205777;['P1']
2023-09-01T09:42:46;-7.182301667;112.684965;5.4;-1;130;138.5;0;49;M;686059;9205756;['P1']
2023-09-01T09:42:55;-7.18246;112.6851283;5.3;-1;130;138.6;0;49;M;686077;9205738;['P1']
2023-09-01T09:43:06;-7.182661667;112.6853017;5.1;-1;130;138.9;0;49;M;686096;9205716;['P1']
2023-09-01T09:43:16;-7.182838333;112.6854333;5;-1;130;139;0;49;M;686110;9205696;['P1']
2023-09-01T09:43:25;-7.182986667;112.6855567;4.9;-1;131;139.6;0;49;M;686124;9205680;['P1']
2023-09-01T09:43:35;-7.183158333;112.6856883;4.7;-1;131;139.9;0;49;M;686138;9205661;['P1']
2023-09-01T09:43:46;-7.183343333;112.68584;4.6;-1;131;140.1;0;49;M;686155;9205640;['P1']
2023-09-01T09:43:56;-7.183511667;112.6860033;4.5;-1;131;140.4;0;49;M;686173;9205621;['P1']
2023-09-01T09:44:05;-7.183666667;112.6861317;4.4;-1;130;140;0;49;M;686187;9205604;['P1']
2023-09-01T09:44:16;-7.183815;112.6862683;4.3;-1;130;140.1;0;49;M;686202;9205588;['P1']
2023-09-01T09:44:25;-7.183935;112.6863767;4.1;-1;129;140.2;0;49;M;686214;9205574;['P1']
2023-09-01T09:44:35;-7.184073333;112.6864817;4;-1;129;139.5;0;49;M;686225;9205559;['P1']
2023-09-01T09:44:46;-7.184211667;112.6866267;3.9;-1;127;139.2;0;49;M;686241;9205544;['P1']
2023-09-01T09:44:56;-7.184371667;112.6867683;3.9;-1;126;138.1;0;49;M;686257;9205526;['P1']
2023-09-01T09:45:05;-7.184476667;112.68689;4;-1;125;136.2;0;49;M;686270;9205514;['P1']
2023-09-01T09:45:16;-7.184595;112.6870367;4.2;-1;121;133.6;-127;49;M;686286;9205501;['P1']
2023-09-01T09:45:26;-7.184738333;112.687205;4.4;-1;119;131.2;-127;49;M;686305;9205485;['P1']
2023-09-01T09:45:35;-7.184881667;112.6873567;4.5;-1;119;130.7;0;49;M;686322;9205469;['P1']
2023-09-01T09:45:46;-7.185046667;112.687535;4.7;-1;118;129.2;0;49;M;686341;9205451;['P1']
2023-09-01T09:45:56;-7.185211667;112.6877267;5;-1;118;128;0;49;M;686362;9205433;['P1']
2023-09-01T09:46:05;-7.185346667;112.6878983;5.1;-1;118;126.7;0;49;M;686381;9205418;['P1']
2023-09-01T09:46:16;-7.185503333;112.6881083;5.3;-1;115;125.3;-127;49;M;686404;9205400;['P3']
2023-09-01T09:46:26;-7.185645;112.6883367;5.4;-1;114;123.6;0;49;M;686430;9205384;['P3']
2023-09-01T09:46:35;-7.185763333;112.6885333;5.3;-1;114;123.2;0;49;M;686451;9205371;['P3']
2023-09-01T09:46:56;-7.186051667;112.6889533;5;-1;114;124.2;0;49;M;686498;9205339;['P3']
2023-09-01T09:47:05;-7.186166667;112.6891083;4.9;-1;116;124.6;127;49;M;686515;9205326;['P3']
2023-09-01T09:47:26;-7.186443333;112.6894583;4.7;-1;117;126.6;0;49;M;686553;9205296;['P3']
2023-09-01T09:47:46;-7.186666667;112.68984;4.5;-1;117;127.1;0;49;M;686595;9205271;['P3']
2023-09-01T09:47:57;-7.186805;112.6899933;4.4;-1;117;128.2;0;49;M;686612;9205256;['P3']
2023-09-01T09:48:05;-7.186905;112.69013;4.3;-1;116;128.8;0;49;M;686627;9205244;['P3']
2023-09-01T09:48:17;-7.187033333;112.6902917;4.3;-1;118;131;0;49;M;686645;9205230;['P1']
2023-09-01T09:48:26;-7.187161667;112.6904083;4.2;-1;118;131.9;0;49;M;686658;9205216;['P1']
2023-09-01T09:48:36;-7.187316667;112.6905533;4.1;-1;119;132.8;0;49;M;686674;9205199;['P1']
2023-09-01T09:48:46;-7.187455;112.690685;4;-1;119;133.8;0;49;M;686688;9205183;['P1']
2023-09-01T09:48:57;-7.187595;112.6908183;3.9;-1;121;134.7;0;49;M;686703;9205168;['P1']
2023-09-01T09:49:05;-7.187701667;112.6909333;3.9;-1;121;134.8;0;49;M;686716;9205156;['P1']
2023-09-01T09:49:17;-7.187853333;112.6910783;3.7;-1;122;135.9;0;49;M;686732;9205139;['P1']
2023-09-01T09:49:26;-7.187978333;112.6911983;3.7;-1;122;136.8;0;49;M;686745;9205125;['P1']
2023-09-01T09:49:36;-7.188078333;112.691295;3.7;-1;122;136.7;0;49;M;686755;9205114;['P1']
2023-09-01T09:49:57;-7.18835;112.6915233;3.7;-1;123;139.5;0;49;M;686781;9205084;['P1']
2023-09-01T09:50:05;-7.188481667;112.6916217;3.9;-1;125;142.6;127;49;M;686791;9205069;['P1']
2023-09-01T09:50:17;-7.188685;112.6917283;4.3;-1;130;149.6;127;49;M;686803;9205047;['P1']
2023-09-01T09:50:36;-7.189068333;112.6918467;4.7;-1;146;161.2;127;49;M;686816;9205004;['P1']
2023-09-01T09:50:45;-7.189293333;112.69188;4.7;-1;153;170;127;49;M;686820;9204980;['P1']
2023-09-01T09:50:56;-7.189526667;112.6918917;4.6;-1;164;179.5;127;49;M;686821;9204954;['P1']
2023-09-01T09:51:26;-7.190071667;112.6916967;4.2;-1;194;210.8;127;49;M;686799;9204894;['P1']
2023-09-01T09:51:36;-7.190198333;112.6915567;4;-1;205;222.2;127;49;M;686783;9204880;['P1']
2023-09-01T09:52:05;-7.190378333;112.6911233;3.4;-1;234;247.3;127;49;M;686736;9204860;['P1']
2023-09-01T09:52:15;-7.19042;112.6909883;3.3;-1;240;253.5;127;49;M;686721;9204855;['P1']
2023-09-01T09:52:26;-7.19043;112.6908167;3.2;-1;247;263.3;127;49;M;686702;9204854;['P1']
2023-09-01T09:52:36;-7.190426667;112.6906667;3.3;-1;253;272.4;127;49;M;686685;9204855;['P1']
2023-09-01T09:52:55;-7.190315;112.690395;3.3;-1;266;290.6;127;49;M;686655;9204867;['P1']
2023-09-01T09:53:06;-7.190236667;112.69022;3.2;-1;271;295.4;127;49;M;686636;9204876;['P1']
2023-09-01T09:53:26;-7.19012;112.6899533;3;-1;279;299.7;0;49;M;686606;9204889;['P1']
2023-09-01T09:53:36;-7.190055;112.6898517;3;-1;283;301.1;127;49;M;686595;9204896;['P1']
2023-09-01T09:53:55;-7.189948333;112.68967;2.9;-1;289;304;127;49;M;686575;9204908;['P1']
2023-09-01T09:59:38;-7.188536667;112.6880117;1;-1;312;323.8;0;49;M;686393;9205065;['P3']
2023-09-01T10:08:38;-7.187651667;112.6877383;0;-1;304;315.6;0;49;M;686363;9205163;['P2']
2023-09-01T10:11:38;-7.18766;112.6878117;0;-1;304;315.6;0;49;M;686371;9205162;['P2']
2023-09-01T10:14:38;-7.18766;112.6877617;0;-1;303;315.6;0;49;M;686365;9205162;['P2']
2023-09-01T10:17:38;-7.18766;112.6877133;0;-1;304;315.6;0;49;M;686360;9205162;['P2']
2023-09-01T10:20:38;-7.187611667;112.6877517;0;-1;304;315.6;0;49;M;686364;9205167;['P2']
2023-09-01T10:23:38;-7.187656667;112.68783;0;-1;304;315.6;0;49;M;686373;9205162;['P2']
2023-09-01T10:26:38;-7.187616667;112.68777;0;-1;304;315.6;0;49;M;686366;9205167;['P2']
2023-09-01T10:32:38;-7.187641667;112.687775;0;-1;305;258.1;0;49;M;686367;9205164;['P2']
2023-09-01T10:44:38;-7.187638333;112.6877083;0;-1;303;258.1;0;49;M;686359;9205164;['P2']
2023-09-01T10:50:39;-7.187616667;112.68767;0;-1;304;258.1;0;49;M;686355;9205167;['P2']
2023-09-01T10:56:39;-7.187638333;112.6876917;0.1;-1;304;258.1;0;49;M;686358;9205164;['P2']
2023-09-01T10:59:38;-7.187625;112.6876333;0;-1;304;258.1;0;49;M;686351;9205166;['P2']
2023-09-01T11:02:38;-7.187608333;112.68763;0;-1;304;258.1;0;49;M;686351;9205168;['P2']
2023-09-01T11:08:39;-7.187635;112.6876833;0;-1;303;258.1;0;49;M;686357;9205165;['P2']
2023-09-01T11:11:38;-7.187633333;112.687695;0;-1;304;258.1;0;49;M;686358;9205165;['P2']
2023-09-01T11:17:38;-7.187613333;112.6876933;0;-1;304;258.1;0;49;M;686358;9205167;['P2']
2023-09-01T11:20:38;-7.18769;112.6877083;0;-1;304;258.1;0;49;M;686359;9205159;['P2']
2023-09-01T11:23:38;-7.187638333;112.68771;0;-1;304;258.1;0;49;M;686360;9205164;['P2']
2023-09-01T11:32:38;-7.187625;112.6877433;0;-1;305;258.1;0;49;M;686363;9205166;['P2']
2023-09-01T11:38:38;-7.187653333;112.6877167;0;-1;303;258.1;0;49;M;686360;9205163;['P2']
2023-09-01T11:41:38;-7.187645;112.68767;0;-1;304;258.1;0;49;M;686355;9205164;['P2']
2023-09-01T11:44:39;-7.187593333;112.6876033;0;-1;304;258.1;0;49;M;686348;9205169;['P2']
2023-09-01T11:47:39;-7.187583333;112.6876283;0;-1;304;258.1;0;49;M;686351;9205170;['P2']
2023-09-01T11:50:38;-7.187583333;112.6876717;0;-1;302;258.1;0;49;M;686355;9205170;['P2']
2023-09-01T11:53:38;-7.187578333;112.68767;0;-1;304;258.1;0;49;M;686355;9205171;['P2']
2023-09-01T11:56:38;-7.187543333;112.6876683;0;-1;305;258.1;0;49;M;686355;9205175;['P2']
2023-09-01T11:59:38;-7.187536667;112.68764;0;-1;302;258.1;0;49;M;686352;9205176;['P2']
2023-09-01T12:02:39;-7.187556667;112.68767;0;-1;304;258.1;0;49;M;686355;9205173;['P2']
2023-09-01T12:05:39;-7.187495;112.6876967;0;-1;304;258.1;0;49;M;686358;9205180;['P2']
2023-09-01T12:08:38;-7.18752;112.6877017;0;-1;305;258.1;0;49;M;686359;9205177;['P2']
2023-09-01T12:11:38;-7.187538333;112.68771;0;-1;304;258.1;0;49;M;686360;9205175;['P2']
2023-09-01T12:14:39;-7.187516667;112.68777;0;-1;302;258.1;0;49;M;686366;9205178;['P2']
2023-09-01T12:17:38;-7.187491667;112.6877533;0;-1;305;258.1;0;49;M;686364;9205180;['P2']
2023-09-01T12:20:39;-7.187538333;112.68781;0;-1;304;258.1;0;49;M;686371;9205175;['P2']
2023-09-01T12:26:38;-7.187615;112.6877283;0;-1;304;258.1;0;49;M;686362;9205167;['P2']
2023-09-01T12:29:38;-7.187576667;112.6877967;0;-1;304;258.1;0;49;M;686369;9205171;['P2']
2023-09-01T12:32:38;-7.18752;112.6876783;0;-1;303;258.1;0;49;M;686356;9205177;['P2']
2023-09-01T12:47:38;-7.187643333;112.6876733;0;-1;302;258.1;0;49;M;686356;9205164;['P2']
2023-09-01T12:50:38;-7.187613333;112.687705;0;-1;303;258.1;0;49;M;686359;9205167;['P2']
2023-09-01T12:56:38;-7.18761;112.68772;0;-1;303;258.1;-127;49;M;686361;9205167;['P2']
2023-09-01T13:02:39;-7.187556667;112.68766;0;-1;302;258.1;0;49;M;686354;9205173;['P2']
2023-09-01T13:05:38;-7.187575;112.6876733;0;-1;303;258.1;0;49;M;686356;9205171;['P2']
2023-09-01T13:08:39;-7.18754;112.6877367;0;-1;303;258.1;0;49;M;686363;9205175;['P2']
2023-09-01T13:11:39;-7.187586667;112.6877617;0;-1;301;258.1;0;49;M;686365;9205170;['P2']
2023-09-01T13:17:38;-7.187635;112.6877417;0;-1;302;258.1;0;49;M;686363;9205165;['P2']
2023-09-01T13:23:39;-7.187673333;112.687755;0;-1;302;168.5;0;49;M;686365;9205160;['P2']
2023-09-01T13:29:38;-7.187673333;112.6877333;0;-1;303;168.5;0;49;M;686362;9205160;['P2']
2023-09-01T13:32:38;-7.187635;112.687655;0;-1;303;168.5;0;49;M;686354;9205165;['P2']
2023-09-01T13:38:39;-7.18761;112.687645;0;-1;304;168.5;0;49;M;686352;9205167;['P2']
2023-09-01T13:41:38;-7.18766;112.6876467;0;-1;303;168.5;0;49;M;686353;9205162;['P2']
2023-09-01T13:44:38;-7.187631667;112.6877417;0;-1;304;153;0;49;M;686363;9205165;['P2']
2023-09-01T13:50:38;-7.187575;112.687685;0;-1;302;153;0;49;M;686357;9205171;['P2']
2023-09-01T13:53:38;-7.187498333;112.6878033;0;-1;304;37.5;0;49;M;686370;9205180;['P2']
2023-09-01T13:56:39;-7.187578333;112.6877117;0;-1;305;37.5;0;49;M;686360;9205171;['P2']
2023-09-01T13:59:38;-7.187596667;112.6877533;0;-1;305;333.3;0;49;M;686364;9205169;['P2']
2023-09-01T14:02:39;-7.18759;112.6878;0;-1;303;333.3;0;49;M;686370;9205170;['P2']
2023-09-01T14:05:38;-7.18754;112.687725;0;-1;301;333.3;0;49;M;686361;9205175;['P2']
2023-09-01T14:08:39;-7.187505;112.6877417;0;-1;304;333.3;0;49;M;686363;9205179;['P2']
2023-09-01T14:11:39;-7.187553333;112.68787;0;-1;304;333.3;0;49;M;686377;9205174;['P2']
2023-09-01T14:17:39;-7.187553333;112.687725;0;-1;302;57.3;0;49;M;686361;9205174;['P2']
2023-09-01T14:23:39;-7.18755;112.6876833;0;-1;302;57.3;0;49;M;686357;9205174;['P2']
2023-09-01T14:29:38;-7.187593333;112.68777;0;-1;304;62.8;127;49;M;686366;9205169;['P2']
2023-09-01T14:38:39;-7.187613333;112.6877433;0;-1;302;233.4;0;49;M;686363;9205167;['P2']
2023-09-01T14:44:39;-7.187676667;112.6876433;0;-1;302;233.4;0;49;M;686352;9205160;['P2']
2023-09-01T14:47:39;-7.187615;112.6876833;0;-1;304;233.4;0;49;M;686357;9205167;['P2']
2023-09-01T14:50:38;-7.187668333;112.6877267;0;-1;304;233.4;0;49;M;686361;9205161;['P2']
2023-09-01T14:53:38;-7.187645;112.68767;0;-1;303;233.4;0;49;M;686355;9205164;['P2']
2023-09-01T14:56:38;-7.187631667;112.68766;0;-1;302;233.4;0;49;M;686354;9205165;['P2']
2023-09-01T14:59:38;-7.187581667;112.6877017;0;-1;304;233.4;0;49;M;686359;9205171;['P2']
2023-09-01T15:02:39;-7.187548333;112.68772;0;-1;302;233.4;0;49;M;686361;9205174;['P2']
2023-09-01T15:05:39;-7.18763;112.6877467;0;-1;305;233.4;0;49;M;686364;9205165;['P2']
2023-09-01T15:08:39;-7.187611667;112.6877183;0;-1;303;31.9;0;49;M;686361;9205167;['P2']
2023-09-01T15:11:39;-7.18769;112.6876867;0;-1;303;31.9;0;49;M;686357;9205159;['P2']
2023-09-01T15:14:39;-7.187695;112.687755;0;-1;304;31.9;0;49;M;686365;9205158;['P2']
2023-09-01T15:17:38;-7.187646667;112.6877783;0;-1;304;31.9;0;49;M;686367;9205163;['P2']
2023-09-01T15:20:38;-7.18767;112.6876567;0;-1;302;31.9;0;49;M;686354;9205161;['P2']
2023-09-01T15:23:39;-7.187673333;112.6876733;0;-1;303;31.9;0;49;M;686356;9205160;['P2']
2023-09-01T15:26:39;-7.187611667;112.6876733;0;-1;303;31.9;0;49;M;686356;9205167;['P2']
2023-09-01T15:29:39;-7.187583333;112.6877667;0;-1;303;6.9;0;49;M;686366;9205170;['P2']
2023-09-01T15:32:39;-7.187635;112.6878183;0;-1;303;6.9;0;49;M;686372;9205165;['P2']
2023-09-01T15:35:39;-7.187556667;112.6878483;0;-1;304;6.9;0;49;M;686375;9205173;['P2']
2023-09-01T15:38:39;-7.18749;112.68775;0;-1;304;6.9;0;49;M;686364;9205181;['P2']
2023-09-01T15:41:39;-7.187565;112.68777;0;-1;304;6.9;0;49;M;686366;9205172;['P2']
2023-09-01T15:47:38;-7.187583333;112.6878167;0;-1;304;6.9;0;49;M;686371;9205170;['P2']
2023-09-01T15:50:39;-7.187606667;112.6877433;0;-1;304;6.9;0;49;M;686363;9205168;['P2']
2023-09-01T15:53:38;-7.187603333;112.6877083;0;-1;303;6.9;0;49;M;686359;9205168;['P2']
2023-09-01T15:56:39;-7.187601667;112.6876883;0;-1;304;6.9;0;49;M;686357;9205168;['P2']
2023-09-01T15:59:39;-7.187593333;112.68771;0;-1;303;6.9;0;49;M;686360;9205169;['P2']
2023-09-01T16:02:39;-7.187616667;112.6877017;0;-1;303;6.9;0;49;M;686359;9205167;['P2']
2023-09-01T16:05:39;-7.187623333;112.6877033;0;-1;304;6.9;0;49;M;686359;9205166;['P2']
2023-09-01T16:08:39;-7.187578333;112.68772;0.1;-1;303;6.9;0;49;M;686361;9205171;['P2']
2023-09-01T16:11:39;-7.187538333;112.68777;0;-1;304;6.9;0;49;M;686366;9205175;['P2']
2023-09-01T16:14:39;-7.187558333;112.687835;0;-1;305;222.5;0;49;M;686373;9205173;['P2']
2023-09-01T16:17:39;-7.187558333;112.687825;0;-1;303;222.5;0;49;M;686372;9205173;['P2']
2023-09-01T16:20:39;-7.187611667;112.6878317;0;-1;303;232.1;0;49;M;686373;9205167;['P2']
2023-09-01T16:26:39;-7.187616667;112.687805;0;-1;300;232.1;0;49;M;686370;9205167;['P2']
2023-09-01T16:29:39;-7.18762;112.68776;0;-1;302;232.1;0;49;M;686365;9205166;['P2']
2023-09-01T16:32:39;-7.187656667;112.6877833;0;-1;303;54.1;0;49;M;686368;9205162;['P2']
2023-09-01T16:35:39;-7.187623333;112.687755;0;-1;302;54.1;0;49;M;686365;9205166;['P2']
2023-09-01T16:38:39;-7.18765;112.6877417;0;-1;302;273.2;0;49;M;686363;9205163;['P2']
2023-09-01T16:41:38;-7.187603333;112.6877933;0.1;-1;303;273.2;0;49;M;686369;9205168;['P2']
2023-09-01T16:44:39;-7.18757;112.687825;0.1;-1;304;45.2;0;49;M;686372;9205172;['P2']
2023-09-01T16:47:39;-7.187556667;112.687835;0;-1;303;43.4;0;49;M;686373;9205173;['P2']
2023-09-01T16:50:39;-7.187678333;112.68769;0.1;-1;304;43.4;0;49;M;686357;9205160;['P2']
2023-09-01T16:53:38;-7.187681667;112.687725;0;-1;304;59;0;49;M;686361;9205159;['P2']
2023-09-01T16:56:39;-7.187656667;112.6876933;0;-1;303;59;0;49;M;686358;9205162;['P2']
2023-09-01T17:02:39;-7.18762;112.6877517;0;-1;303;59;0;49;M;686364;9205166;['P2']
2023-09-01T17:08:39;-7.18763;112.687805;0.1;-1;303;34.5;0;49;M;686370;9205165;['P2']
2023-09-01T17:11:39;-7.187626667;112.6877717;0.1;-1;302;194.1;0;49;M;686366;9205166;['P2']
2023-09-01T17:14:39;-7.187686667;112.6877883;0.1;-1;304;40.3;0;49;M;686368;9205159;['P2']
2023-09-01T17:20:39;-7.187685;112.6877517;0;-1;303;231;0;49;M;686364;9205159;['P2']
2023-09-01T17:23:39;-7.187706667;112.6877767;0;-1;302;231;0;49;M;686367;9205157;['P2']
2023-09-01T17:26:39;-7.187678333;112.68778;0;-1;302;231;0;49;M;686367;9205160;['P2']
2023-09-01T17:29:39;-7.187673333;112.6877633;0;-1;302;212.2;0;49;M;686366;9205160;['P2']
2023-09-01T17:32:39;-7.187658333;112.68775;0.1;-1;304;43.9;0;49;M;686364;9205162;['P2']
2023-09-01T17:41:39;-7.187631667;112.6877217;0.1;-1;304;171.4;0;49;M;686361;9205165;['P2']
2023-09-01T17:44:39;-7.187613333;112.6876717;0;-1;302;173.8;0;49;M;686355;9205167;['P2']
2023-09-01T17:47:39;-7.187633333;112.687765;0;-1;305;36;0;49;M;686366;9205165;['P2']
2023-09-01T17:50:39;-7.187646667;112.6877133;0;-1;304;130.9;0;49;M;686360;9205163;['P2']
2023-09-01T17:53:39;-7.187693333;112.6877333;0;-1;304;130.9;0;49;M;686362;9205158;['P2']
2023-09-01T17:59:39;-7.187691667;112.6877233;0;-1;304;130.9;0;49;M;686361;9205158;['P2']
2023-09-01T18:02:39;-7.187676667;112.6877317;0.1;-1;304;143.8;0;49;M;686362;9205160;['P2']
2023-09-01T18:05:39;-7.187615;112.68775;0;-1;304;144.7;0;49;M;686364;9205167;['P2']
2023-09-01T18:08:39;-7.187661667;112.6876683;0;-1;303;144.7;0;49;M;686355;9205162;['P2']
2023-09-01T18:11:39;-7.187708333;112.6877333;0;-1;303;144.7;0;49;M;686362;9205157;['P2']
2023-09-01T18:14:39;-7.18771;112.687665;0;-1;303;144.7;0;49;M;686355;9205156;['P2']
2023-09-01T18:17:39;-7.187723333;112.6876933;0;-1;303;144.7;0;49;M;686358;9205155;['P2']
2023-09-01T18:20:39;-7.187616667;112.6876717;0;-1;303;144.7;0;49;M;686355;9205167;['P2']
2023-09-01T18:23:39;-7.187696667;112.6877267;0.1;-1;302;144.7;0;49;M;686361;9205158;['P2']
2023-09-01T18:26:39;-7.187701667;112.68776;0;-1;303;144.7;0;49;M;686365;9205157;['P2']
2023-09-01T18:32:39;-7.18769;112.68774;0;-1;304;45.8;0;49;M;686363;9205159;['P2']
2023-09-01T18:38:39;-7.18769;112.687725;0;-1;303;27.4;0;49;M;686361;9205159;['P2']
2023-09-01T18:44:40;-7.187666667;112.6877267;0;-1;303;265.2;0;49;M;686361;9205161;['P2']
2023-09-01T18:50:39;-7.187671667;112.68767;0;-1;305;43.4;0;49;M;686355;9205161;['P2']
2023-09-01T18:53:39;-7.187678333;112.6876283;0;-1;303;43.4;0;49;M;686351;9205160;['P2']
2023-09-01T18:56:39;-7.187641667;112.6876383;0.1;-1;303;227.5;0;49;M;686352;9205164;['P2']
2023-09-01T18:59:39;-7.187651667;112.6876633;0.1;-1;303;188.7;0;49;M;686354;9205163;['P2']
2023-09-01T19:02:40;-7.187656667;112.687715;0;-1;302;39.9;0;49;M;686360;9205162;['P2']
2023-09-01T19:05:39;-7.187651667;112.6876567;0;-1;302;39.9;0;49;M;686354;9205163;['P2']
2023-09-01T19:08:39;-7.18763;112.6876833;0.1;-1;304;39.9;0;49;M;686357;9205165;['P2']
2023-09-01T19:11:39;-7.187651667;112.6877333;0;-1;304;100.3;0;49;M;686362;9205163;['P2']
2023-09-01T19:14:39;-7.187658333;112.68772;0;-1;303;188.9;0;49;M;686361;9205162;['P2']
2023-09-01T19:17:39;-7.187655;112.6877683;0;-1;302;202.4;0;49;M;686366;9205162;['P2']
2023-09-01T19:20:39;-7.187646667;112.6877433;0;-1;302;202.4;0;49;M;686363;9205163;['P2']
2023-09-01T19:26:39;-7.187651667;112.687685;0.1;-1;304;16;0;49;M;686357;9205163;['P2']
2023-09-01T19:29:39;-7.187663333;112.687685;0;-1;303;16;0;49;M;686357;9205162;['P2']
2023-09-01T19:32:39;-7.18765;112.6876833;0;-1;304;16;0;49;M;686357;9205163;['P2']
2023-09-01T19:35:39;-7.187648333;112.6877;0;-1;303;54.9;0;49;M;686359;9205163;['P2']
2023-09-01T19:38:40;-7.187695;112.6877433;0;-1;302;233.7;0;49;M;686363;9205158;['P2']
2023-09-01T19:41:39;-7.187651667;112.6877383;0;-1;303;152.3;0;49;M;686363;9205163;['P2']
2023-09-01T19:44:39;-7.187656667;112.6876683;0.1;-1;305;359.4;0;49;M;686355;9205162;['P2']
2023-09-01T19:47:39;-7.187685;112.6876467;0.1;-1;302;244.2;0;49;M;686353;9205159;['P2']
2023-09-01T19:50:40;-7.187678333;112.6876433;0;-1;304;243.5;0;49;M;686352;9205160;['P2']
2023-09-01T19:56:39;-7.18772;112.6877167;0;-1;302;42.8;0;49;M;686360;9205155;['P2']
2023-09-01T20:02:40;-7.187708333;112.687715;0.1;-1;304;51;0;49;M;686360;9205157;['P2']
2023-09-01T20:05:39;-7.187698333;112.6877433;0;-1;303;57.5;0;49;M;686363;9205158;['P2']
2023-09-01T20:08:39;-7.187691667;112.687725;0;-1;303;57.5;0;49;M;686361;9205158;['P2']
2023-09-01T20:14:39;-7.18772;112.6877133;0.1;-1;303;40.8;0;49;M;686360;9205155;['P2']
2023-09-01T20:17:39;-7.18769;112.6876967;0;-1;303;40.7;0;49;M;686358;9205159;['P2']
2023-09-01T20:20:39;-7.187671667;112.68771;0;-1;303;229;0;49;M;686360;9205161;['P2']
2023-09-01T20:26:39;-7.187675;112.6876983;0;-1;303;229;0;49;M;686358;9205160;['P2']
2023-09-01T20:29:39;-7.187698333;112.68765;0;-1;305;229;0;49;M;686353;9205158;['P2']
2023-09-01T20:32:39;-7.187683333;112.6876733;0;-1;302;229;0;49;M;686356;9205159;['P2']
2023-09-01T20:35:39;-7.1877;112.6876817;0.1;-1;303;45;0;49;M;686356;9205157;['P2']
2023-09-01T20:38:40;-7.187701667;112.6877433;0.1;-1;303;223.2;0;49;M;686363;9205157;['P2']
2023-09-01T20:41:39;-7.18766;112.6877983;0;-1;303;225;0;49;M;686369;9205162;['P2']
2023-09-01T20:44:39;-7.187628333;112.6877883;0;-1;304;50.5;0;49;M;686368;9205165;['P2']
2023-09-01T20:50:40;-7.187658333;112.6878367;0.1;-1;303;34.7;0;49;M;686374;9205162;['P2']
2023-09-01T20:56:39;-7.187701667;112.68782;0;-1;301;81.7;0;49;M;686372;9205157;['P2']
2023-09-01T20:59:39;-7.18767;112.6877683;0;-1;302;81.6;0;49;M;686366;9205161;['P2']
2023-09-01T21:08:39;-7.187701667;112.6877533;0;-1;302;206.5;0;49;M;686364;9205157;['P2']
2023-09-01T21:11:40;-7.187715;112.6877;0.1;-1;304;206.5;0;49;M;686358;9205156;['P2']
2023-09-01T21:17:39;-7.187756667;112.6877833;0;-1;303;206.5;0;49;M;686368;9205151;['P2']
2023-09-01T21:20:39;-7.187731667;112.687765;0.1;-1;304;206.5;0;49;M;686366;9205154;['P2']
2023-09-01T21:23:39;-7.187756667;112.687765;0;-1;305;206.5;0;49;M;686366;9205151;['P2']
2023-09-01T21:35:39;-7.187706667;112.68773;0;-1;302;206.5;0;49;M;686362;9205157;['P2']
2023-09-01T21:38:39;-7.187706667;112.6877033;0;-1;303;206.5;0;49;M;686359;9205157;['P2']
2023-09-01T21:41:39;-7.187716667;112.6876917;0.1;-1;301;80.9;0;49;M;686358;9205156;['P2']
2023-09-01T21:44:39;-7.18766;112.68766;0.1;-1;303;216;0;49;M;686354;9205162;['P2']
2023-09-01T21:47:39;-7.18769;112.6877383;0.1;-1;303;279.5;0;49;M;686363;9205159;['P2']
2023-09-01T21:50:39;-7.187698333;112.6877083;0.1;-1;303;239.6;0;49;M;686359;9205158;['P2']
2023-09-01T21:53:39;-7.1877;112.68768;0.3;-1;302;238.8;0;49;M;686356;9205157;['P1']
2023-09-01T21:59:39;-7.187681667;112.6876617;0;-1;304;238.9;0;49;M;686354;9205160;['P2']
2023-09-01T22:02:39;-7.187715;112.6876217;0;-1;303;61.6;0;49;M;686350;9205156;['P2']
2023-09-01T22:05:39;-7.187715;112.6876967;0;-1;303;61.6;0;49;M;686358;9205156;['P2']
2023-09-01T22:08:40;-7.187715;112.6877167;0;-1;304;61.6;0;49;M;686360;9205156;['P2']
2023-09-01T22:11:39;-7.187718333;112.6877667;0;-1;303;61.6;0;49;M;686366;9205155;['P2']
2023-09-01T22:14:40;-7.18772;112.6877183;0;-1;303;61.5;0;49;M;686361;9205155;['P2']
2023-09-01T22:17:39;-7.187693333;112.68772;0;-1;301;61.6;0;49;M;686361;9205158;['P2']
2023-09-01T22:20:39;-7.187683333;112.687735;0;-1;304;61.6;0;49;M;686362;9205159;['P2']
2023-09-01T22:23:40;-7.187701667;112.6876933;0;-1;303;61.6;0;49;M;686358;9205157;['P2']
2023-09-01T22:32:39;-7.187735;112.687775;0;-1;303;227.3;0;49;M;686367;9205154;['P2']
2023-09-01T22:35:40;-7.187736667;112.6877567;0;-1;304;227.3;0;49;M;686365;9205153;['P2']
2023-09-01T22:38:39;-7.187698333;112.687735;0;-1;304;227.3;0;49;M;686362;9205158;['P2']
2023-09-01T22:41:39;-7.1877;112.687725;0;-1;302;227.3;0;49;M;686361;9205157;['P2']
2023-09-01T22:44:39;-7.187688333;112.68772;0;-1;303;227.3;0;49;M;686361;9205159;['P2']
2023-09-01T22:53:39;-7.187691667;112.6876467;0;-1;304;227.3;0;49;M;686353;9205158;['P2']
2023-09-01T22:56:39;-7.187746667;112.68766;0;-1;304;227.3;0;49;M;686354;9205152;['P2']
2023-09-01T22:59:39;-7.187706667;112.6876533;0;-1;303;227.3;0;49;M;686353;9205157;['P2']
2023-09-01T23:02:39;-7.187785;112.687625;0.4;-1;330;202.7;127;49;M;686350;9205148;['P1']
2023-09-01T23:05:39;-7.188731667;112.6873467;1.3;-1;116;132.7;0;49;M;686319;9205044;['P3']
2023-09-01T23:06:33;-7.18902;112.6878083;3.2;-1;118;121.2;0;49;M;686370;9205011;['P3']
2023-09-01T23:06:43;-7.189086667;112.68797;3.5;-1;118;120.8;0;49;M;686388;9205004;['P3']
2023-09-01T23:06:53;-7.189153333;112.68814;3.8;-1;119;120.5;0;49;M;686407;9204997;['P1']
2023-09-01T23:07:05;-7.189285;112.688335;4;-1;120;121.3;0;49;M;686428;9204982;['P1']
2023-09-01T23:07:14;-7.189403333;112.6884717;4.2;-1;124;124;127;49;M;686443;9204969;['P1']
2023-09-01T23:07:33;-7.18966;112.6888;4.6;-1;125;126.1;0;49;M;686479;9204940;['P1']
2023-09-01T23:07:43;-7.189803333;112.6889617;4.8;-1;125;126.4;0;49;M;686497;9204924;['P1']
2023-09-01T23:07:53;-7.189948333;112.6891417;5;-1;125;127.1;0;49;M;686517;9204908;['P1']
2023-09-01T23:08:05;-7.190121667;112.6893667;5.2;-1;124;127.9;0;49;M;686542;9204889;['P1']
2023-09-01T23:08:14;-7.190265;112.6895583;5.3;-1;124;128.6;0;49;M;686563;9204873;['P1']
2023-09-01T23:08:25;-7.190431667;112.6897783;5.4;-1;125;128.8;0;49;M;686587;9204855;['P1']
2023-09-01T23:08:33;-7.190578333;112.6899667;5.5;-1;124;128.9;0;49;M;686608;9204838;['P1']
2023-09-01T23:08:43;-7.190733333;112.6901733;5.6;-1;123;127.9;0;49;M;686630;9204821;['P1']
2023-09-01T23:08:53;-7.190875;112.6903767;5.7;-1;119;126.2;-127;49;M;686653;9204805;['P1']
2023-09-01T23:09:05;-7.19102;112.69063;5.7;-1;112;120.1;-127;49;M;686681;9204789;['P3']
2023-09-01T23:09:14;-7.191111667;112.6908533;5.6;-1;103;112.2;-127;49;M;686705;9204779;['P3']
2023-09-01T23:09:25;-7.191163333;112.69111;5.5;-1;91;99;-127;49;M;686734;9204773;['P3']
2023-09-01T23:09:33;-7.191163333;112.691325;5.3;-1;81;87.6;-127;49;M;686757;9204773;['P3']
2023-09-01T23:09:43;-7.19112;112.6915633;5.1;-1;72;74.7;-127;49;M;686784;9204778;['P3']
2023-09-01T23:09:53;-7.191008333;112.6917833;5.1;-1;62;64;-127;49;M;686808;9204790;['P3']
2023-09-01T23:10:05;-7.19084;112.6920167;5.1;-1;51;52.3;-127;49;M;686834;9204808;['P3']
2023-09-01T23:10:14;-7.190665;112.692165;5.2;-1;41;41;-127;49;M;686850;9204828;['P3']
2023-09-01T23:10:25;-7.190428333;112.6922867;5.3;-1;29;29.1;-127;49;M;686864;9204854;['P3']
2023-09-01T23:10:33;-7.190211667;112.6923533;5.3;-1;18;18.2;-127;49;M;686871;9204878;['P3']
2023-09-01T23:10:43;-7.189966667;112.69238;5.4;-1;7;7.9;-127;49;M;686874;9204905;['P3']
2023-09-01T23:10:53;-7.189738333;112.6923717;5.5;-1;358;0.4;-127;49;M;686874;9204930;['P3']
2023-09-01T23:11:05;-7.189413333;112.6923517;5.7;-1;352;354.2;-127;49;M;686872;9204966;['P3']
2023-09-01T23:11:14;-7.189185;112.69231;5.9;-1;351;352;0;49;M;686867;9204991;['P3']
2023-09-01T23:11:25;-7.188901667;112.6922467;6.2;-1;350;350.3;0;49;M;686860;9205023;['P3']
2023-09-01T23:11:33;-7.188635;112.6921883;6.4;-1;350;349.3;0;49;M;686854;9205052;['P3']
2023-09-01T23:11:43;-7.188325;112.692145;6.7;-1;347;347.7;-127;49;M;686849;9205087;['P3']
2023-09-01T23:12:05;-7.187625;112.691895;7.3;-1;339;341.3;-127;49;M;686822;9205164;['P3']
2023-09-01T23:12:14;-7.187335;112.6917883;7.5;-1;338;340.1;0;49;M;686810;9205196;['P3']
2023-09-01T23:12:25;-7.186991667;112.6916717;7.7;-1;336;338.6;0;49;M;686797;9205234;['P3']
2023-09-01T23:12:44;-7.186313333;112.69138;8.2;-1;333;335.5;0;49;M;686766;9205309;['P3']
2023-09-01T23:13:25;-7.184875;112.69066;8.9;-1;328;330.7;0;49;M;686687;9205469;['P3']
2023-09-01T23:13:33;-7.184566667;112.69046;9.1;-1;326;329.6;-127;49;M;686665;9205503;['P3']
2023-09-01T23:13:54;-7.183795;112.6899517;9.4;-1;320;324.6;-127;49;M;686609;9205588;['P3']
2023-09-01T23:14:03;-7.18349;112.689695;9.5;-1;319;323;0;49;M;686581;9205622;['P3']
2023-09-01T23:14:14;-7.183106667;112.6893817;9.6;-1;318;322.5;0;49;M;686546;9205665;['P3']
2023-09-01T23:14:24;-7.182791667;112.6891333;9.7;-1;318;321.8;0;49;M;686519;9205700;['P3']
2023-09-01T23:14:33;-7.18241;112.6888967;9.9;-1;319;321.7;0;49;M;686493;9205742;['P3']
2023-09-01T23:14:44;-7.182;112.6885767;10;-1;319;321.6;0;49;M;686458;9205788;['P3']
2023-09-01T23:14:54;-7.181628333;112.688245;10.1;-1;320;321.3;0;49;M;686421;9205829;['P3']
2023-09-01T23:15:03;-7.181303333;112.6879667;10.2;-1;319;321.5;0;49;M;686391;9205865;['P3']
2023-09-01T23:15:14;-7.180891667;112.6876417;10.3;-1;319;320.9;0;49;M;686355;9205910;['P3']
2023-09-01T23:15:33;-7.180168333;112.68706;10.5;-1;320;321;0;49;M;686291;9205991;['P3']
2023-09-01T23:16:03;-7.17898;112.6861233;10.7;-1;320;321.5;0;49;M;686188;9206122;['P3']
2023-09-01T23:16:14;-7.178563333;112.6857833;10.7;-1;319;321.4;0;49;M;686151;9206169;['P3']
2023-09-01T23:16:24;-7.178228333;112.6855083;10.8;-1;319;321.2;0;49;M;686120;9206206;['P3']
2023-09-01T23:16:33;-7.177836667;112.6852033;10.9;-1;319;321.2;0;49;M;686087;9206249;['P3']
2023-09-01T23:16:44;-7.177418333;112.6848617;10.9;-1;319;321;0;49;M;686049;9206296;['P3']
2023-09-01T23:17:03;-7.176658333;112.6842733;11;-1;319;321.3;0;49;M;685985;9206380;['P3']
2023-09-01T23:17:14;-7.176218333;112.683905;11;-1;320;321.6;0;49;M;685944;9206429;['P3']
2023-09-01T23:17:24;-7.175845;112.6836;11;-1;319;321.7;0;49;M;685910;9206470;['P3']
2023-09-01T23:17:33;-7.17543;112.6832783;11.1;-1;319;321.5;0;49;M;685875;9206516;['P3']
2023-09-01T23:17:44;-7.174968333;112.6829333;11.1;-1;319;321.8;0;49;M;685837;9206567;['P3']
2023-09-01T23:17:54;-7.174565;112.6825967;11.2;-1;319;321.9;0;49;M;685800;9206612;['P3']
2023-09-01T23:18:03;-7.174193333;112.6823233;11.2;-1;319;322.1;0;49;M;685770;9206653;['P3']
2023-09-01T23:18:35;-7.17289;112.68129;11.2;-1;323;323.6;0;49;M;685657;9206798;['P3']
2023-09-01T23:18:44;-7.172508333;112.6810183;11.2;-1;324;324.2;0;49;M;685627;9206840;['P3']
2023-09-01T23:18:53;-7.17212;112.6807483;11.2;-1;323;324.9;0;49;M;685597;9206883;['P3']
2023-09-01T23:19:03;-7.1717;112.68047;11.2;-1;325;325.7;0;49;M;685566;9206930;['P3']
2023-09-01T23:19:24;-7.170835;112.67991;11.3;-1;327;328.2;0;49;M;685505;9207026;['P3']
2023-09-01T23:19:45;-7.169825;112.6793317;11.3;-1;330;330.5;0;49;M;685441;9207138;['P3']
2023-09-01T23:20:03;-7.169003333;112.6788333;11.3;-1;330;331.3;0;49;M;685387;9207229;['P3']
2023-09-01T23:20:13;-7.168513333;112.6785883;11.3;-1;330;331.3;0;49;M;685360;9207283;['P3']
2023-09-01T23:20:35;-7.167493333;112.6780267;11.4;-1;330;331.8;0;49;M;685298;9207396;['P3']
2023-09-01T23:20:53;-7.166688333;112.6775933;11.4;-1;330;332.2;0;49;M;685251;9207485;['P3']
2023-09-01T23:21:04;-7.166171667;112.6773333;11.4;-1;329;332.3;0;49;M;685222;9207543;['P3']
2023-09-01T23:21:24;-7.165285;112.6768633;11.5;-1;329;332.4;0;49;M;685171;9207641;['P3']
2023-09-01T23:21:35;-7.16472;112.6765717;11.5;-1;329;332.5;0;49;M;685139;9207703;['P3']
2023-09-01T23:21:53;-7.163873333;112.676135;11.5;-1;329;332.8;0;49;M;685091;9207797;['P3']
2023-09-01T23:22:04;-7.16334;112.67588;11.6;-1;329;332.6;0;49;M;685063;9207856;['P3']
2023-09-01T23:22:13;-7.162898333;112.675655;11.6;-1;330;332.7;0;49;M;685038;9207905;['P3']
2023-09-01T23:22:24;-7.162385;112.6753883;11.7;-1;329;332.9;0;49;M;685009;9207962;['P3']
2023-09-01T23:22:45;-7.161275;112.6748283;11.7;-1;329;333.1;0;49;M;684947;9208085;['P3']
2023-09-01T23:22:53;-7.160891667;112.674635;11.7;-1;329;332.8;0;49;M;684926;9208128;['P3']
2023-09-01T23:23:04;-7.160383333;112.6743433;11.7;-1;330;333;0;49;M;684894;9208184;['P3']
2023-09-01T23:23:13;-7.159975;112.6741233;11.7;-1;329;333;0;49;M;684870;9208229;['P3']
2023-09-01T23:23:34;-7.158981667;112.6736083;11.7;-1;329;333.3;0;49;M;684814;9208339;['P3']
2023-09-01T23:23:45;-7.158461667;112.673315;11.7;-1;329;333.2;0;49;M;684781;9208397;['P3']
2023-09-01T23:23:53;-7.158063333;112.67311;11.7;-1;329;333.3;0;49;M;684759;9208441;['P3']
2023-09-01T23:24:04;-7.157505;112.672835;11.7;-1;330;333.4;0;49;M;684729;9208503;['P3']
2023-09-01T23:24:24;-7.156593333;112.6724267;11.6;-1;331;334;0;49;M;684684;9208604;['P3']
2023-09-01T23:24:34;-7.156078333;112.6721783;11.7;-1;331;334.2;0;49;M;684657;9208661;['P3']
2023-09-01T23:24:54;-7.155096667;112.671725;11.6;-1;331;334.8;0;49;M;684607;9208770;['P3']
2023-09-01T23:25:04;-7.154611667;112.6715017;11.6;-1;330;334.6;0;49;M;684583;9208823;['P3']
2023-09-01T23:25:13;-7.154151667;112.671295;11.6;-1;330;334.7;0;49;M;684560;9208874;['P3']
2023-09-01T23:25:24;-7.153668333;112.67106;11.6;-1;331;335.2;0;49;M;684534;9208928;['P3']
2023-09-01T23:25:34;-7.153131667;112.67082;11.6;-1;332;335.5;0;49;M;684508;9208987;['P3']
2023-09-01T23:25:54;-7.15212;112.6703567;11.6;-1;333;335;0;49;M;684457;9209099;['P3']
2023-09-01T23:26:04;-7.151631667;112.67012;11.6;-1;333;334.6;0;49;M;684431;9209154;['P3']
2023-09-01T23:26:13;-7.151188333;112.6699033;11.7;-1;333;334.7;0;49;M;684408;9209203;['P3']
2023-09-01T23:26:25;-7.150615;112.6696533;11.6;-1;333;335.4;0;49;M;684380;9209266;['P3']
2023-09-01T23:26:34;-7.150173333;112.66946;11.6;-1;333;336;0;49;M;684359;9209315;['P3']
2023-09-01T23:26:45;-7.14964;112.66921;11.6;-1;333;336.3;0;49;M;684332;9209374;['P3']
2023-09-01T23:27:05;-7.148675;112.668765;11.7;-1;333;336.1;0;49;M;684283;9209481;['P3']
2023-09-01T23:27:13;-7.148235;112.668565;11.7;-1;333;336.3;0;49;M;684261;9209530;['P3']
2023-09-01T23:27:25;-7.147641667;112.6683067;11.7;-1;332;335.8;0;49;M;684233;9209596;['P3']
2023-09-01T23:27:34;-7.147191667;112.66811;11.7;-1;331;335.8;0;49;M;684211;9209645;['P3']
2023-09-01T23:27:54;-7.146213333;112.6677;11.7;-1;333;336.1;0;49;M;684166;9209754;['P3']
2023-09-01T23:28:05;-7.145703333;112.6674867;11.7;-1;333;336.5;0;49;M;684143;9209810;['P3']
2023-09-01T23:28:15;-7.145205;112.6672667;11.6;-1;332;336.3;0;49;M;684119;9209865;['P3']
2023-09-01T23:28:25;-7.144668333;112.6670367;11.6;-1;332;336.3;0;49;M;684093;9209925;['P3']
2023-09-01T23:28:34;-7.144231667;112.6668417;11.7;-1;333;336.6;0;49;M;684072;9209973;['P3']
2023-09-01T23:28:54;-7.14321;112.6663967;11.7;-1;332;336.3;0;49;M;684023;9210086;['P3']
2023-09-01T23:29:04;-7.142708333;112.6661717;11.7;-1;333;336;0;49;M;683999;9210142;['P3']
2023-09-01T23:29:25;-7.141671667;112.6656633;11.7;-1;332;335.8;0;49;M;683943;9210257;['P3']
2023-09-01T23:29:34;-7.141206667;112.665485;11.7;-1;333;335.8;0;49;M;683923;9210308;['P3']
2023-09-01T23:29:45;-7.140663333;112.6652617;11.7;-1;333;335.8;0;49;M;683899;9210368;['P3']
2023-09-01T23:29:54;-7.14022;112.6650733;11.7;-1;332;335.5;0;49;M;683878;9210418;['P3']
2023-09-01T23:30:04;-7.139723333;112.664845;11.7;-1;333;335.7;0;49;M;683853;9210473;['P3']
2023-09-01T23:30:44;-7.137845;112.6639467;11.7;-1;333;335.7;0;49;M;683755;9210681;['P3']
2023-09-01T23:31:04;-7.136805;112.6635083;11.7;-1;332;335.8;0;49;M;683707;9210796;['P3']
2023-09-01T23:31:14;-7.136305;112.6632867;11.7;-1;332;335.7;0;49;M;683683;9210851;['P3']
2023-09-01T23:31:23;-7.135863333;112.6631067;11.7;-1;332;336;0;49;M;683663;9210900;['P3']
2023-09-01T23:31:54;-7.13432;112.6624267;11.7;-1;332;336.1;0;49;M;683588;9211071;['P3']
2023-09-01T23:32:05;-7.133825;112.662205;11.7;-1;332;335.7;0;49;M;683564;9211126;['P3']
2023-09-01T23:32:15;-7.133275;112.6619733;11.7;-1;333;335.5;0;49;M;683539;9211187;['P3']
2023-09-01T23:32:35;-7.132281667;112.6615033;11.7;-1;334;336.2;0;49;M;683487;9211297;['P3']
2023-09-01T23:32:54;-7.131301667;112.6611;11.7;-1;338;337.7;127;49;M;683443;9211405;['P3']
2023-09-01T23:33:15;-7.130263333;112.6606867;11.6;-1;340;339.3;0;49;M;683398;9211520;['P3']
2023-09-01T23:33:23;-7.129855;112.6605383;11.6;-1;340;340.2;0;49;M;683382;9211566;['P3']
2023-09-01T23:33:44;-7.12883;112.6602333;11.6;-1;343;342.9;0;49;M;683348;9211679;['P3']
2023-09-01T23:33:54;-7.128265;112.6600817;11.6;-1;344;343.9;0;49;M;683332;9211742;['P3']
2023-09-01T23:34:05;-7.127746667;112.659945;11.5;-1;344;344.8;0;49;M;683317;9211799;['P3']
2023-09-01T23:34:15;-7.12717;112.6597867;11.5;-1;344;345.5;0;49;M;683300;9211863;['P3']
2023-09-01T23:34:23;-7.126766667;112.6596517;11.5;-1;345;346;0;49;M;683285;9211908;['P3']
2023-09-01T23:34:35;-7.126143333;112.6595;11.5;-1;344;346.8;0;49;M;683268;9211977;['P3']
2023-09-01T23:34:44;-7.125731667;112.659425;11.5;-1;345;347.6;0;49;M;683260;9212022;['P3']
2023-09-01T23:34:54;-7.125155;112.659315;11.5;-1;345;348.3;0;49;M;683248;9212086;['P3']
2023-09-01T23:35:05;-7.12463;112.659215;11.6;-1;347;349.2;127;49;M;683237;9212144;['P3']
2023-09-01T23:35:15;-7.124046667;112.659135;11.5;-1;351;351.2;127;49;M;683229;9212209;['P3']
2023-09-01T23:35:23;-7.123618333;112.6590867;11.5;-1;355;354.1;127;49;M;683224;9212256;['P3']
2023-09-01T23:35:54;-7.121963333;112.65907;11.3;-1;1;0.2;0;49;M;683222;9212439;['P3']
2023-09-01T23:36:35;-7.119818333;112.6591183;11.4;-1;358;0.7;0;49;M;683229;9212676;['P3']
2023-09-01T23:36:44;-7.119353333;112.6591317;11.4;-1;358;0.7;0;49;M;683230;9212728;['P3']
2023-09-01T23:36:54;-7.11887;112.6591233;11.4;-1;358;0.6;0;49;M;683230;9212781;['P3']
2023-09-01T23:37:44;-7.11612;112.6591667;11.5;-1;0;1.4;0;49;M;683235;9213085;['P3']
2023-09-01T23:38:03;-7.115111667;112.65921;11.6;-1;0;1.3;0;49;M;683241;9213197;['P3']
2023-09-01T23:38:44;-7.1129;112.6592633;11.6;-1;0;1.7;0;49;M;683247;9213441;['P3']
2023-09-01T23:38:54;-7.112421667;112.65927;11.6;-1;0;1.6;0;49;M;683248;9213494;['P3']
2023-09-01T23:39:03;-7.111876667;112.6592833;11.6;-1;0;1.8;0;49;M;683250;9213554;['P3']
2023-09-01T23:40:24;-7.10759;112.6593167;11.5;-1;357;359.5;0;49;M;683255;9214028;['P3']
2023-09-01T23:42:44;-7.100133333;112.65927;11.4;-1;356;358.5;0;49;M;683253;9214853;['P3']
2023-09-01T23:43:14;-7.09846;112.6591967;11.5;-1;356;358.4;0;49;M;683246;9215038;['P3']
2023-09-01T23:43:24;-7.097991667;112.65917;11.5;-1;356;358.1;0;49;M;683243;9215090;['P3']
2023-09-01T23:47:05;-7.086105;112.65914;11.7;-1;357;0.6;0;49;M;683244;9216405;['P3']
2023-09-01T23:47:25;-7.085005;112.6591317;11.7;-1;358;1.1;127;49;M;683244;9216526;['P3']
2023-09-01T23:47:34;-7.084516667;112.65917;11.6;-1;359;1.5;0;49;M;683248;9216580;['P3']
2023-09-01T23:48:05;-7.082855;112.659215;11.6;-1;358;1.5;0;49;M;683254;9216764;['P3']
2023-09-01T23:48:13;-7.082351667;112.65922;11.6;-1;357;1.3;0;49;M;683255;9216820;['P3']
2023-09-01T23:48:25;-7.08176;112.6592117;11.7;-1;357;0.8;0;49;M;683254;9216885;['P3']
2023-09-01T23:48:34;-7.081273333;112.659215;11.7;-1;356;0.7;0;49;M;683255;9216939;['P3']
2023-09-01T23:48:45;-7.080673333;112.6592383;11.7;-1;356;0;0;49;M;683257;9217005;['P3']
2023-09-01T23:48:55;-7.080148333;112.659225;11.7;-1;357;359.8;0;49;M;683256;9217063;['P3']
2023-09-01T23:49:05;-7.079605;112.659245;11.7;-1;358;0.8;0;49;M;683259;9217123;['P3']
2023-09-01T23:49:13;-7.07911;112.65926;11.7;-1;359;1;0;49;M;683260;9217178;['P3']
2023-09-01T23:49:25;-7.078515;112.659285;11.7;-1;0;1;0;49;M;683263;9217244;['P3']
2023-09-01T23:49:45;-7.07742;112.65939;11.7;-1;0;1.5;0;49;M;683275;9217365;['P3']
2023-09-01T23:49:54;-7.07687;112.6594033;11.7;-1;1;2.5;0;49;M;683277;9217426;['P3']
2023-09-01T23:50:04;-7.07634;112.6594167;11.7;-1;4;3.8;0;49;M;683279;9217484;['P3']
2023-09-01T23:50:13;-7.075865;112.65946;11.7;-1;4;4.5;0;49;M;683284;9217537;['P3']
2023-09-01T23:50:23;-7.07532;112.6595133;11.7;-1;6;5.4;127;49;M;683290;9217597;['P3']
2023-09-01T23:50:34;-7.074763333;112.6595683;11.6;-1;8;6.7;127;49;M;683296;9217659;['P3']
2023-09-01T23:50:45;-7.074173333;112.659635;11.6;-1;8;8.2;0;49;M;683304;9217724;['P3']
2023-09-01T23:51:34;-7.071578333;112.6601233;11.6;-1;10;11.6;0;49;M;683359;9218011;['P3']
2023-09-01T23:52:05;-7.069936667;112.6604767;11.7;-1;9;10.9;0;49;M;683398;9218192;['P3']
2023-09-02T00:06:15;-7.024746667;112.6756017;12.5;-1;20;23;0;49;M;685087;9223184;['P3']
2023-09-02T00:06:23;-7.024248333;112.6758183;12.5;-1;20;23.3;0;49;M;685112;9223239;['P3']
2023-09-02T00:07:54;-7.019471667;112.6779467;12.5;-1;20;23.6;0;49;M;685349;9223766;['P3']
2023-09-02T00:09:23;-7.014783333;112.68004;12.2;-1;23;24.8;0;49;M;685582;9224284;['P3']
2023-09-02T00:09:45;-7.013713333;112.6805667;12.2;-1;22;25.6;0;49;M;685640;9224402;['P3']
2023-09-02T00:09:54;-7.013238333;112.680805;12.1;-1;23;26.1;0;49;M;685667;9224455;['P3']
2023-09-02T00:10:04;-7.012723333;112.6810683;12.1;-1;23;26.4;0;49;M;685696;9224511;['P3']
2023-09-02T00:10:14;-7.012175;112.68134;12.1;-1;22;26.3;0;49;M;685726;9224572;['P3']
2023-09-02T00:10:23;-7.011726667;112.6815633;12.1;-1;22;26.1;0;49;M;685751;9224621;['P3']
2023-09-02T00:10:45;-7.010676667;112.6820767;12;-1;22;26.1;0;49;M;685808;9224737;['P3']
2023-09-02T00:10:54;-7.010193333;112.6823367;12;-1;26;26.8;127;49;M;685837;9224791;['P3']
2023-09-02T00:11:14;-7.009195;112.6828;11.9;-1;23;26.8;-127;49;M;685889;9224901;['P3']
2023-09-02T00:11:33;-7.008265;112.6832883;11.9;-1;23;26.7;0;49;M;685943;9225004;['P3']
2023-09-02T00:11:45;-7.007728333;112.6835717;11.9;-1;23;26.5;0;49;M;685975;9225063;['P3']
2023-09-02T00:11:54;-7.007216667;112.68382;11.9;-1;21;25.9;0;49;M;686002;9225119;['P3']
2023-09-02T00:12:04;-7.006765;112.684035;11.9;-1;23;26.3;0;49;M;686026;9225169;['P3']
2023-09-02T00:12:33;-7.005278333;112.6847733;11.9;-1;21;25.3;0;49;M;686109;9225333;['P3']
2023-09-02T00:12:54;-7.004248333;112.6853;11.8;-1;25;27;0;49;M;686167;9225447;['P3']
2023-09-02T00:13:14;-7.003275;112.6857717;11.7;-1;22;26.2;0;49;M;686220;9225555;['P3']
2023-09-02T00:13:33;-7.002335;112.6862533;11.7;-1;22;26;0;49;M;686273;9225658;['P3']
2023-09-02T00:14:33;-6.999468333;112.6877433;11.6;-1;23;27.3;0;49;M;686439;9225975;['P3']
2023-09-02T00:17:25;-6.991286667;112.692225;11.6;-1;31;32.3;0;49;M;686938;9226878;['P3']
2023-09-02T00:17:34;-6.990933333;112.6924617;11.5;-1;31;33.1;0;49;M;686964;9226917;['P3']
2023-09-02T00:18:04;-6.989508333;112.6933433;11.5;-1;29;32.3;0;49;M;687062;9227074;['P3']
2023-09-02T00:18:14;-6.989058333;112.693625;11.5;-1;30;32.5;0;49;M;687093;9227124;['P3']
2023-09-02T00:18:25;-6.988565;112.6939433;11.5;-1;29;32.1;0;49;M;687128;9227178;['P3']
2023-09-02T00:18:34;-6.988206667;112.694185;11.5;-1;31;32.2;127;49;M;687155;9227218;['P3']
2023-09-02T00:18:54;-6.987323333;112.6948133;11.5;-1;34;34.7;0;49;M;687225;9227315;['P3']
2023-09-02T00:19:04;-6.98684;112.6951583;11.5;-1;36;35.4;0;49;M;687263;9227368;['P3']
2023-09-02T00:19:14;-6.986403333;112.6954683;11.5;-1;35;35.8;0;49;M;687298;9227417;['P3']
2023-09-02T00:19:25;-6.985925;112.695825;11.5;-1;35;35.9;0;49;M;687337;9227469;['P3']
2023-09-02T00:19:34;-6.98559;112.6960717;11.5;-1;36;36.4;0;49;M;687365;9227506;['P3']
2023-09-02T00:19:54;-6.984755;112.696745;11.5;-1;35;37.1;0;49;M;687440;9227598;['P3']
2023-09-02T00:20:04;-6.98427;112.69708;11.5;-1;34;36.7;0;49;M;687477;9227652;['P3']
2023-09-02T00:20:14;-6.98382;112.697385;11.5;-1;34;36.1;0;49;M;687511;9227701;['P3']
2023-09-02T00:20:34;-6.982986667;112.6979983;11.5;-1;35;36.7;0;49;M;687579;9227793;['P3']
2023-09-02T00:20:45;-6.982525;112.6983517;11.5;-1;35;36.6;0;49;M;687618;9227844;['P3']
2023-09-02T00:20:54;-6.982138333;112.6986367;11.5;-1;35;36.3;0;49;M;687650;9227887;['P3']
2023-09-02T00:21:04;-6.981658333;112.69898;11.5;-1;35;36.6;0;49;M;687688;9227940;['P3']
2023-09-02T00:21:34;-6.98044;112.6999;11.5;-1;34;37.4;0;49;M;687790;9228074;['P3']
2023-09-02T00:24:04;-6.97376;112.7041717;11.3;-1;22;27.6;0;49;M;688265;9228811;['P3']
2023-09-02T00:24:54;-6.971421667;112.705415;11.3;-1;25;28.4;0;49;M;688403;9229069;['P3']
2023-09-02T00:25:14;-6.970446667;112.705955;11.3;-1;25;28.5;0;49;M;688463;9229177;['P3']
2023-09-02T00:25:44;-6.969051667;112.7066967;11.4;-1;21;26.4;0;49;M;688546;9229331;['P3']
2023-09-02T00:26:04;-6.968135;112.7071367;11.4;-1;19;24.4;0;49;M;688595;9229432;['P3']
2023-09-02T00:26:14;-6.967651667;112.70736;11.3;-1;17;22.8;-127;49;M;688619;9229486;['P3']
2023-09-02T00:26:35;-6.966616667;112.7077633;11.4;-1;17;21.6;0;49;M;688664;9229600;['P3']
2023-09-02T00:27:04;-6.96519;112.708295;11.4;-1;16;19.8;0;49;M;688724;9229758;['P3']
2023-09-02T00:27:14;-6.964698333;112.708475;11.4;-1;15;19.1;0;49;M;688744;9229812;['P3']
2023-09-02T00:27:24;-6.964153333;112.7086683;11.4;-1;15;18.5;0;49;M;688765;9229872;['P3']
2023-09-02T00:27:43;-6.96319;112.70899;11.4;-1;16;18.5;0;49;M;688801;9229978;['P3']
2023-09-02T00:28:04;-6.96218;112.7093333;11.4;-1;14;17.7;0;49;M;688840;9230090;['P3']
2023-09-02T00:28:14;-6.961665;112.709495;11.4;-1;13;17.3;0;49;M;688858;9230147;['P3']
2023-09-02T00:28:23;-6.961168333;112.7096483;11.4;-1;13;16.7;0;49;M;688875;9230202;['P3']
2023-09-02T00:28:35;-6.960615;112.7098217;11.3;-1;14;16.7;0;49;M;688894;9230263;['P3']
2023-09-02T00:28:43;-6.960166667;112.7099583;11.3;-1;14;16.7;0;49;M;688910;9230312;['P3']
2023-09-02T00:29:04;-6.959163333;112.71027;11.3;-1;14;16.5;0;49;M;688944;9230423;['P3']
2023-09-02T00:29:13;-6.958656667;112.710425;11.3;-1;15;17.1;0;49;M;688962;9230479;['P3']
2023-09-02T00:31:34;-6.951776667;112.71237;10.7;-1;15;17.2;0;49;M;689179;9231239;['P3']
2023-09-02T00:35:05;-6.942858333;112.7157833;9.1;-1;19;21.3;0;49;M;689560;9232224;['P3']
2023-09-02T00:35:15;-6.94245;112.7159467;9.1;-1;18;21.1;0;49;M;689578;9232269;['P3']
2023-09-02T00:36:05;-6.940593333;112.7166633;8.4;-1;20;22.1;0;49;M;689658;9232474;['P3']
2023-09-02T00:36:35;-6.939541667;112.717125;8;-1;19;21.3;0;49;M;689710;9232591;['P3']
2023-09-02T00:36:44;-6.939231667;112.71726;7.8;-1;20;21.2;0;49;M;689725;9232625;['P3']
2023-09-02T00:37:05;-6.93854;112.7175283;7.6;-1;20;21.1;0;49;M;689755;9232701;['P3']
2023-09-02T00:37:34;-6.93757;112.717845;7.3;-1;19;20.8;0;49;M;689790;9232808;['P3']
2023-09-02T00:37:44;-6.937281667;112.7179467;7.2;-1;20;21;0;49;M;689801;9232840;['P3']
2023-09-02T00:38:05;-6.936643333;112.7182317;7;-1;21;21.5;0;49;M;689833;9232911;['P3']
2023-09-02T00:39:24;-6.934325;112.7190117;6.3;-1;17;18.2;0;49;M;689920;9233167;['P3']
2023-09-02T00:39:34;-6.934088333;112.7190967;6.2;-1;18;18.5;0;49;M;689930;9233193;['P3']
2023-09-02T00:40:03;-6.933293333;112.7193933;6;-1;18;17.9;0;49;M;689963;9233281;['P3']
2023-09-02T00:40:15;-6.933;112.7194917;5.9;-1;18;18;0;49;M;689974;9233313;['P3']
2023-09-02T00:40:24;-6.932745;112.71958;5.8;-1;18;18.6;0;49;M;689984;9233341;['P3']
2023-09-02T00:40:34;-6.932505;112.7196467;5.8;-1;18;18.3;0;49;M;689991;9233368;['P3']
2023-09-02T00:40:54;-6.932001667;112.7197917;5.6;-1;16;17;0;49;M;690008;9233423;['P3']
2023-09-02T00:41:03;-6.931743333;112.7198633;5.6;-1;14;16.4;0;49;M;690016;9233452;['P3']
2023-09-02T00:41:24;-6.931263333;112.7200083;5.4;-1;12;16.2;0;49;M;690032;9233505;['P3']
2023-09-02T00:43:05;-6.928393333;112.720885;7.6;-1;17;17.1;0;49;M;690130;9233822;['P3']
2023-09-02T00:43:24;-6.927705;112.7211;8;-1;19;18.5;0;49;M;690154;9233898;['P3']
2023-09-02T00:44:24;-6.925398333;112.721895;9.2;-1;18;18.6;0;49;M;690243;9234153;['P3']
2023-09-02T00:47:05;-6.918556667;112.7247467;10.3;-1;23;25.6;0;49;M;690561;9234908;['P3']
2023-09-02T01:35:15;-6.811156667;112.746275;7;-1;333;331.1;0;49;M;692983;9246778;['P0']
2023-09-02T01:36:34;-6.808886667;112.7450517;7;-1;329;329.3;-127;49;M;692849;9247029;['P0']
2023-09-02T01:40:54;-6.801568333;112.7418633;6.3;-1;3;357.3;127;49;M;692499;9247840;['P0']
2023-09-02T01:42:05;-6.799586667;112.742055;6.1;-1;13;8.7;0;49;M;692521;9248059;['P0']
2023-09-02T01:42:15;-6.799306667;112.742115;6;-1;15;10.3;127;49;M;692528;9248090;['P0']
2023-09-02T01:43:15;-6.797681667;112.7424533;6.1;-1;14;11.6;0;49;M;692566;9248269;['P0']
2023-09-02T01:43:44;-6.796873333;112.7426383;6;-1;16;13.7;0;49;M;692587;9248359;['P0']
2023-09-02T01:45:15;-6.794416667;112.7432883;6;-1;15;14.2;0;49;M;692660;9248630;['P0']
2023-09-02T01:45:44;-6.793601667;112.7434533;6.1;-1;11;10.7;0;49;M;692678;9248720;['P0']
2023-09-02T01:46:04;-6.793025;112.7435633;6.2;-1;11;9.6;0;49;M;692691;9248784;['P0']
2023-09-02T01:46:15;-6.792706667;112.743615;6.2;-1;13;10.1;0;49;M;692696;9248819;['P0']
2023-09-02T01:47:24;-6.79077;112.7440633;6.3;-1;17;15;0;49;M;692747;9249033;['P0']
2023-09-02T01:48:04;-6.789616667;112.7443333;6.3;-1;14;11.9;0;49;M;692777;9249161;['P0']
2023-09-02T01:48:15;-6.789296667;112.7443983;6.4;-1;14;11.4;0;49;M;692784;9249196;['P0']
2023-09-02T01:48:35;-6.78872;112.7444933;6.4;-1;14;10.7;0;49;M;692795;9249260;['P0']
2023-09-02T01:49:15;-6.787543333;112.74475;6.4;-1;14;11.5;0;49;M;692824;9249390;['P0']
2023-09-02T01:50:15;-6.785818333;112.7451417;6.4;-1;16;12.7;0;49;M;692868;9249580;['P0']
2023-09-02T01:50:53;-6.784683333;112.745385;6.4;-1;13;11;0;49;M;692895;9249706;['P0']
2023-09-02T01:51:24;-6.783815;112.745555;6.4;-1;14;10.8;0;49;M;692914;9249802;['P0']
