timestamp;lat [deg];lon [deg];sog [kn];draught [m];heading [deg];cog [deg];rot [deg/min];zone  [UTM];band  [UTM];easting [UTM];northing [UTM]
2023-09-30T00:31:51;-7.111103333;112.65964;6.6;-1;511;178.1;-128;49;M;683290;9213640
2023-09-30T00:32:21;-7.111993333;112.6597067;6.6;-1;511;175.4;-128;49;M;683297;9213541
2023-09-30T00:32:31;-7.112305;112.65972;6.6;-1;511;175.2;-128;49;M;683298;9213507
2023-09-30T00:32:51;-7.112956667;112.6598;6.6;-1;511;171.5;-128;49;M;683307;9213435
2023-09-30T00:33:01;-7.113263333;112.6598533;6.6;-1;511;171.1;-128;49;M;683312;9213401
2023-09-30T00:33:11;-7.113535;112.6598933;6.6;-1;511;170.8;-128;49;M;683317;9213371
2023-09-30T00:33:21;-7.11384;112.6599467;6.6;-1;511;170.6;-128;49;M;683323;9213337
2023-09-30T00:34:42;-7.116323333;112.66032;6.7;-1;511;173;-128;49;M;683363;9213062
2023-09-30T00:35:11;-7.117215;112.6604133;6.6;-1;511;173.1;-128;49;M;683373;9212964
2023-09-30T00:35:21;-7.117518333;112.6604667;6.6;-1;511;171.6;-128;49;M;683379;9212930
2023-09-30T00:36:51;-7.120306667;112.66084;6.6;-1;511;172;-128;49;M;683419;9212622
2023-09-30T00:37:02;-7.120611667;112.66088;6.6;-1;511;171.4;-128;49;M;683423;9212588
2023-09-30T00:37:11;-7.120888333;112.66092;6.7;-1;511;170.6;-128;49;M;683427;9212557
2023-09-30T00:37:21;-7.121196667;112.6609733;6.7;-1;511;172.8;-128;49;M;683433;9212523
2023-09-30T00:37:31;-7.12151;112.661;6.7;-1;511;172.7;-128;49;M;683436;9212488
2023-09-30T00:37:51;-7.122163333;112.6610933;6.6;-1;511;174.8;-128;49;M;683446;9212416
2023-09-30T00:38:10;-7.122743333;112.6611467;6.5;-1;511;175;-128;49;M;683452;9212352
2023-09-30T00:38:40;-7.123651667;112.6612133;6.4;-1;511;175.3;-128;49;M;683459;9212251
2023-09-30T00:39:10;-7.124538333;112.6612667;6.2;-1;511;177.7;-128;49;M;683464;9212153
2023-09-30T00:39:22;-7.12486;112.66128;6.1;-1;511;177.3;-128;49;M;683465;9212118
2023-09-30T00:39:30;-7.125118333;112.6612933;6.1;-1;511;176.1;-128;49;M;683467;9212089
2023-09-30T00:39:51;-7.125723333;112.6613333;6.1;-1;511;178.2;-128;49;M;683471;9212022
2023-09-30T00:40:02;-7.12601;112.6613467;6.1;-1;511;177.8;-128;49;M;683472;9211991
2023-09-30T00:40:10;-7.126266667;112.66136;6.1;-1;511;175.4;-128;49;M;683474;9211962
2023-09-30T00:40:30;-7.126846667;112.6614;6.1;-1;511;177.2;-128;49;M;683478;9211898
2023-09-30T00:40:42;-7.12716;112.6614133;6;-1;511;174.3;-128;49;M;683479;9211863
2023-09-30T00:40:51;-7.127438333;112.66144;6;-1;511;171.5;-128;49;M;683482;9211833
2023-09-30T00:41:01;-7.127688333;112.6614933;5.9;-1;511;168.9;-128;49;M;683488;9211805
2023-09-30T00:41:10;-7.127961667;112.6615467;6;-1;511;171.9;-128;49;M;683494;9211775
2023-09-30T00:41:22;-7.128271667;112.6615733;6.1;-1;511;172;-128;49;M;683497;9211740
2023-09-30T00:41:30;-7.128528333;112.6616267;6.1;-1;511;171.9;-128;49;M;683502;9211712
2023-09-30T00:41:42;-7.128846667;112.6616533;6.3;-1;511;173.9;-128;49;M;683505;9211677
2023-09-30T00:41:51;-7.129133333;112.6616933;6.3;-1;511;171.8;-128;49;M;683509;9211645
2023-09-30T00:42:10;-7.129678333;112.6618133;6.3;-1;511;164;-128;49;M;683522;9211585
2023-09-30T00:42:22;-7.129998333;112.6619067;6.4;-1;511;164.7;-128;49;M;683533;9211549
2023-09-30T00:42:30;-7.130256667;112.6619867;6.4;-1;511;161.4;-128;49;M;683541;9211521
2023-09-30T00:42:42;-7.13056;112.6620933;6.4;-1;511;159.5;-128;49;M;683553;9211487
2023-09-30T00:42:51;-7.130838333;112.6622133;6.5;-1;511;158.8;-128;49;M;683566;9211456
2023-09-30T00:43:01;-7.131091667;112.6623067;6.5;-1;511;158.3;-128;49;M;683576;9211428
2023-09-30T00:43:10;-7.131373333;112.6624267;6.5;-1;511;158.8;-128;49;M;683590;9211397
2023-09-30T00:43:22;-7.131686667;112.6625467;6.5;-1;511;158.9;-128;49;M;683603;9211362
2023-09-30T00:43:30;-7.131943333;112.6626533;6.6;-1;511;158.2;-128;49;M;683614;9211334
2023-09-30T00:43:52;-7.132545;112.66288;6.6;-1;511;159;-128;49;M;683639;9211267
2023-09-30T00:44:12;-7.133111667;112.6631067;6.4;-1;511;158.2;-128;49;M;683664;9211204
2023-09-30T00:44:22;-7.133386667;112.6632;6.2;-1;511;158.8;-128;49;M;683674;9211174
2023-09-30T00:44:30;-7.133626667;112.6633067;6;-1;511;157.6;-128;49;M;683686;9211147
2023-09-30T00:44:52;-7.134153333;112.6635467;5.8;-1;511;155;-128;49;M;683712;9211089
2023-09-30T00:45:01;-7.134373333;112.66364;5.8;-1;511;155.8;-128;49;M;683722;9211065
2023-09-30T00:45:12;-7.134645;112.6637733;5.7;-1;511;154.8;-128;49;M;683737;9211035
2023-09-30T00:45:21;-7.134891667;112.66388;5.7;-1;511;154.5;-128;49;M;683749;9211007
2023-09-30T00:45:31;-7.135106667;112.664;5.7;-1;511;154.5;-128;49;M;683762;9210984
2023-09-30T00:45:42;-7.135365;112.66412;5.7;-1;511;155.6;-128;49;M;683775;9210955
2023-09-30T00:45:52;-7.135603333;112.6642267;5.7;-1;511;155.5;-128;49;M;683787;9210928
2023-09-30T00:46:12;-7.136083333;112.6644533;5.6;-1;511;155;-128;49;M;683812;9210875
2023-09-30T00:46:21;-7.136323333;112.66456;5.6;-1;511;155.8;-128;49;M;683823;9210849
2023-09-30T00:46:31;-7.136543333;112.6646533;5.6;-1;511;156.3;-128;49;M;683833;9210824
2023-09-30T00:46:42;-7.136808333;112.66476;5.6;-1;511;156.1;-128;49;M;683845;9210795
2023-09-30T00:46:52;-7.137048333;112.66488;5.6;-1;511;155.8;-128;49;M;683858;9210768
2023-09-30T00:47:01;-7.137263333;112.6649733;5.5;-1;511;157.3;-128;49;M;683869;9210745
2023-09-30T00:47:12;-7.137526667;112.6650933;5.5;-1;511;156.9;-128;49;M;683882;9210715
2023-09-30T00:47:22;-7.137761667;112.6651867;5.4;-1;511;156.2;-128;49;M;683892;9210689
2023-09-30T00:47:31;-7.137971667;112.66528;5.4;-1;511;157;-128;49;M;683902;9210666
2023-09-30T00:47:42;-7.13823;112.6654;5.4;-1;511;156.2;-128;49;M;683915;9210638
2023-09-30T00:48:01;-7.138668333;112.6655733;5.4;-1;511;156.4;-128;49;M;683934;9210589
2023-09-30T00:48:12;-7.138923333;112.6656933;5.3;-1;511;155.9;-128;49;M;683947;9210561
2023-09-30T00:48:21;-7.139153333;112.6657867;5.3;-1;511;154.5;-128;49;M;683958;9210535
2023-09-30T00:48:31;-7.139355;112.6658933;5.3;-1;511;153.4;-128;49;M;683969;9210513
2023-09-30T00:48:42;-7.1396;112.6660133;5.3;-1;511;155.3;-128;49;M;683982;9210486
2023-09-30T00:48:51;-7.139826667;112.66612;5.3;-1;511;155.5;-128;49;M;683994;9210461
2023-09-30T00:49:01;-7.140028333;112.6662133;5.2;-1;511;156.8;-128;49;M;684004;9210438
2023-09-30T00:49:12;-7.140273333;112.6663067;5.1;-1;511;158.1;-128;49;M;684015;9210411
2023-09-30T00:49:21;-7.1405;112.6663867;5.2;-1;511;156.9;-128;49;M;684023;9210386
2023-09-30T00:49:42;-7.140958333;112.6665867;5.3;-1;511;157.8;-128;49;M;684045;9210335
2023-09-30T00:49:51;-7.14119;112.66668;5.3;-1;511;157.9;-128;49;M;684055;9210310
2023-09-30T00:50:01;-7.141396667;112.6667733;5.4;-1;511;157.4;-128;49;M;684066;9210287
2023-09-30T00:50:12;-7.141651667;112.6668667;5.3;-1;511;157.2;-128;49;M;684076;9210259
2023-09-30T00:50:20;-7.141853333;112.66696;5.2;-1;511;156.2;-128;49;M;684086;9210236
2023-09-30T00:50:31;-7.142075;112.6670667;5.1;-1;511;156.7;-128;49;M;684098;9210212
2023-09-30T00:50:42;-7.142315;112.66716;5;-1;511;156.9;-128;49;M;684108;9210185
2023-09-30T00:50:51;-7.142525;112.6672533;4.8;-1;511;156;-128;49;M;684118;9210162
2023-09-30T00:51:01;-7.14271;112.6673333;4.7;-1;511;156;-128;49;M;684127;9210141
2023-09-30T00:51:11;-7.142931667;112.66744;4.6;-1;511;158.1;-128;49;M;684139;9210117
2023-09-30T00:51:20;-7.143116667;112.6674933;4.7;-1;511;156.7;-128;49;M;684145;9210096
2023-09-30T00:51:31;-7.143318333;112.6676;4.8;-1;511;153.6;-128;49;M;684156;9210074
2023-09-30T00:51:40;-7.143528333;112.6676933;4.9;-1;511;158.8;-128;49;M;684166;9210051
2023-09-30T00:51:51;-7.143766667;112.6677733;5;-1;511;157.5;-128;49;M;684175;9210024
2023-09-30T00:52:01;-7.143961667;112.6678533;5;-1;511;157.4;-128;49;M;684184;9210003
2023-09-30T00:52:11;-7.144201667;112.66796;5.1;-1;511;158.8;-128;49;M;684196;9209976
2023-09-30T00:52:20;-7.144403333;112.66804;5.1;-1;511;160.1;-128;49;M;684204;9209954
2023-09-30T00:52:30;-7.144626667;112.66812;5.1;-1;511;159.9;-128;49;M;684213;9209929
2023-09-30T00:52:40;-7.144851667;112.6682;5.1;-1;511;160.9;-128;49;M;684222;9209904
2023-09-30T00:52:51;-7.1451;112.66828;5.1;-1;511;158.9;-128;49;M;684231;9209877
2023-09-30T00:53:02;-7.145326667;112.66836;5.2;-1;511;161.7;-128;49;M;684239;9209852
2023-09-30T00:53:11;-7.145556667;112.6684533;5.2;-1;511;159.8;-128;49;M;684250;9209826
2023-09-30T00:53:20;-7.14576;112.66852;5.2;-1;511;159.3;-128;49;M;684257;9209804
2023-09-30T00:53:30;-7.145988333;112.6686;5.2;-1;511;161;-128;49;M;684266;9209778
2023-09-30T00:53:40;-7.146218333;112.6686933;5.2;-1;511;159.9;-128;49;M;684276;9209753
2023-09-30T00:53:51;-7.146471667;112.6687867;5.2;-1;511;159.7;-128;49;M;684286;9209725
2023-09-30T00:54:01;-7.1467;112.6688667;5.2;-1;511;161.6;-128;49;M;684295;9209699
2023-09-30T00:54:11;-7.146931667;112.6689333;5.2;-1;511;160.9;-128;49;M;684302;9209674
2023-09-30T00:54:21;-7.14716;112.6690133;5.2;-1;511;161.1;-128;49;M;684311;9209648
2023-09-30T00:54:30;-7.147368333;112.66908;5.2;-1;511;162.1;-128;49;M;684318;9209625
2023-09-30T00:54:40;-7.147603333;112.66916;5.2;-1;511;162.7;-128;49;M;684327;9209599
2023-09-30T00:54:51;-7.147863333;112.66924;5.2;-1;511;162.1;-128;49;M;684336;9209571
2023-09-30T00:55:01;-7.148096667;112.6693067;5.2;-1;511;162.7;-128;49;M;684343;9209545
2023-09-30T00:55:10;-7.148308333;112.6693733;5.3;-1;511;163.1;-128;49;M;684350;9209521
2023-09-30T00:55:21;-7.148566667;112.6694533;5.3;-1;511;162.6;-128;49;M;684359;9209493
2023-09-30T00:55:30;-7.148778333;112.66952;5.3;-1;511;162.8;-128;49;M;684366;9209469
2023-09-30T00:55:40;-7.149015;112.6696;5.3;-1;511;163.5;-128;49;M;684375;9209443
2023-09-30T00:55:51;-7.14928;112.6696667;5.3;-1;511;164.1;-128;49;M;684382;9209414
2023-09-30T00:56:01;-7.149518333;112.6697467;5.3;-1;511;164.6;-128;49;M;684391;9209387
2023-09-30T00:56:10;-7.149731667;112.6698133;5.3;-1;511;163.9;-128;49;M;684398;9209364
2023-09-30T00:56:30;-7.150211667;112.6699467;5.3;-1;511;162.8;-128;49;M;684413;9209311
2023-09-30T00:56:40;-7.150451667;112.67;5.3;-1;511;162.8;-128;49;M;684418;9209284
2023-09-30T00:56:51;-7.150715;112.6700933;5.3;-1;511;162.3;-128;49;M;684429;9209255
2023-09-30T00:57:21;-7.151426667;112.67032;5.3;-1;511;163.9;-128;49;M;684453;9209176
2023-09-30T00:57:32;-7.151668333;112.6703867;5.3;-1;511;164.3;-128;49;M;684461;9209149
2023-09-30T00:57:40;-7.151886667;112.67044;5.3;-1;511;163.4;-128;49;M;684467;9209125
2023-09-30T00:57:51;-7.15215;112.6705333;5.3;-1;511;161.9;-128;49;M;684477;9209096
2023-09-30T00:58:01;-7.152365;112.6705867;5.3;-1;511;163.6;-128;49;M;684483;9209072
2023-09-30T00:58:40;-7.153316667;112.6708667;5.3;-1;511;163.7;-128;49;M;684513;9208967
2023-09-30T00:58:51;-7.153576667;112.6709333;5.3;-1;511;164.5;-128;49;M;684520;9208938
2023-09-30T00:59:01;-7.153793333;112.671;5.3;-1;511;164.4;-128;49;M;684528;9208914
2023-09-30T00:59:11;-7.154058333;112.6710667;5.3;-1;511;164.1;-128;49;M;684535;9208885
2023-09-30T00:59:21;-7.154295;112.6711467;5.3;-1;511;164.7;-128;49;M;684544;9208859
2023-09-30T00:59:32;-7.154533333;112.6712;5.3;-1;511;165.3;-128;49;M;684549;9208832
2023-09-30T00:59:40;-7.15475;112.6712533;5.3;-1;511;165.4;-128;49;M;684555;9208808
2023-09-30T00:59:51;-7.155013333;112.67132;5.3;-1;511;165.1;-128;49;M;684562;9208779
2023-09-30T01:00:01;-7.15523;112.6713867;5.3;-1;511;165;-128;49;M;684570;9208755
2023-09-30T01:00:11;-7.155493333;112.6714533;5.3;-1;511;165.4;-128;49;M;684577;9208726
2023-09-30T01:00:20;-7.15571;112.67152;5.3;-1;511;165.2;-128;49;M;684584;9208702
2023-09-30T01:00:32;-7.155971667;112.6716;5.3;-1;511;163.3;-128;49;M;684593;9208673
2023-09-30T01:00:40;-7.156185;112.6716667;5.3;-1;511;162.8;-128;49;M;684600;9208649
2023-09-30T01:00:51;-7.156425;112.6717333;5.4;-1;511;164.2;-128;49;M;684608;9208623
2023-09-30T01:01:01;-7.156668333;112.6718;5.4;-1;511;164.6;-128;49;M;684615;9208596
2023-09-30T01:01:11;-7.156938333;112.67188;5.5;-1;511;165.8;-128;49;M;684624;9208566
2023-09-30T01:01:20;-7.157166667;112.6719333;5.5;-1;511;165.5;-128;49;M;684629;9208541
2023-09-30T01:01:32;-7.157443333;112.6719867;5.5;-1;511;164.6;-128;49;M;684635;9208510
2023-09-30T01:01:40;-7.157665;112.6720533;5.6;-1;511;163.1;-128;49;M;684642;9208485
2023-09-30T01:01:51;-7.157913333;112.6721333;5.6;-1;511;161.4;-128;49;M;684651;9208458
2023-09-30T01:02:11;-7.158418333;112.6723333;5.6;-1;511;156.5;-128;49;M;684673;9208402
2023-09-30T01:02:20;-7.158631667;112.6724267;5.6;-1;511;156;-128;49;M;684683;9208378
2023-09-30T01:02:32;-7.158898333;112.67256;5.6;-1;511;156.6;-128;49;M;684698;9208349
2023-09-30T01:02:40;-7.159115;112.67264;5.6;-1;511;156.4;-128;49;M;684707;9208325
2023-09-30T01:03:20;-7.1601;112.6730533;5.7;-1;511;157.9;-128;49;M;684752;9208216
2023-09-30T01:03:32;-7.160373333;112.67316;5.7;-1;511;159;-128;49;M;684764;9208186
2023-09-30T01:04:10;-7.161313333;112.6735733;5.6;-1;511;154.3;-128;49;M;684809;9208081
2023-09-30T01:05:30;-7.163171667;112.6744533;5.3;-1;511;154.9;-128;49;M;684905;9207876
2023-09-30T01:06:30;-7.164516667;112.6751067;5.3;-1;511;154.8;-128;49;M;684977;9207727
2023-09-30T01:07:01;-7.16521;112.6754267;5.3;-1;511;154.2;-128;49;M;685012;9207650
2023-09-30T01:07:30;-7.16586;112.6757333;5.3;-1;511;154.8;-128;49;M;685046;9207578
2023-09-30T01:07:41;-7.166105;112.6758533;5.3;-1;511;154.2;-128;49;M;685059;9207551
2023-09-30T01:08:01;-7.16655;112.6760667;5.3;-1;511;153.8;-128;49;M;685082;9207501
2023-09-30T01:08:22;-7.166998333;112.6762933;5.4;-1;511;154.3;-128;49;M;685107;9207452
2023-09-30T01:08:30;-7.167205;112.6763867;5.4;-1;511;154.2;-128;49;M;685117;9207429
2023-09-30T01:08:41;-7.167463333;112.6765067;5.5;-1;511;154.5;-128;49;M;685130;9207400
2023-09-30T01:08:50;-7.167675;112.6766;5.5;-1;511;154.7;-128;49;M;685141;9207377
2023-09-30T01:09:10;-7.168153333;112.6768267;5.7;-1;511;156.1;-128;49;M;685165;9207324
2023-09-30T01:09:30;-7.16863;112.6770533;5.7;-1;511;152.9;-128;49;M;685190;9207271
2023-09-30T01:09:41;-7.168891667;112.6771867;5.7;-1;511;153.3;-128;49;M;685205;9207242
2023-09-30T01:09:50;-7.169108333;112.6772933;5.7;-1;511;152.8;-128;49;M;685217;9207218
2023-09-30T01:10:22;-7.169855;112.6776667;5.7;-1;511;152.5;-128;49;M;685258;9207135
2023-09-30T01:10:50;-7.170545;112.6780267;5.7;-1;511;154;-128;49;M;685297;9207059
2023-09-30T01:11:01;-7.17078;112.6781467;5.6;-1;511;154.3;-128;49;M;685310;9207033
2023-09-30T01:11:22;-7.171278333;112.6783733;5.4;-1;511;153;-128;49;M;685335;9206977
2023-09-30T01:11:41;-7.171708333;112.6786267;5.2;-1;511;148.8;-128;49;M;685363;9206930
2023-09-30T01:12:01;-7.172091667;112.6788667;5;-1;511;148.8;-128;49;M;685389;9206887
2023-09-30T01:13:20;-7.173468333;112.6798533;3.9;-1;511;143.7;-128;49;M;685498;9206735
2023-09-30T01:13:41;-7.17375;112.6800533;3.4;-1;511;145.1;-128;49;M;685520;9206703
2023-09-30T01:14:11;-7.174126667;112.6803067;2.8;-1;511;146.1;-128;49;M;685547;9206662
2023-09-30T01:14:41;-7.174418333;112.6804933;2.3;-1;511;150.1;-128;49;M;685568;9206629
2023-09-30T01:15:11;-7.174678333;112.6806533;1.8;-1;511;148.4;-128;49;M;685585;9206600
2023-09-30T01:15:20;-7.174745;112.68068;1.7;-1;511;148.6;-128;49;M;685588;9206593
2023-09-30T01:15:52;-7.174931667;112.6808;1.4;-1;511;150;-128;49;M;685602;9206572
2023-09-30T01:16:11;-7.175035;112.68084;1.2;-1;511;154.6;-128;49;M;685606;9206561
2023-09-30T01:16:30;-7.175128333;112.6808933;1;-1;511;155.5;-128;49;M;685612;9206551
2023-09-30T01:17:12;-7.175313333;112.6809733;1.3;-1;511;151.6;-128;49;M;685621;9206530
2023-09-30T01:17:52;-7.17564;112.6811867;2.6;-1;511;148.3;-128;49;M;685644;9206494
2023-09-30T01:18:12;-7.175863333;112.6813333;3;-1;511;146.3;-128;49;M;685660;9206469
2023-09-30T01:18:31;-7.176113333;112.68148;3.3;-1;511;151.2;-128;49;M;685676;9206441
2023-09-30T01:18:50;-7.176375;112.6816533;3.5;-1;511;146.8;-128;49;M;685695;9206412
2023-09-30T01:19:20;-7.17681;112.6819333;3.9;-1;511;143.7;-128;49;M;685726;9206364
2023-09-30T01:20:12;-7.177578333;112.68256;4.2;-1;511;141.5;-128;49;M;685795;9206279
2023-09-30T01:20:20;-7.177718333;112.6826667;4.2;-1;511;140.2;-128;49;M;685807;9206263
2023-09-30T01:20:50;-7.17816;112.68304;4.2;-1;511;140.6;-128;49;M;685848;9206214
2023-09-30T01:21:01;-7.178331667;112.6831733;4.3;-1;511;140.6;-128;49;M;685862;9206195
2023-09-30T01:21:10;-7.17849;112.6833067;4.3;-1;511;140.9;-128;49;M;685877;9206178
2023-09-30T01:21:21;-7.178666667;112.6834533;4.3;-1;511;140.8;-128;49;M;685893;9206158
2023-09-30T01:21:42;-7.178991667;112.6837067;4.4;-1;511;142.2;-128;49;M;685921;9206122
2023-09-30T01:22:10;-7.179463333;112.6840667;4.4;-1;511;140.3;-128;49;M;685961;9206070
2023-09-30T01:22:21;-7.179643333;112.6842133;4.4;-1;511;142.4;-128;49;M;685977;9206050
2023-09-30T01:22:42;-7.179966667;112.68448;4.4;-1;511;141.1;-128;49;M;686006;9206014
2023-09-30T01:23:01;-7.180286667;112.68472;4.5;-1;511;143.5;-128;49;M;686032;9205979
2023-09-30T01:23:10;-7.180461667;112.68484;4.4;-1;511;144;-128;49;M;686046;9205959
2023-09-30T01:23:30;-7.180798333;112.68508;4.4;-1;511;144.9;-128;49;M;686072;9205922
2023-09-30T01:23:50;-7.181135;112.68532;4.4;-1;511;144.4;-128;49;M;686098;9205884
2023-09-30T01:24:01;-7.1813;112.6854533;4.4;-1;511;144.3;-128;49;M;686113;9205866
2023-09-30T01:24:10;-7.181463333;112.68556;4.4;-1;511;142.4;-128;49;M;686125;9205848
2023-09-30T01:24:21;-7.18165;112.6857067;4.4;-1;511;143.9;-128;49;M;686141;9205827
2023-09-30T01:24:50;-7.182135;112.6860533;4.4;-1;511;143.5;-128;49;M;686179;9205774
2023-09-30T01:25:01;-7.1823;112.6861867;4.4;-1;511;144;-128;49;M;686194;9205755
2023-09-30T01:25:10;-7.182465;112.6862933;4.4;-1;511;145;-128;49;M;686205;9205737
2023-09-30T01:25:30;-7.18278;112.6865467;4.4;-1;511;142.2;-128;49;M;686233;9205702
2023-09-30T01:25:50;-7.183095;112.6867867;4.2;-1;511;137.4;-128;49;M;686259;9205667
2023-09-30T01:26:11;-7.18337;112.6870667;4.2;-1;511;133.5;-128;49;M;686290;9205637
2023-09-30T01:26:21;-7.183518333;112.6872267;4.2;-1;511;132.9;-128;49;M;686308;9205620
2023-09-30T01:26:30;-7.183638333;112.68736;4;-1;511;132.9;-128;49;M;686323;9205607
2023-09-30T01:26:42;-7.183773333;112.6875067;3.8;-1;511;131.3;-128;49;M;686339;9205592
2023-09-30T01:26:52;-7.183885;112.6876267;3.6;-1;511;130.2;-128;49;M;686352;9205579
2023-09-30T01:27:01;-7.183981667;112.68776;3.5;-1;511;129.1;-128;49;M;686367;9205569
2023-09-30T01:27:10;-7.184086667;112.68788;3.4;-1;511;128.1;-128;49;M;686380;9205557
2023-09-30T01:27:22;-7.184188333;112.6880267;3.3;-1;511;126.8;-128;49;M;686396;9205546
2023-09-30T01:27:30;-7.184265;112.6881333;3.2;-1;511;125.9;-128;49;M;686408;9205537
2023-09-30T01:27:42;-7.184358333;112.6882667;3;-1;511;126.6;-128;49;M;686422;9205527
2023-09-30T01:27:52;-7.18444;112.6883867;2.8;-1;511;126.6;-128;49;M;686436;9205518
2023-09-30T01:28:11;-7.184581667;112.6885733;2.5;-1;511;125.8;-128;49;M;686456;9205502
2023-09-30T01:28:22;-7.184656667;112.68868;2.3;-1;511;125.9;-128;49;M;686468;9205494
2023-09-30T01:28:30;-7.184713333;112.68876;2.3;-1;511;125;-128;49;M;686477;9205487
2023-09-30T01:28:42;-7.184778333;112.68884;2.2;-1;511;124.4;-128;49;M;686486;9205480
2023-09-30T01:28:52;-7.184835;112.6889333;2;-1;511;124;-128;49;M;686496;9205474
2023-09-30T01:29:01;-7.184878333;112.689;1.9;-1;511;120.9;-128;49;M;686503;9205469
2023-09-30T01:29:11;-7.18492;112.68908;1.8;-1;511;117.7;-128;49;M;686512;9205464
2023-09-30T01:29:22;-7.184965;112.68916;1.6;-1;511;120.7;-128;49;M;686521;9205459
2023-09-30T01:29:30;-7.185;112.6892133;1.6;-1;511;118.3;-128;49;M;686527;9205455
2023-09-30T01:29:42;-7.185036667;112.6892933;1.5;-1;511;109.5;-128;49;M;686536;9205451
2023-09-30T01:29:52;-7.185056667;112.68936;1.4;-1;511;108.4;-128;49;M;686543;9205449
2023-09-30T01:30:01;-7.185075;112.6894267;1.3;-1;511;108.2;-128;49;M;686550;9205447
2023-09-30T01:30:11;-7.185096667;112.6894667;1.3;-1;511;106.9;-128;49;M;686555;9205445
2023-09-30T01:30:22;-7.185118333;112.6895333;1.1;-1;511;108;-128;49;M;686562;9205442
2023-09-30T01:30:31;-7.18513;112.6896;1;-1;511;107.2;-128;49;M;686569;9205441
2023-09-30T01:30:42;-7.185145;112.68964;1;-1;511;108.7;-128;49;M;686574;9205439
2023-09-30T01:30:52;-7.18516;112.68968;0.9;-1;511;111;-128;49;M;686578;9205438
2023-09-30T01:31:01;-7.185176667;112.6897333;0.8;-1;511;111;-128;49;M;686584;9205436
2023-09-30T01:31:10;-7.185188333;112.68976;0.8;-1;511;110.1;-128;49;M;686587;9205434
2023-09-30T01:31:31;-7.185211667;112.6898267;0.6;-1;511;108.4;-128;49;M;686594;9205432
2023-09-30T01:31:42;-7.185221667;112.6898667;0.6;-1;511;106.2;-128;49;M;686599;9205431
2023-09-30T01:31:52;-7.18523;112.6898933;0.6;-1;511;104.6;-128;49;M;686602;9205430
2023-09-30T01:32:01;-7.185236667;112.6899333;0.5;-1;511;99.1;-128;49;M;686606;9205429
2023-09-30T01:32:11;-7.185241667;112.6899467;0.5;-1;511;100.1;-128;49;M;686608;9205428
2023-09-30T01:32:21;-7.185248333;112.6899733;0.5;-1;511;96.9;-128;49;M;686611;9205428
2023-09-30T01:32:31;-7.185246667;112.6899867;0.5;-1;511;92.3;-128;49;M;686612;9205428
2023-09-30T01:32:41;-7.18525;112.6900267;0.8;-1;511;103.8;-128;49;M;686616;9205427
2023-09-30T01:32:52;-7.18526;112.69008;1.2;-1;511;102.1;-128;49;M;686622;9205426
2023-09-30T01:33:01;-7.185278333;112.6901333;1.5;-1;511;109;-128;49;M;686628;9205424
2023-09-30T01:33:11;-7.185321667;112.6902267;1.8;-1;511;120.9;-128;49;M;686639;9205419
2023-09-30T01:33:22;-7.18538;112.69028;2.1;-1;511;129.3;-128;49;M;686644;9205413
2023-09-30T01:33:52;-7.185608333;112.6905333;2.5;-1;511;132.7;-128;49;M;686672;9205388
2023-09-30T01:34:11;-7.185801667;112.6906933;2.7;-1;511;143.6;-128;49;M;686690;9205366
2023-09-30T01:34:22;-7.185908333;112.69076;2.8;-1;511;146;-128;49;M;686697;9205354
2023-09-30T01:34:41;-7.186126667;112.6908933;3;-1;511;154.9;-128;49;M;686712;9205330
2023-09-30T01:34:51;-7.186268333;112.6909333;3.1;-1;511;163.1;-128;49;M;686716;9205314
2023-09-30T01:35:01;-7.18643;112.6909867;3.2;-1;511;162.7;-128;49;M;686722;9205297
2023-09-30T01:35:11;-7.186583333;112.69104;3.4;-1;511;162.8;-128;49;M;686728;9205280
2023-09-30T01:35:22;-7.186728333;112.69108;3.4;-1;511;158.7;-128;49;M;686732;9205264
2023-09-30T01:35:31;-7.186878333;112.6911333;3.6;-1;511;164;-128;49;M;686738;9205247
2023-09-30T01:35:41;-7.18703;112.69116;3.7;-1;511;167.1;-128;49;M;686741;9205230
2023-09-30T01:35:51;-7.187201667;112.6912;3.7;-1;511;166.1;-128;49;M;686745;9205211
2023-09-30T01:36:01;-7.187393333;112.69124;3.8;-1;511;167.7;-128;49;M;686750;9205190
2023-09-30T01:36:22;-7.187765;112.6912933;4.1;-1;511;172.3;-128;49;M;686755;9205149
2023-09-30T01:36:30;-7.187936667;112.6913333;4.2;-1;511;172.8;-128;49;M;686760;9205130
2023-09-30T01:36:41;-7.188128333;112.6913467;4.2;-1;511;171.8;-128;49;M;686761;9205109
2023-09-30T01:36:51;-7.188325;112.6913733;4.3;-1;511;173.3;-128;49;M;686764;9205087
2023-09-30T01:37:01;-7.188545;112.6914133;4.3;-1;511;172.3;-128;49;M;686768;9205063
2023-09-30T01:37:11;-7.188751667;112.6914267;4.4;-1;511;172.2;-128;49;M;686770;9205040
2023-09-30T01:37:22;-7.188958333;112.6914533;4.4;-1;511;171.2;-128;49;M;686773;9205017
2023-09-30T01:37:30;-7.189148333;112.6914933;4.5;-1;511;170.9;-128;49;M;686777;9204996
2023-09-30T01:37:41;-7.189355;112.69152;4.3;-1;511;171.6;-128;49;M;686780;9204973
2023-09-30T01:37:51;-7.189555;112.6915333;4.2;-1;511;175.8;-128;49;M;686781;9204951
2023-09-30T01:38:01;-7.189748333;112.69156;4;-1;511;175.9;-128;49;M;686784;9204929
2023-09-30T01:38:11;-7.189946667;112.6915733;3.8;-1;511;176.2;-128;49;M;686785;9204907
2023-09-30T01:38:21;-7.190101667;112.6915733;3.5;-1;511;175.9;-128;49;M;686785;9204890
2023-09-30T01:38:41;-7.190403333;112.6916267;3;-1;511;167.1;-128;49;M;686791;9204857
2023-09-30T01:38:51;-7.190526667;112.6916667;2.6;-1;511;158.8;-128;49;M;686795;9204843
2023-09-30T01:39:01;-7.190633333;112.69172;2.3;-1;511;155;-128;49;M;686801;9204831
2023-09-30T01:39:11;-7.19072;112.6917467;1.9;-1;511;153.4;-128;49;M;686804;9204822
2023-09-30T01:39:21;-7.190785;112.6917867;1.4;-1;511;154.1;-128;49;M;686809;9204815
2023-09-30T01:39:30;-7.190841667;112.6918133;1.1;-1;511;160.9;-128;49;M;686812;9204808
2023-09-30T01:39:41;-7.190891667;112.6918267;1;-1;511;175.8;-128;49;M;686813;9204803
2023-09-30T01:40:01;-7.190975;112.6918133;0.6;-1;511;197;-128;49;M;686811;9204794
2023-09-30T01:40:11;-7.190996667;112.6918;0.6;-1;511;236.3;-128;49;M;686810;9204791
2023-09-30T01:40:21;-7.191001667;112.6917733;0.9;-1;511;271.4;-128;49;M;686807;9204791
2023-09-30T01:40:30;-7.190998333;112.6917067;1.2;-1;511;283.9;-128;49;M;686800;9204791
2023-09-30T01:40:41;-7.190976667;112.69164;1.5;-1;511;290.4;-128;49;M;686792;9204793
2023-09-30T01:40:52;-7.190951667;112.6915733;1.7;-1;511;286.8;-128;49;M;686785;9204796
2023-09-30T01:41:01;-7.190931667;112.6915067;1.6;-1;511;282.7;-128;49;M;686778;9204799
2023-09-30T01:41:11;-7.190913333;112.69144;1.5;-1;511;283.6;-128;49;M;686770;9204801
2023-09-30T01:41:21;-7.1909;112.6913733;1.4;-1;511;282.4;-128;49;M;686763;9204802
2023-09-30T01:41:41;-7.190866667;112.6912267;1.3;-1;511;286.6;-128;49;M;686747;9204806
2023-09-30T01:41:52;-7.190845;112.69116;1.3;-1;511;287.6;-128;49;M;686739;9204808
2023-09-30T01:42:01;-7.190826667;112.69112;1.3;-1;511;288.2;-128;49;M;686735;9204810
2023-09-30T01:42:11;-7.190808333;112.6910533;1.3;-1;511;289.9;-128;49;M;686728;9204812
2023-09-30T01:42:31;-7.190761667;112.69096;1.2;-1;511;293.4;-128;49;M;686717;9204818
2023-09-30T01:42:52;-7.19071;112.69084;1.2;-1;511;293.2;-128;49;M;686704;9204823
2023-09-30T01:43:00;-7.190686667;112.6907867;1.2;-1;511;294;-128;49;M;686698;9204826
2023-09-30T01:43:11;-7.190663333;112.6907467;1.2;-1;511;295.6;-128;49;M;686694;9204829
2023-09-30T01:43:21;-7.190638333;112.6906933;1.2;-1;511;295.8;-128;49;M;686688;9204831
2023-09-30T01:43:31;-7.190613333;112.69064;1.2;-1;511;297.6;-128;49;M;686682;9204834
2023-09-30T01:43:41;-7.190585;112.6905733;1.2;-1;511;298.6;-128;49;M;686675;9204837
2023-09-30T01:43:52;-7.190553333;112.6905333;1.1;-1;511;299.1;-128;49;M;686670;9204841
2023-09-30T01:44:00;-7.190526667;112.6904933;1.1;-1;511;300.2;-128;49;M;686666;9204844
2023-09-30T01:44:12;-7.190495;112.6904533;1.1;-1;511;300.3;-128;49;M;686661;9204847
2023-09-30T01:44:21;-7.190475;112.6904;1.1;-1;511;294.6;-128;49;M;686656;9204849
2023-09-30T01:44:31;-7.190458333;112.6903467;1.1;-1;511;288.5;-128;49;M;686650;9204851
2023-09-30T01:44:41;-7.190441667;112.6903067;1.1;-1;511;291.4;-128;49;M;686645;9204853
2023-09-30T01:44:52;-7.190423333;112.6902533;1;-1;511;293.1;-128;49;M;686639;9204855
2023-09-30T01:45:00;-7.190403333;112.6902;1;-1;511;294.4;-128;49;M;686634;9204857
2023-09-30T01:45:12;-7.190378333;112.6901733;1;-1;511;297.2;-128;49;M;686631;9204860
2023-09-30T01:45:21;-7.190358333;112.69012;1.2;-1;511;298.6;-128;49;M;686625;9204862
2023-09-30T01:45:31;-7.190326667;112.69008;1.5;-1;511;299.2;-128;49;M;686620;9204866
2023-09-30T01:45:41;-7.190283333;112.6899867;1.8;-1;511;300.5;-128;49;M;686610;9204871
2023-09-30T01:46:00;-7.190191667;112.68984;2.1;-1;511;301.9;-128;49;M;686594;9204881
2023-09-30T01:46:20;-7.190095;112.68968;1.9;-1;511;302.4;-128;49;M;686576;9204892
2023-09-30T01:46:31;-7.190048333;112.6896133;1.8;-1;511;301.5;-128;49;M;686569;9204897
2023-09-30T01:46:41;-7.190005;112.6895333;1.7;-1;511;300.1;-128;49;M;686560;9204902
2023-09-30T01:46:52;-7.189961667;112.6894667;1.7;-1;511;301.8;-128;49;M;686553;9204907
2023-09-30T01:47:00;-7.18993;112.6894133;1.6;-1;511;302.6;-128;49;M;686547;9204910
2023-09-30T01:47:12;-7.189885;112.6893467;1.6;-1;511;302.3;-128;49;M;686539;9204915
2023-09-30T01:47:20;-7.189848333;112.6892933;1.6;-1;511;302.3;-128;49;M;686534;9204919
2023-09-30T01:47:30;-7.189803333;112.6892133;1.6;-1;511;303.4;-128;49;M;686525;9204924
2023-09-30T01:47:41;-7.189756667;112.6891467;1.5;-1;511;302.9;-128;49;M;686517;9204929
2023-09-30T01:47:52;-7.189711667;112.6890667;1.5;-1;511;303;-128;49;M;686509;9204934
2023-09-30T01:48:00;-7.18968;112.6890133;1.5;-1;511;303.3;-128;49;M;686503;9204938
2023-09-30T01:48:12;-7.189633333;112.6889467;1.5;-1;511;304.3;-128;49;M;686495;9204943
2023-09-30T01:48:20;-7.189596667;112.6889067;1.4;-1;511;305.1;-128;49;M;686491;9204947
2023-09-30T01:48:30;-7.189555;112.6888533;1.4;-1;511;306.1;-128;49;M;686485;9204952
2023-09-30T01:48:41;-7.189511667;112.6887867;1.4;-1;511;305.5;-128;49;M;686478;9204957
2023-09-30T01:48:52;-7.189466667;112.6887333;1.4;-1;511;307.1;-128;49;M;686472;9204962
2023-09-30T01:49:00;-7.189435;112.6886933;1.4;-1;511;306.7;-128;49;M;686468;9204965
2023-09-30T01:49:12;-7.189385;112.6886267;1.7;-1;511;308.6;-128;49;M;686460;9204971
2023-09-30T01:49:20;-7.189336667;112.68856;2;-1;511;308.8;-128;49;M;686453;9204976
2023-09-30T01:49:30;-7.189278333;112.68848;2.2;-1;511;309.1;-128;49;M;686444;9204983
2023-09-30T01:49:41;-7.189205;112.6884;2.4;-1;511;309.6;-128;49;M;686435;9204991
2023-09-30T01:49:52;-7.18912;112.6883067;2.6;-1;511;310.1;-128;49;M;686425;9205000
2023-09-30T01:50:00;-7.189056667;112.68824;2.5;-1;511;309.6;-128;49;M;686418;9205007
2023-09-30T01:50:12;-7.188976667;112.6881333;2.3;-1;511;309.1;-128;49;M;686406;9205016
2023-09-30T01:50:21;-7.188908333;112.6880533;2.2;-1;511;308.3;-128;49;M;686397;9205024
2023-09-30T01:50:30;-7.18885;112.6879733;2.1;-1;511;307.9;-128;49;M;686388;9205030
2023-09-30T01:50:52;-7.188721667;112.6878133;1.9;-1;511;309.8;-128;49;M;686371;9205044
2023-09-30T01:51:00;-7.188675;112.68776;1.9;-1;511;310.2;-128;49;M;686365;9205050
2023-09-30T01:51:12;-7.18861;112.68768;1.9;-1;511;310.7;-128;49;M;686356;9205057
2023-09-30T01:51:21;-7.18855;112.6876133;1.9;-1;511;311.8;-128;49;M;686349;9205064
2023-09-30T01:51:30;-7.188498333;112.6875467;1.9;-1;511;311.4;-128;49;M;686341;9205069
2023-09-30T01:51:40;-7.188438333;112.68748;1.8;-1;511;312.5;-128;49;M;686334;9205076
2023-09-30T01:51:50;-7.188378333;112.6874267;1.8;-1;511;313;-128;49;M;686328;9205083
2023-09-30T01:52:00;-7.18832;112.6873733;1.8;-1;511;313.9;-128;49;M;686322;9205089
2023-09-30T01:52:11;-7.18826;112.6873067;1.8;-1;511;315.2;-128;49;M;686315;9205096
2023-09-30T01:52:32;-7.188131667;112.6871733;1.8;-1;511;315.9;-128;49;M;686300;9205110
2023-09-30T01:52:40;-7.18808;112.6871333;1.7;-1;511;316;-128;49;M;686296;9205116
2023-09-30T01:52:50;-7.188023333;112.68708;1.7;-1;511;315.4;-128;49;M;686290;9205122
2023-09-30T01:53:02;-7.18796;112.6870133;1.7;-1;511;315.7;-128;49;M;686283;9205129
2023-09-30T01:53:11;-7.187906667;112.68696;1.6;-1;511;316;-128;49;M;686277;9205135
2023-09-30T01:53:21;-7.187836667;112.6869067;1.6;-1;511;316.5;-128;49;M;686271;9205143
2023-09-30T01:53:32;-7.187776667;112.6868533;1.6;-1;511;317.1;-128;49;M;686265;9205149
2023-09-30T01:53:50;-7.187671667;112.68676;1.6;-1;511;316.9;-128;49;M;686255;9205161
2023-09-30T01:54:02;-7.187615;112.6867067;1.6;-1;511;317.6;-128;49;M;686249;9205167
2023-09-30T01:54:11;-7.187568333;112.6866533;1.6;-1;511;317.7;-128;49;M;686243;9205172
2023-09-30T01:54:21;-7.187506667;112.6866133;1.5;-1;511;319.3;-128;49;M;686239;9205179
2023-09-30T01:54:32;-7.187448333;112.68656;1.5;-1;511;322.2;-128;49;M;686233;9205186
2023-09-30T01:54:40;-7.18739;112.6865067;1.6;-1;511;327;-128;49;M;686227;9205192
2023-09-30T01:54:50;-7.187323333;112.68648;1.6;-1;511;333.3;-128;49;M;686224;9205200
2023-09-30T01:55:02;-7.187253333;112.68644;1.5;-1;511;332;-128;49;M;686220;9205207
2023-09-30T01:55:11;-7.1872;112.6864133;1.5;-1;511;331.6;-128;49;M;686217;9205213
2023-09-30T01:55:40;-7.187028333;112.6863333;1;-1;511;342.1;-128;49;M;686208;9205232
2023-09-30T01:55:50;-7.186986667;112.68632;0.7;-1;511;2;-128;49;M;686206;9205237
2023-09-30T01:56:21;-7.186988333;112.6863333;0.4;-1;511;133.3;-128;49;M;686208;9205237
2023-09-30T01:56:41;-7.186995;112.6863733;0.6;-1;511;83.1;-128;49;M;686212;9205236
2023-09-30T01:57:02;-7.186958333;112.6864267;0.7;-1;511;51.2;-128;49;M;686218;9205240
2023-09-30T01:57:31;-7.186858333;112.6864667;0.7;-1;511;344.1;-128;49;M;686223;9205251
2023-09-30T01:57:41;-7.186833333;112.68644;0.6;-1;511;336.3;-128;49;M;686220;9205254
2023-09-30T01:57:50;-7.186803333;112.6864267;0.7;-1;511;338.1;-128;49;M;686218;9205257
2023-09-30T01:58:01;-7.186773333;112.6864267;0.3;-1;511;330.3;-128;49;M;686218;9205260
2023-09-30T01:58:21;-7.186761667;112.6864133;0.1;-1;511;360;-128;49;M;686217;9205262
2023-09-30T01:58:31;-7.186761667;112.6864133;0;-1;511;360;-128;49;M;686217;9205262
2023-09-30T01:58:52;-7.18676;112.68644;0;-1;511;360;-128;49;M;686220;9205262
2023-09-30T01:59:01;-7.18676;112.6864267;0;-1;511;360;-128;49;M;686218;9205262
2023-09-30T01:59:11;-7.186761667;112.6864267;0;-1;511;360;-128;49;M;686218;9205262
2023-09-30T01:59:21;-7.186766667;112.6864267;0;-1;511;360;-128;49;M;686218;9205261
2023-09-30T01:59:31;-7.186766667;112.6864267;0;-1;511;360;-128;49;M;686218;9205261
2023-09-30T01:59:41;-7.186766667;112.68644;0;-1;511;360;-128;49;M;686220;9205261
2023-09-30T01:59:52;-7.186771667;112.68644;0.1;-1;511;360;-128;49;M;686220;9205261
2023-09-30T02:00:11;-7.186783333;112.68644;0.1;-1;511;360;-128;49;M;686220;9205259
2023-09-30T02:00:31;-7.186788333;112.6864667;0;-1;511;360;-128;49;M;686223;9205259
2023-09-30T02:00:52;-7.186796667;112.68648;0;-1;511;360;-128;49;M;686224;9205258
2023-09-30T02:01:01;-7.186805;112.68648;0.1;-1;511;360;-128;49;M;686224;9205257
2023-09-30T02:01:10;-7.186811667;112.6864933;0.1;-1;511;360;-128;49;M;686226;9205256
2023-09-30T02:01:21;-7.18682;112.6864933;0.1;-1;511;360;-128;49;M;686226;9205255
2023-09-30T02:01:30;-7.186825;112.68648;0;-1;511;360;-128;49;M;686224;9205255
2023-09-30T02:01:52;-7.186813333;112.68648;0.2;-1;511;360;-128;49;M;686224;9205256
2023-09-30T02:02:01;-7.186806667;112.68648;0;-1;511;360;-128;49;M;686224;9205257
2023-09-30T02:02:10;-7.186811667;112.68648;0;-1;511;360;-128;49;M;686224;9205256
2023-09-30T02:02:22;-7.186815;112.6864667;0;-1;511;360;-128;49;M;686223;9205256
2023-09-30T02:02:30;-7.186816667;112.6864667;0;-1;511;360;-128;49;M;686223;9205256
2023-09-30T02:02:41;-7.186813333;112.68648;0;-1;511;360;-128;49;M;686224;9205256
2023-09-30T02:02:51;-7.186811667;112.68648;0;-1;511;360;-128;49;M;686224;9205256
2023-09-30T02:03:01;-7.18681;112.6864933;0;-1;511;360;-128;49;M;686226;9205256
2023-09-30T02:03:10;-7.186806667;112.6864933;0;-1;511;360;-128;49;M;686226;9205257
2023-09-30T02:03:22;-7.186801667;112.6864933;0;-1;511;360;-128;49;M;686226;9205257
2023-09-30T02:03:30;-7.1868;112.6864933;0;-1;511;360;-128;49;M;686226;9205258
2023-09-30T02:03:41;-7.186801667;112.6864933;0;-1;511;360;-128;49;M;686226;9205257
2023-09-30T02:03:51;-7.186798333;112.6864933;0;-1;511;360;-128;49;M;686226;9205258
2023-09-30T02:04:10;-7.186791667;112.68648;0;-1;511;360;-128;49;M;686224;9205258
2023-09-30T02:04:22;-7.186791667;112.68648;0;-1;511;360;-128;49;M;686224;9205258
2023-09-30T02:04:30;-7.1868;112.68648;0;-1;511;360;-128;49;M;686224;9205258
2023-09-30T02:04:42;-7.186806667;112.68648;0;-1;511;360;-128;49;M;686224;9205257
2023-09-30T02:04:51;-7.186808333;112.6864933;0;-1;511;360;-128;49;M;686226;9205257
2023-09-30T02:05:00;-7.186803333;112.6864933;0;-1;511;360;-128;49;M;686226;9205257
2023-09-30T02:05:11;-7.186803333;112.6865067;0;-1;511;360;-128;49;M;686227;9205257
2023-09-30T02:05:22;-7.186808333;112.6865067;0;-1;511;360;-128;49;M;686227;9205257
2023-09-30T02:05:30;-7.186813333;112.6865067;0;-1;511;360;-128;49;M;686227;9205256
2023-09-30T02:05:51;-7.186811667;112.6864933;0;-1;511;360;-128;49;M;686226;9205256
2023-09-30T02:06:11;-7.186808333;112.68648;0;-1;511;360;-128;49;M;686224;9205257
2023-09-30T02:06:21;-7.18681;112.68648;0;-1;511;360;-128;49;M;686224;9205256
2023-09-30T02:06:32;-7.186806667;112.68648;0;-1;511;360;-128;49;M;686224;9205257
2023-09-30T02:06:51;-7.186801667;112.68648;0;-1;511;360;-128;49;M;686224;9205257
2023-09-30T02:07:00;-7.186798333;112.68648;0;-1;511;360;-128;49;M;686224;9205258
2023-09-30T02:07:11;-7.186803333;112.68648;0;-1;511;360;-128;49;M;686224;9205257
2023-09-30T02:07:21;-7.186803333;112.6864933;0;-1;511;360;-128;49;M;686226;9205257
2023-09-30T02:07:32;-7.186801667;112.6864933;0;-1;511;360;-128;49;M;686226;9205257
2023-09-30T02:07:41;-7.186793333;112.6864933;0;-1;511;360;-128;49;M;686226;9205258
2023-09-30T02:07:51;-7.186793333;112.6864933;0;-1;511;360;-128;49;M;686226;9205258
2023-09-30T02:08:00;-7.186795;112.6864933;0;-1;511;360;-128;49;M;686226;9205258
2023-09-30T02:08:11;-7.186798333;112.6864933;0;-1;511;360;-128;49;M;686226;9205258
2023-09-30T02:08:21;-7.186798333;112.6864933;0;-1;511;360;-128;49;M;686226;9205258
2023-09-30T02:08:32;-7.186796667;112.6864933;0;-1;511;360;-128;49;M;686226;9205258
2023-09-30T02:08:51;-7.186801667;112.68648;0;-1;511;360;-128;49;M;686224;9205257
2023-09-30T02:09:00;-7.186803333;112.68648;0;-1;511;360;-128;49;M;686224;9205257
2023-09-30T02:09:11;-7.186801667;112.6864667;0;-1;511;360;-128;49;M;686223;9205257
2023-09-30T02:09:21;-7.186795;112.68648;0;-1;511;360;-128;49;M;686224;9205258
2023-09-30T02:11:34;-7.186798333;112.68644;0;-1;511;360;-128;49;M;686220;9205258
2023-09-30T02:14:35;-7.186806667;112.6864667;0;-1;511;360;-128;49;M;686223;9205257
2023-09-30T02:17:39;-7.1868;112.6864667;0;-1;511;360;-128;49;M;686223;9205258
2023-09-30T02:23:40;-7.186786667;112.6864667;0;-1;511;360;-128;49;M;686223;9205259
2023-09-30T02:26:39;-7.186801667;112.68648;0;-1;511;360;-128;49;M;686224;9205257
2023-09-30T02:29:41;-7.186788333;112.68644;0;-1;511;360;-128;49;M;686220;9205259
2023-09-30T02:35:40;-7.186801667;112.68644;0;-1;511;360;-128;49;M;686220;9205257
2023-09-30T02:41:40;-7.186803333;112.6864667;0;-1;511;360;-128;49;M;686223;9205257
2023-09-30T02:44:38;-7.186813333;112.6864933;0;-1;511;360;-128;49;M;686226;9205256
2023-09-30T02:47:40;-7.186803333;112.6864933;0;-1;511;360;-128;49;M;686226;9205257
2023-09-30T02:53:37;-7.186795;112.68648;0;-1;511;360;-128;49;M;686224;9205258
2023-09-30T02:59:37;-7.186796667;112.68648;0;-1;511;360;-128;49;M;686224;9205258
2023-09-30T03:05:39;-7.186793333;112.68644;0;-1;511;360;-128;49;M;686220;9205258
2023-09-30T03:11:38;-7.186791667;112.6864667;0;-1;511;360;-128;49;M;686223;9205258
2023-09-30T03:14:39;-7.186793333;112.68648;0;-1;511;360;-128;49;M;686224;9205258
2023-09-30T03:17:40;-7.18678;112.68648;0;-1;511;360;-128;49;M;686224;9205260
2023-09-30T03:20:41;-7.186785;112.68648;0;-1;511;360;-128;49;M;686224;9205259
2023-09-30T03:26:40;-7.18679;112.6864667;0;-1;511;360;-128;49;M;686223;9205259
2023-09-30T03:29:37;-7.186801667;112.6864667;0;-1;511;360;-128;49;M;686223;9205257
2023-09-30T03:32:39;-7.186801667;112.6864933;0;-1;511;360;-128;49;M;686226;9205257
2023-09-30T03:35:40;-7.186793333;112.68648;0;-1;511;360;-128;49;M;686224;9205258
2023-09-30T03:38:39;-7.186788333;112.68648;0;-1;511;360;-128;49;M;686224;9205259
2023-09-30T03:41:41;-7.186788333;112.68648;0;-1;511;360;-128;49;M;686224;9205259
2023-09-30T03:53:38;-7.186786667;112.6864267;0;-1;511;360;-128;49;M;686218;9205259
2023-09-30T03:59:41;-7.186796667;112.68648;0.1;-1;511;360;-128;49;M;686224;9205258
2023-09-30T04:05:41;-7.186795;112.68648;0;-1;511;360;-128;49;M;686224;9205258
2023-09-30T04:08:41;-7.186786667;112.68648;0;-1;511;360;-128;49;M;686224;9205259
2023-09-30T04:11:37;-7.186781667;112.68648;0;-1;511;360;-128;49;M;686224;9205260
2023-09-30T04:14:39;-7.18678;112.6864667;0;-1;511;360;-128;49;M;686223;9205260
2023-09-30T04:20:41;-7.18679;112.6864667;0;-1;511;360;-128;49;M;686223;9205259
2023-09-30T04:23:41;-7.18679;112.68648;0;-1;511;360;-128;49;M;686224;9205259
2023-09-30T04:32:41;-7.186783333;112.6864933;0;-1;511;360;-128;49;M;686226;9205259
2023-09-30T04:35:41;-7.186786667;112.68648;0;-1;511;360;-128;49;M;686224;9205259
2023-09-30T04:38:37;-7.186778333;112.68648;0;-1;511;360;-128;49;M;686224;9205260
2023-09-30T04:41:41;-7.18678;112.68648;0;-1;511;360;-128;49;M;686224;9205260
2023-09-30T04:47:40;-7.186783333;112.68648;0;-1;511;360;-128;49;M;686224;9205259
2023-09-30T04:50:39;-7.186791667;112.6864667;0;-1;511;360;-128;49;M;686223;9205258
2023-09-30T04:53:40;-7.186796667;112.6864667;0;-1;511;360;-128;49;M;686223;9205258
2023-09-30T04:56:40;-7.186793333;112.6864667;0;-1;511;360;-128;49;M;686223;9205258
2023-09-30T04:59:40;-7.186793333;112.6864667;0;-1;511;360;-128;49;M;686223;9205258
2023-09-30T05:02:40;-7.186793333;112.68644;0;-1;511;360;-128;49;M;686220;9205258
2023-09-30T05:05:38;-7.186795;112.68644;0;-1;511;360;-128;49;M;686220;9205258
2023-09-30T05:11:39;-7.186791667;112.68648;0;-1;511;360;-128;49;M;686224;9205258
2023-09-30T05:14:37;-7.186791667;112.6864667;0;-1;511;360;-128;49;M;686223;9205258
2023-09-30T05:17:40;-7.186791667;112.6864667;0;-1;511;360;-128;49;M;686223;9205258
2023-09-30T05:20:39;-7.186798333;112.6864667;0;-1;511;360;-128;49;M;686223;9205258
2023-09-30T05:23:38;-7.186791667;112.6864667;0;-1;511;360;-128;49;M;686223;9205258
2023-09-30T05:29:38;-7.186798333;112.6864667;0;-1;511;360;-128;49;M;686223;9205258
2023-09-30T05:32:40;-7.18679;112.68644;0;-1;511;360;-128;49;M;686220;9205259
2023-09-30T05:35:38;-7.186793333;112.6864667;0;-1;511;360;-128;49;M;686223;9205258
2023-09-30T05:41:37;-7.186795;112.6864667;0;-1;511;360;-128;49;M;686223;9205258
2023-09-30T05:56:41;-7.186791667;112.68644;0;-1;511;360;-128;49;M;686220;9205258
2023-09-30T05:59:40;-7.186805;112.68644;0;-1;511;360;-128;49;M;686220;9205257
2023-09-30T06:02:37;-7.186803333;112.6864667;0;-1;511;360;-128;49;M;686223;9205257
2023-09-30T06:05:38;-7.186806667;112.68644;0;-1;511;360;-128;49;M;686220;9205257
2023-09-30T06:14:40;-7.186816667;112.6864667;0;-1;511;360;-128;49;M;686223;9205256
2023-09-30T06:17:41;-7.18679;112.68648;0;-1;511;360;-128;49;M;686224;9205259
2023-09-30T06:20:37;-7.186791667;112.68648;0;-1;511;360;-128;49;M;686224;9205258
2023-09-30T06:23:40;-7.18679;112.68644;0;-1;511;360;-128;49;M;686220;9205259
2023-09-30T06:29:39;-7.186775;112.6864667;0;-1;511;360;-128;49;M;686223;9205260
2023-09-30T06:41:38;-7.186805;112.6864667;0;-1;511;360;-128;49;M;686223;9205257
2023-09-30T06:47:38;-7.186806667;112.68644;0;-1;511;360;-128;49;M;686220;9205257
2023-09-30T06:53:38;-7.18678;112.68644;0;-1;511;360;-128;49;M;686220;9205260
2023-09-30T06:59:39;-7.186798333;112.68648;0;-1;511;360;-128;49;M;686224;9205258
2023-09-30T07:11:39;-7.186813333;112.6864667;0;-1;511;360;-128;49;M;686223;9205256
2023-09-30T07:17:38;-7.186793333;112.68644;0;-1;511;360;-128;49;M;686220;9205258
2023-09-30T07:20:39;-7.186801667;112.68644;0;-1;511;360;-128;49;M;686220;9205257
2023-09-30T07:23:39;-7.186808333;112.68644;0;-1;511;360;-128;49;M;686220;9205257
2023-09-30T07:29:38;-7.186818333;112.68644;0;-1;511;360;-128;49;M;686220;9205255
2023-09-30T07:47:38;-7.186806667;112.68648;0;-1;511;360;-128;49;M;686224;9205257
2023-09-30T07:53:39;-7.186811667;112.6864667;0;-1;511;360;-128;49;M;686223;9205256
2023-09-30T07:59:38;-7.186815;112.68648;0;-1;511;360;-128;49;M;686224;9205256
2023-09-30T08:05:39;-7.186806667;112.68644;0;-1;511;360;-128;49;M;686220;9205257
2023-09-30T08:20:37;-7.18682;112.68648;0;-1;511;360;-128;49;M;686224;9205255
2023-09-30T08:29:41;-7.186811667;112.68648;0;-1;511;360;-128;49;M;686224;9205256
2023-09-30T08:35:38;-7.18683;112.6864667;0;-1;511;360;-128;49;M;686223;9205254
2023-09-30T08:41:39;-7.186821667;112.6864667;0;-1;511;360;-128;49;M;686223;9205255
2023-09-30T08:44:38;-7.18682;112.68648;0;-1;511;360;-128;49;M;686224;9205255
2023-09-30T08:47:41;-7.186833333;112.68648;0;-1;511;360;-128;49;M;686224;9205254
2023-09-30T08:53:38;-7.186821667;112.6864667;0;-1;511;360;-128;49;M;686223;9205255
2023-09-30T09:02:40;-7.186826667;112.6864667;0;-1;511;360;-128;49;M;686223;9205255
2023-09-30T09:05:38;-7.186823333;112.68648;0;-1;511;360;-128;49;M;686224;9205255
2023-09-30T09:17:38;-7.186845;112.68648;0;-1;511;360;-128;49;M;686224;9205253
2023-09-30T09:20:37;-7.186836667;112.68644;0;-1;511;360;-128;49;M;686220;9205253
2023-09-30T09:23:38;-7.186818333;112.68648;0;-1;511;360;-128;49;M;686224;9205255
2023-09-30T09:26:41;-7.18688;112.6864667;0;-1;511;360;-128;49;M;686223;9205249
2023-09-30T09:29:41;-7.186823333;112.68648;0;-1;511;360;-128;49;M;686224;9205255
2023-09-30T09:38:41;-7.186828333;112.6864667;0;-1;511;360;-128;49;M;686223;9205254
2023-09-30T09:41:39;-7.186851667;112.6864933;0;-1;511;360;-128;49;M;686226;9205252
2023-09-30T09:44:39;-7.18686;112.68648;0;-1;511;360;-128;49;M;686224;9205251
2023-09-30T09:47:40;-7.186843333;112.6864933;0;-1;511;360;-128;49;M;686226;9205253
2023-09-30T09:50:39;-7.186838333;112.68644;0;-1;511;360;-128;49;M;686220;9205253
2023-09-30T09:53:39;-7.186843333;112.6864667;0;-1;511;360;-128;49;M;686223;9205253
2023-09-30T09:56:38;-7.186861667;112.6864667;0;-1;511;360;-128;49;M;686223;9205251
2023-09-30T09:59:38;-7.186863333;112.6864667;0;-1;511;360;-128;49;M;686223;9205251
2023-09-30T10:08:40;-7.186843333;112.68648;0;-1;511;360;-128;49;M;686224;9205253
2023-09-30T10:14:40;-7.186858333;112.68648;0;-1;511;360;-128;49;M;686224;9205251
2023-09-30T10:17:40;-7.186863333;112.68648;0;-1;511;360;-128;49;M;686224;9205251
2023-09-30T10:20:37;-7.18685;112.6864667;0;-1;511;360;-128;49;M;686223;9205252
2023-09-30T10:23:41;-7.186816667;112.6864667;0;-1;511;360;-128;49;M;686223;9205256
2023-09-30T10:26:40;-7.186821667;112.68644;0;-1;511;360;-128;49;M;686220;9205255
2023-09-30T10:29:37;-7.186845;112.6864667;0;-1;511;360;-128;49;M;686223;9205253
2023-09-30T10:35:39;-7.186835;112.6864667;0;-1;511;360;-128;49;M;686223;9205254
2023-09-30T10:38:38;-7.18684;112.6864667;0;-1;511;360;-128;49;M;686223;9205253
2023-09-30T10:41:38;-7.186845;112.6864667;0;-1;511;360;-128;49;M;686223;9205253
2023-09-30T10:44:37;-7.18684;112.68644;0;-1;511;360;-128;49;M;686220;9205253
2023-09-30T10:47:37;-7.186833333;112.6864667;0;-1;511;360;-128;49;M;686223;9205254
2023-09-30T10:50:40;-7.186843333;112.68648;0;-1;511;360;-128;49;M;686224;9205253
2023-09-30T10:53:40;-7.186848333;112.6864667;0;-1;511;360;-128;49;M;686223;9205252
2023-09-30T10:56:40;-7.186861667;112.6864933;0;-1;511;360;-128;49;M;686226;9205251
2023-09-30T10:59:39;-7.186831667;112.6864667;0;-1;511;360;-128;49;M;686223;9205254
2023-09-30T11:02:38;-7.18683;112.6864667;0;-1;511;360;-128;49;M;686223;9205254
2023-09-30T11:05:40;-7.186838333;112.68644;0;-1;511;360;-128;49;M;686220;9205253
2023-09-30T11:08:40;-7.18683;112.6864667;0;-1;511;360;-128;49;M;686223;9205254
2023-09-30T11:11:40;-7.18683;112.6864667;0;-1;511;360;-128;49;M;686223;9205254
2023-09-30T11:14:38;-7.186821667;112.6864667;0;-1;511;360;-128;49;M;686223;9205255
2023-09-30T11:17:38;-7.18683;112.6864667;0;-1;511;360;-128;49;M;686223;9205254
2023-09-30T11:20:38;-7.186835;112.6864667;0;-1;511;360;-128;49;M;686223;9205254
2023-09-30T11:23:37;-7.186838333;112.68648;0;-1;511;360;-128;49;M;686224;9205253
2023-09-30T11:35:38;-7.186853333;112.68648;0;-1;511;360;-128;49;M;686224;9205252
2023-09-30T11:38:41;-7.18685;112.68648;0;-1;511;360;-128;49;M;686224;9205252
2023-09-30T11:41:38;-7.186835;112.68648;0;-1;511;360;-128;49;M;686224;9205254
2023-09-30T11:44:39;-7.186848333;112.6864667;0;-1;511;360;-128;49;M;686223;9205252
2023-09-30T11:47:41;-7.186851667;112.6864667;0;-1;511;360;-128;49;M;686223;9205252
2023-09-30T11:53:39;-7.186841667;112.6864667;0;-1;511;360;-128;49;M;686223;9205253
2023-09-30T11:56:39;-7.18683;112.6864667;0;-1;511;360;-128;49;M;686223;9205254
2023-09-30T12:02:40;-7.186848333;112.68648;0;-1;511;360;-128;49;M;686224;9205252
2023-09-30T12:05:40;-7.186848333;112.68648;0;-1;511;360;-128;49;M;686224;9205252
2023-09-30T12:08:38;-7.186846667;112.68648;0;-1;511;360;-128;49;M;686224;9205252
2023-09-30T12:11:37;-7.186848333;112.68648;0;-1;511;360;-128;49;M;686224;9205252
2023-09-30T12:17:37;-7.186856667;112.68648;0;-1;511;360;-128;49;M;686224;9205251
2023-09-30T12:20:38;-7.186846667;112.68648;0;-1;511;360;-128;49;M;686224;9205252
2023-09-30T12:23:40;-7.18684;112.68648;0.3;-1;511;360;-128;49;M;686224;9205253
2023-09-30T12:26:38;-7.186855;112.68648;0;-1;511;360;-128;49;M;686224;9205251
2023-09-30T12:29:38;-7.18684;112.6864667;0;-1;511;360;-128;49;M;686223;9205253
2023-09-30T12:32:40;-7.186848333;112.6864667;0;-1;511;360;-128;49;M;686223;9205252
2023-09-30T12:35:41;-7.186845;112.6864667;0;-1;511;360;-128;49;M;686223;9205253
2023-09-30T12:38:37;-7.186843333;112.6864667;0;-1;511;360;-128;49;M;686223;9205253
2023-09-30T12:44:41;-7.18687;112.6864667;0;-1;511;360;-128;49;M;686223;9205250
2023-09-30T12:47:40;-7.186861667;112.6864667;0;-1;511;360;-128;49;M;686223;9205251
2023-09-30T12:50:37;-7.18685;112.6864667;0;-1;511;360;-128;49;M;686223;9205252
2023-09-30T12:53:38;-7.186845;112.6864667;0;-1;511;360;-128;49;M;686223;9205253
2023-09-30T12:56:41;-7.186851667;112.68644;0;-1;511;360;-128;49;M;686220;9205252
2023-09-30T12:59:39;-7.186885;112.68644;0;-1;511;360;-128;49;M;686220;9205248
2023-09-30T13:02:40;-7.186856667;112.6864667;0;-1;511;360;-128;49;M;686223;9205251
2023-09-30T13:05:41;-7.186848333;112.68648;0;-1;511;360;-128;49;M;686224;9205252
2023-09-30T13:08:39;-7.186836667;112.68644;0;-1;511;360;-128;49;M;686220;9205253
2023-09-30T13:11:38;-7.186838333;112.68644;0;-1;511;360;-128;49;M;686220;9205253
2023-09-30T13:14:38;-7.186841667;112.6864667;0;-1;511;360;-128;49;M;686223;9205253
2023-09-30T13:17:39;-7.18685;112.68644;0;-1;511;360;-128;49;M;686220;9205252
2023-09-30T13:20:38;-7.186858333;112.68644;0;-1;511;360;-128;49;M;686220;9205251
2023-09-30T13:23:39;-7.186843333;112.6864267;0;-1;511;360;-128;49;M;686218;9205253
2023-09-30T13:26:40;-7.186835;112.6864667;0;-1;511;360;-128;49;M;686223;9205254
2023-09-30T13:29:39;-7.186835;112.6864667;0;-1;511;360;-128;49;M;686223;9205254
2023-09-30T13:32:40;-7.186831667;112.6864667;0.3;-1;511;360;-128;49;M;686223;9205254
2023-09-30T13:35:39;-7.18685;112.68648;0.1;-1;511;360;-128;49;M;686224;9205252
2023-09-30T13:38:39;-7.186871667;112.6864933;0;-1;511;360;-128;49;M;686226;9205250
2023-09-30T13:41:40;-7.18685;112.68648;0;-1;511;360;-128;49;M;686224;9205252
2023-09-30T13:44:38;-7.186866667;112.6864667;0.2;-1;511;360;-128;49;M;686223;9205250
2023-09-30T13:50:39;-7.186868333;112.68648;0;-1;511;360;-128;49;M;686224;9205250
2023-09-30T13:53:38;-7.186848333;112.6864933;0;-1;511;360;-128;49;M;686226;9205252
2023-09-30T13:56:40;-7.186863333;112.6864667;0;-1;511;360;-128;49;M;686223;9205251
2023-09-30T13:59:41;-7.186856667;112.6864933;0;-1;511;360;-128;49;M;686226;9205251
2023-09-30T14:02:39;-7.186858333;112.6864933;0;-1;511;360;-128;49;M;686226;9205251
2023-09-30T14:05:39;-7.186841667;112.6864933;0;-1;511;360;-128;49;M;686226;9205253
2023-09-30T14:11:38;-7.186858333;112.6864933;0;-1;511;360;-128;49;M;686226;9205251
2023-09-30T14:14:38;-7.186848333;112.6865067;0;-1;511;360;-128;49;M;686227;9205252
2023-09-30T14:20:40;-7.186876667;112.6864933;0;-1;511;360;-128;49;M;686226;9205249
2023-09-30T14:23:40;-7.186863333;112.6864933;0;-1;511;360;-128;49;M;686226;9205250
2023-09-30T14:26:37;-7.186861667;112.6864933;0;-1;511;360;-128;49;M;686226;9205251
2023-09-30T14:29:38;-7.186856667;112.6864933;0;-1;511;360;-128;49;M;686226;9205251
2023-09-30T14:32:41;-7.18685;112.6865067;0;-1;511;360;-128;49;M;686227;9205252
2023-09-30T14:35:41;-7.186868333;112.68652;0;-1;511;360;-128;49;M;686229;9205250
2023-09-30T14:38:41;-7.186873333;112.6864933;0;-1;511;360;-128;49;M;686226;9205249
2023-09-30T14:41:38;-7.186861667;112.6864933;0.1;-1;511;360;-128;49;M;686226;9205251
2023-09-30T14:44:39;-7.186863333;112.6865067;0;-1;511;360;-128;49;M;686227;9205250
2023-09-30T14:47:37;-7.18685;112.6865067;0;-1;511;360;-128;49;M;686227;9205252
2023-09-30T14:50:37;-7.186861667;112.6864933;0;-1;511;360;-128;49;M;686226;9205251
2023-09-30T14:53:38;-7.186856667;112.6864933;0;-1;511;360;-128;49;M;686226;9205251
2023-09-30T14:56:40;-7.186851667;112.68648;0;-1;511;360;-128;49;M;686224;9205252
2023-09-30T14:59:40;-7.18687;112.6864933;0.1;-1;511;360;-128;49;M;686226;9205250
2023-09-30T15:02:40;-7.186861667;112.68648;0;-1;511;360;-128;49;M;686224;9205251
2023-09-30T15:05:39;-7.186855;112.68648;0;-1;511;360;-128;49;M;686224;9205251
2023-09-30T15:11:40;-7.186863333;112.68648;0.3;-1;511;119.8;-128;49;M;686224;9205251
2023-09-30T15:17:37;-7.186851667;112.68648;0;-1;511;360;-128;49;M;686224;9205252
2023-09-30T15:20:39;-7.186861667;112.6864933;0.2;-1;511;360;-128;49;M;686226;9205251
2023-09-30T15:26:39;-7.186856667;112.68648;0;-1;511;360;-128;49;M;686224;9205251
2023-09-30T15:35:39;-7.186845;112.6864667;0;-1;511;360;-128;49;M;686223;9205253
2023-09-30T15:38:39;-7.186846667;112.68644;0;-1;511;360;-128;49;M;686220;9205252
2023-09-30T15:41:37;-7.186836667;112.6864667;0;-1;511;360;-128;49;M;686223;9205253
2023-09-30T15:44:37;-7.186851667;112.6864667;0;-1;511;360;-128;49;M;686223;9205252
2023-09-30T15:47:38;-7.186845;112.68648;0;-1;511;360;-128;49;M;686224;9205253
2023-09-30T15:50:41;-7.186845;112.6864933;0;-1;511;360;-128;49;M;686226;9205253
2023-09-30T15:53:38;-7.186848333;112.6864933;0;-1;511;360;-128;49;M;686226;9205252
2023-09-30T15:56:39;-7.186853333;112.68648;0;-1;511;360;-128;49;M;686224;9205252
2023-09-30T16:02:41;-7.186843333;112.68648;0;-1;511;360;-128;49;M;686224;9205253
2023-09-30T16:05:38;-7.18684;112.6864267;0;-1;511;360;-128;49;M;686218;9205253
2023-09-30T16:08:39;-7.186853333;112.6864667;0;-1;511;360;-128;49;M;686223;9205252
2023-09-30T16:11:38;-7.186848333;112.6864667;0;-1;511;360;-128;49;M;686223;9205252
2023-09-30T16:14:39;-7.186845;112.68648;0;-1;511;360;-128;49;M;686224;9205253
2023-09-30T16:17:39;-7.18684;112.6864933;0;-1;511;360;-128;49;M;686226;9205253
2023-09-30T16:20:40;-7.186848333;112.6865067;0;-1;511;360;-128;49;M;686227;9205252
2023-09-30T16:23:40;-7.186835;112.68648;0;-1;511;360;-128;49;M;686224;9205254
2023-09-30T16:29:39;-7.186856667;112.6865067;0;-1;511;360;-128;49;M;686227;9205251
2023-09-30T16:32:38;-7.186855;112.6865067;0.1;-1;511;360;-128;49;M;686227;9205251
2023-09-30T16:35:37;-7.186856667;112.6865067;0;-1;511;360;-128;49;M;686227;9205251
2023-09-30T16:44:40;-7.18685;112.6864933;0;-1;511;360;-128;49;M;686226;9205252
2023-09-30T16:50:38;-7.186835;112.6864933;0;-1;511;360;-128;49;M;686226;9205254
2023-09-30T16:56:41;-7.186856667;112.6864933;0.1;-1;511;360;-128;49;M;686226;9205251
2023-09-30T16:59:38;-7.18686;112.6864933;0;-1;511;360;-128;49;M;686226;9205251
2023-09-30T17:02:39;-7.186861667;112.6864933;0;-1;511;360;-128;49;M;686226;9205251
2023-09-30T17:05:40;-7.186853333;112.68648;0;-1;511;360;-128;49;M;686224;9205252
2023-09-30T17:08:37;-7.186853333;112.6864933;0;-1;511;360;-128;49;M;686226;9205252
2023-09-30T17:11:37;-7.186846667;112.6865067;0;-1;511;360;-128;49;M;686227;9205252
2023-09-30T17:14:37;-7.18685;112.6865067;0;-1;511;360;-128;49;M;686227;9205252
2023-09-30T17:17:39;-7.186853333;112.6864933;0.1;-1;511;360;-128;49;M;686226;9205252
2023-09-30T17:20:40;-7.186848333;112.68652;0;-1;511;360;-128;49;M;686229;9205252
2023-09-30T17:23:38;-7.186845;112.6865067;0;-1;511;360;-128;49;M;686227;9205253
2023-09-30T17:29:40;-7.186843333;112.6865067;0;-1;511;360;-128;49;M;686227;9205253
2023-09-30T17:35:39;-7.18685;112.6865067;0;-1;511;360;-128;49;M;686227;9205252
2023-09-30T17:38:39;-7.18685;112.6864933;0;-1;511;360;-128;49;M;686226;9205252
2023-09-30T17:41:39;-7.186848333;112.6864933;0;-1;511;360;-128;49;M;686226;9205252
2023-09-30T17:44:40;-7.186845;112.6864933;0;-1;511;360;-128;49;M;686226;9205253
2023-09-30T17:47:37;-7.186843333;112.6865067;0;-1;511;360;-128;49;M;686227;9205253
2023-09-30T17:50:39;-7.18684;112.6865067;0;-1;511;360;-128;49;M;686227;9205253
2023-09-30T17:53:40;-7.186831667;112.6865067;0;-1;511;360;-128;49;M;686227;9205254
2023-09-30T17:56:38;-7.186831667;112.6865067;0;-1;511;360;-128;49;M;686227;9205254
2023-09-30T18:02:38;-7.186831667;112.6865067;0;-1;511;360;-128;49;M;686227;9205254
2023-09-30T18:11:40;-7.186821667;112.6865067;0;-1;511;360;-128;49;M;686227;9205255
2023-09-30T18:14:39;-7.186823333;112.6865067;0;-1;511;360;-128;49;M;686227;9205255
2023-09-30T18:17:40;-7.18683;112.68652;0;-1;511;360;-128;49;M;686229;9205254
2023-09-30T18:20:39;-7.186826667;112.68652;0;-1;511;360;-128;49;M;686229;9205255
2023-09-30T18:23:39;-7.186818333;112.68652;0;-1;511;360;-128;49;M;686229;9205255
2023-09-30T18:26:37;-7.186825;112.6865067;0;-1;511;360;-128;49;M;686227;9205255
2023-09-30T18:29:40;-7.186826667;112.6865067;0;-1;511;360;-128;49;M;686227;9205255
2023-09-30T18:32:37;-7.186815;112.6865067;0.1;-1;511;360;-128;49;M;686227;9205256
2023-09-30T18:35:40;-7.186821667;112.6864933;0;-1;511;360;-128;49;M;686226;9205255
2023-09-30T18:38:38;-7.186808333;112.6864933;0.1;-1;511;360;-128;49;M;686226;9205257
2023-09-30T18:41:38;-7.186818333;112.6864933;0;-1;511;360;-128;49;M;686226;9205255
2023-09-30T18:44:39;-7.186821667;112.68652;0;-1;511;360;-128;49;M;686229;9205255
2023-09-30T18:50:39;-7.186783333;112.6865067;0;-1;511;360;-128;49;M;686227;9205259
2023-09-30T19:02:38;-7.1868;112.6865467;0;-1;511;360;-128;49;M;686231;9205257
2023-09-30T19:05:38;-7.18681;112.68652;0;-1;511;360;-128;49;M;686229;9205256
2023-09-30T19:17:40;-7.18679;112.6864933;0;-1;511;360;-128;49;M;686226;9205259
2023-09-30T19:20:40;-7.186788333;112.68652;0;-1;511;360;-128;49;M;686229;9205259
2023-09-30T19:23:39;-7.186783333;112.68652;0;-1;511;360;-128;49;M;686229;9205259
2023-09-30T19:29:40;-7.186806667;112.68648;0.1;-1;511;360;-128;49;M;686224;9205257
2023-09-30T19:32:38;-7.18681;112.68648;0;-1;511;360;-128;49;M;686224;9205256
2023-09-30T19:35:37;-7.186813333;112.6864933;0;-1;511;360;-128;49;M;686226;9205256
2023-09-30T19:38:38;-7.186808333;112.68652;0;-1;511;360;-128;49;M;686229;9205257
2023-09-30T19:41:41;-7.186808333;112.68652;0;-1;511;360;-128;49;M;686229;9205257
2023-09-30T19:44:39;-7.186815;112.6864133;0;-1;511;360;-128;49;M;686217;9205256
2023-09-30T19:50:39;-7.186805;112.6864667;0;-1;511;360;-128;49;M;686223;9205257
2023-09-30T19:53:39;-7.186806667;112.68652;0;-1;511;360;-128;49;M;686229;9205257
2023-09-30T20:02:40;-7.186815;112.6865067;0;-1;511;360;-128;49;M;686227;9205256
2023-09-30T20:11:40;-7.186825;112.68648;0;-1;511;360;-128;49;M;686224;9205255
2023-09-30T20:14:40;-7.186828333;112.68648;0;-1;511;360;-128;49;M;686224;9205254
2023-09-30T20:26:40;-7.18683;112.6864933;0;-1;511;360;-128;49;M;686226;9205254
2023-09-30T20:32:37;-7.186826667;112.6865067;0;-1;511;360;-128;49;M;686227;9205255
2023-09-30T20:35:38;-7.18682;112.6865067;0;-1;511;360;-128;49;M;686227;9205255
2023-09-30T20:38:39;-7.186813333;112.6865067;0;-1;511;360;-128;49;M;686227;9205256
2023-09-30T20:41:38;-7.186811667;112.68652;0;-1;511;360;-128;49;M;686229;9205256
2023-09-30T20:44:38;-7.186821667;112.6865067;0;-1;511;360;-128;49;M;686227;9205255
2023-09-30T20:47:41;-7.186815;112.6865467;0;-1;511;360;-128;49;M;686231;9205256
2023-09-30T20:50:41;-7.186811667;112.6865067;0;-1;511;360;-128;49;M;686227;9205256
2023-09-30T20:53:39;-7.186805;112.68652;0;-1;511;360;-128;49;M;686229;9205257
2023-09-30T20:56:39;-7.186795;112.6864933;0;-1;511;360;-128;49;M;686226;9205258
2023-09-30T21:02:39;-7.18685;112.6864933;0;-1;511;360;-128;49;M;686226;9205252
2023-09-30T21:08:40;-7.186883333;112.68648;0;-1;511;360;-128;49;M;686224;9205248
2023-09-30T21:11:38;-7.186851667;112.68648;0;-1;511;360;-128;49;M;686224;9205252
2023-09-30T21:14:40;-7.186835;112.6864933;0;-1;511;360;-128;49;M;686226;9205254
2023-09-30T21:17:38;-7.186831667;112.6865067;0.1;-1;511;360;-128;49;M;686227;9205254
2023-09-30T21:26:38;-7.186863333;112.68652;0;-1;511;360;-128;49;M;686229;9205250
2023-09-30T21:32:41;-7.186821667;112.68652;0;-1;511;360;-128;49;M;686229;9205255
2023-09-30T21:41:38;-7.186856667;112.6865067;0;-1;511;360;-128;49;M;686227;9205251
2023-09-30T21:47:40;-7.186853333;112.6864933;0;-1;511;360;-128;49;M;686226;9205252
2023-09-30T21:50:40;-7.186846667;112.6865067;0;-1;511;360;-128;49;M;686227;9205252
2023-09-30T22:02:39;-7.186838333;112.6865067;0.3;-1;511;360;-128;49;M;686227;9205253
2023-09-30T22:08:38;-7.186826667;112.6864933;0;-1;511;360;-128;49;M;686226;9205255
2023-09-30T22:17:39;-7.186838333;112.6865067;0;-1;511;360;-128;49;M;686227;9205253
2023-09-30T22:23:40;-7.186848333;112.68652;0;-1;511;360;-128;49;M;686229;9205252
2023-09-30T22:32:40;-7.186845;112.6865467;0;-1;511;360;-128;49;M;686231;9205253
2023-09-30T22:41:41;-7.186843333;112.6865067;0;-1;511;360;-128;49;M;686227;9205253
2023-09-30T22:53:40;-7.186816667;112.6865733;0;-1;511;360;-128;49;M;686234;9205256
2023-09-30T23:05:39;-7.186835;112.6865867;0;-1;511;360;-128;49;M;686236;9205254
2023-09-30T23:26:39;-7.186848333;112.68652;0;-1;511;360;-128;49;M;686229;9205252
2023-09-30T23:29:38;-7.186843333;112.6865467;0;-1;511;360;-128;49;M;686231;9205253
2023-09-30T23:34:29;-7.187926667;112.6871733;3.1;-1;511;149.5;-128;49;M;686300;9205133
2023-09-30T23:34:39;-7.188058333;112.68724;3.2;-1;511;149.3;-128;49;M;686308;9205118
2023-09-30T23:34:50;-7.188206667;112.68732;3.3;-1;511;152.3;-128;49;M;686316;9205102
2023-09-30T23:35:18;-7.188615;112.6875467;3.6;-1;511;149.8;-128;49;M;686341;9205056
2023-09-30T23:35:29;-7.188763333;112.6876533;3.6;-1;511;150.5;-128;49;M;686353;9205040
2023-09-30T23:35:39;-7.188915;112.6877333;3.7;-1;511;148.3;-128;49;M;686362;9205023
2023-09-30T23:35:49;-7.189083333;112.6878267;3.7;-1;511;146.3;-128;49;M;686372;9205004
2023-09-30T23:36:08;-7.189356667;112.6880267;3.7;-1;511;139.3;-128;49;M;686394;9204974
2023-09-30T23:36:29;-7.189605;112.68828;3.8;-1;511;131.5;-128;49;M;686422;9204947
2023-09-30T23:36:39;-7.189726667;112.6884133;3.8;-1;511;129.8;-128;49;M;686436;9204933
2023-09-30T23:36:49;-7.189851667;112.6885733;3.9;-1;511;127;-128;49;M;686454;9204919
2023-09-30T23:37:08;-7.190048333;112.6888667;4;-1;511;120.4;-128;49;M;686486;9204897
2023-09-30T23:37:29;-7.190205;112.6892133;4.1;-1;511;110.4;-128;49;M;686525;9204880
2023-09-30T23:37:39;-7.190265;112.6894133;4.3;-1;511;105.5;-128;49;M;686547;9204873
2023-09-30T23:37:49;-7.190316667;112.6896133;4.3;-1;511;102.1;-128;49;M;686569;9204867
2023-09-30T23:37:59;-7.190355;112.6898267;4.4;-1;511;99;-128;49;M;686592;9204863
2023-09-30T23:38:08;-7.190383333;112.6900267;4.5;-1;511;98.4;-128;49;M;686614;9204860
2023-09-30T23:38:18;-7.190415;112.69024;4.6;-1;511;97.3;-128;49;M;686638;9204856
2023-09-30T23:38:29;-7.190438333;112.6904533;4.6;-1;511;95.2;-128;49;M;686661;9204854
2023-09-30T23:38:39;-7.190445;112.6906667;4.7;-1;511;91.1;-128;49;M;686685;9204853
2023-09-30T23:38:59;-7.190395;112.69112;4.6;-1;511;75.9;-128;49;M;686735;9204858
2023-09-30T23:39:08;-7.19033;112.6912933;4.7;-1;511;66.6;-128;49;M;686754;9204865
2023-09-30T23:39:18;-7.190218333;112.6914933;4.7;-1;511;55.7;-128;49;M;686776;9204877
2023-09-30T23:39:29;-7.190068333;112.6916533;4.8;-1;511;44.2;-128;49;M;686794;9204894
2023-09-30T23:39:39;-7.189885;112.6918;5;-1;511;34.2;-128;49;M;686810;9204914
2023-09-30T23:39:48;-7.189678333;112.69192;5.1;-1;511;25.2;-128;49;M;686824;9204937
2023-09-30T23:39:59;-7.189426667;112.6920133;5.3;-1;511;15.8;-128;49;M;686834;9204965
2023-09-30T23:40:08;-7.1892;112.6920667;5.5;-1;511;9.4;-128;49;M;686840;9204990
2023-09-30T23:40:18;-7.188933333;112.6920933;5.7;-1;511;3.5;-128;49;M;686843;9205019
2023-09-30T23:40:29;-7.188633333;112.69208;6;-1;511;357.1;-128;49;M;686842;9205052
2023-09-30T23:41:08;-7.187518333;112.6918133;6.5;-1;511;336.7;-128;49;M;686813;9205176
2023-09-30T23:41:18;-7.18725;112.6916667;6.7;-1;511;329.2;-128;49;M;686797;9205206
2023-09-30T23:41:29;-7.186951667;112.69148;6.8;-1;511;324.5;-128;49;M;686776;9205239
2023-09-30T23:41:39;-7.18669;112.69128;7;-1;511;321.9;-128;49;M;686754;9205268
2023-09-30T23:41:59;-7.186166667;112.69084;7.4;-1;511;318.8;-128;49;M;686706;9205326
2023-09-30T23:42:08;-7.185931667;112.69064;7.5;-1;511;318.2;-128;49;M;686684;9205352
2023-09-30T23:42:18;-7.185668333;112.6904;7.7;-1;511;317.4;-128;49;M;686658;9205381
2023-09-30T23:42:29;-7.185373333;112.69012;7.9;-1;511;316.6;-128;49;M;686627;9205414
2023-09-30T23:43:08;-7.184263333;112.6890933;8.5;-1;511;317.9;-128;49;M;686514;9205537
2023-09-30T23:43:18;-7.183968333;112.68884;8.7;-1;511;317;-128;49;M;686486;9205570
2023-09-30T23:44:29;-7.181743333;112.6868133;9.5;-1;511;318.1;-128;49;M;686263;9205817
2023-09-30T23:44:39;-7.181413333;112.68652;9.5;-1;511;318.1;-128;49;M;686231;9205853
2023-09-30T23:44:48;-7.181113333;112.6862533;9.6;-1;511;318.3;-128;49;M;686201;9205887
2023-09-30T23:44:59;-7.180745;112.68592;9.7;-1;511;317.9;-128;49;M;686165;9205927
2023-09-30T23:45:50;-7.179001667;112.6844;10.1;-1;511;319.4;-128;49;M;685998;9206121
2023-09-30T23:45:59;-7.178643333;112.6841067;10.1;-1;511;319.7;-128;49;M;685965;9206161
2023-09-30T23:46:29;-7.177551667;112.6831733;10.3;-1;511;320;-128;49;M;685863;9206282
2023-09-30T23:47:09;-7.176075;112.6819067;10.5;-1;511;319.5;-128;49;M;685723;9206445
2023-09-30T23:47:19;-7.17574;112.6816133;10.5;-1;511;319.2;-128;49;M;685691;9206483
2023-09-30T23:47:29;-7.175326667;112.6812667;10.5;-1;511;320.4;-128;49;M;685653;9206529
2023-09-30T23:47:39;-7.174985;112.6809867;10.5;-1;511;322.6;-128;49;M;685622;9206566
2023-09-30T23:47:49;-7.174555;112.6806533;10.6;-1;511;323.4;-128;49;M;685586;9206614
2023-09-30T23:48:09;-7.173755;112.6800667;10.7;-1;511;324.3;-128;49;M;685521;9206703
2023-09-30T23:48:19;-7.173391667;112.6798267;10.7;-1;511;324.6;-128;49;M;685495;9206743
2023-09-30T23:48:29;-7.172941667;112.6794933;10.7;-1;511;324.9;-128;49;M;685458;9206793
2023-09-30T23:48:39;-7.17257;112.67924;10.8;-1;511;324.5;-128;49;M;685430;9206834
2023-09-30T23:48:49;-7.172118333;112.6789067;10.8;-1;511;324.2;-128;49;M;685394;9206884
2023-09-30T23:48:59;-7.171706667;112.6786133;10.8;-1;511;324.3;-128;49;M;685361;9206930
2023-09-30T23:49:09;-7.171295;112.6783067;10.9;-1;511;324.8;-128;49;M;685328;9206976
2023-09-30T23:49:19;-7.17092;112.67804;10.9;-1;511;325.3;-128;49;M;685298;9207017
2023-09-30T23:49:29;-7.170455;112.67772;11;-1;511;325.1;-128;49;M;685263;9207069
2023-09-30T23:49:39;-7.170076667;112.6774667;11;-1;511;325.1;-128;49;M;685235;9207111
2023-09-30T23:49:49;-7.16961;112.6771333;11;-1;511;325.6;-128;49;M;685199;9207162
2023-09-30T23:49:59;-7.169183333;112.67684;11;-1;511;326;-128;49;M;685166;9207210
2023-09-30T23:50:09;-7.168758333;112.6765467;11.1;-1;511;326.2;-128;49;M;685134;9207257
2023-09-30T23:50:18;-7.168413333;112.67632;11.1;-1;511;325.8;-128;49;M;685109;9207295
2023-09-30T23:50:29;-7.167896667;112.6759733;11.1;-1;511;325.6;-128;49;M;685071;9207352
2023-09-30T23:50:39;-7.167511667;112.67572;11.1;-1;511;325.8;-128;49;M;685043;9207395
2023-09-30T23:50:49;-7.16704;112.6754;11.1;-1;511;326.5;-128;49;M;685008;9207447
2023-09-30T23:50:59;-7.166606667;112.6751067;11.2;-1;511;326.5;-128;49;M;684976;9207495
2023-09-30T23:51:09;-7.166166667;112.6748267;11.2;-1;511;327;-128;49;M;684945;9207544
2023-09-30T23:51:29;-7.165273333;112.6742667;11.3;-1;511;328;-128;49;M;684884;9207643
2023-09-30T23:51:38;-7.164915;112.67404;11.3;-1;511;327.7;-128;49;M;684859;9207683
2023-09-30T23:51:49;-7.16438;112.6737067;11.4;-1;511;327.2;-128;49;M;684822;9207742
2023-09-30T23:51:59;-7.163941667;112.6734133;11.3;-1;511;326.1;-128;49;M;684790;9207791
2023-09-30T23:52:09;-7.163488333;112.67312;11.3;-1;511;327.1;-128;49;M;684758;9207841
2023-09-30T23:52:18;-7.163131667;112.6728933;11.2;-1;511;328.4;-128;49;M;684733;9207881
2023-09-30T23:52:29;-7.162578333;112.6726;11.1;-1;511;333.7;-128;49;M;684701;9207942
2023-09-30T23:52:38;-7.162203333;112.6724133;11;-1;511;335.5;-128;49;M;684680;9207983
2023-09-30T23:52:49;-7.161635;112.6721733;11;-1;511;336.7;-128;49;M;684654;9208046
2023-09-30T23:53:09;-7.16068;112.6717867;11;-1;511;337.6;-128;49;M;684612;9208152
2023-09-30T23:53:28;-7.159821667;112.6714267;11.1;-1;511;337;-128;49;M;684572;9208247
2023-09-30T23:53:38;-7.159345;112.6712267;11.1;-1;511;337.3;-128;49;M;684550;9208300
2023-09-30T23:53:49;-7.15877;112.6709867;11.1;-1;511;337.3;-128;49;M;684524;9208364
2023-09-30T23:54:09;-7.157855;112.6706133;11.1;-1;511;338;-128;49;M;684483;9208465
2023-09-30T23:54:18;-7.157423333;112.6704267;11.1;-1;511;337.6;-128;49;M;684463;9208513
2023-09-30T23:54:28;-7.156945;112.67024;11.1;-1;511;337.1;-128;49;M;684442;9208566
2023-09-30T23:54:38;-7.15647;112.6700267;11.1;-1;511;336.9;-128;49;M;684419;9208618
2023-09-30T23:54:49;-7.155896667;112.6697733;11.1;-1;511;336.8;-128;49;M;684391;9208682
2023-09-30T23:54:59;-7.155461667;112.6696;11.2;-1;511;337.3;-128;49;M;684372;9208730
2023-09-30T23:55:09;-7.154976667;112.6694;11.2;-1;511;337.7;-128;49;M;684350;9208784
2023-09-30T23:55:18;-7.154538333;112.6692267;11.2;-1;511;337.9;-128;49;M;684331;9208832
2023-09-30T23:55:38;-7.15356;112.6688533;11.2;-1;511;339;-128;49;M;684291;9208941
2023-09-30T23:55:49;-7.152966667;112.6686267;11.3;-1;511;339.1;-128;49;M;684266;9209006
2023-09-30T23:55:59;-7.152521667;112.66844;11.3;-1;511;339.1;-128;49;M;684245;9209056
2023-09-30T23:56:09;-7.152026667;112.6682667;11.3;-1;511;339;-128;49;M;684226;9209111
2023-09-30T23:56:19;-7.151483333;112.6680533;11.3;-1;511;338.6;-128;49;M;684203;9209171
2023-09-30T23:56:49;-7.150011667;112.66748;11.3;-1;511;339.6;-128;49;M;684140;9209334
2023-09-30T23:57:09;-7.149071667;112.6671467;11.3;-1;511;339.6;-128;49;M;684104;9209438
2023-09-30T23:57:19;-7.148523333;112.6669467;11.3;-1;511;340.6;-128;49;M;684082;9209499
2023-09-30T23:57:28;-7.148125;112.6668;11.3;-1;511;340.4;-128;49;M;684066;9209543
2023-09-30T23:57:38;-7.147628333;112.6666267;11.3;-1;511;340.3;-128;49;M;684047;9209598
2023-09-30T23:57:49;-7.147031667;112.6664133;11.3;-1;511;340.6;-128;49;M;684024;9209664
2023-09-30T23:57:59;-7.146583333;112.66624;11.3;-1;511;340.7;-128;49;M;684005;9209713
2023-09-30T23:58:09;-7.146081667;112.66608;11.3;-1;511;341.1;-128;49;M;683987;9209769
2023-09-30T23:58:19;-7.145525;112.6659067;11.3;-1;511;340.7;-128;49;M;683968;9209831
2023-09-30T23:58:28;-7.145128333;112.66576;11.3;-1;511;340.4;-128;49;M;683952;9209874
2023-09-30T23:58:38;-7.144633333;112.66556;11.4;-1;511;339.1;-128;49;M;683930;9209929
2023-09-30T23:58:49;-7.144038333;112.6653333;11.4;-1;511;339;-128;49;M;683906;9209995
2023-09-30T23:58:59;-7.14359;112.6651733;11.4;-1;511;338.9;-128;49;M;683888;9210045
2023-09-30T23:59:09;-7.143091667;112.6649867;11.4;-1;511;339.5;-128;49;M;683868;9210100
2023-09-30T23:59:28;-7.142143333;112.6646533;11.4;-1;511;341;-128;49;M;683831;9210205
2023-09-30T23:59:38;-7.14159;112.6644533;11.4;-1;511;341;-128;49;M;683809;9210266
2023-09-30T23:59:49;-7.141035;112.6642667;11.4;-1;511;341.1;-128;49;M;683789;9210328
2023-09-30T23:59:59;-7.14058;112.66412;11.4;-1;511;341;-128;49;M;683773;9210378
