timestamp;lat [deg];lon [deg];sog [kn];draught [m];heading [deg];cog [deg];rot [deg/min];zone [UTM];band [UTM];easting [UTM];northing [UTM];STATE
2023-09-08T05:37:00;-7.105838333;112.658;9.2;-1;511;175;-128;49;M;683111;9214223;P1
2023-09-08T05:42:00;-7.118568333;112.6588933;9.1;-1;511;176.9;-128;49;M;683204;9212815;P1
2023-09-08T05:42:29;-7.119801667;112.65896;9.1;-1;511;177.2;-128;49;M;683211;9212678;P1
2023-09-08T05:43:00;-7.121106667;112.6590133;9;-1;511;177.2;-128;49;M;683217;9212534;P1
2023-09-08T05:43:49;-7.123221667;112.65912;9;-1;511;177.7;-128;49;M;683228;9212300;P1
2023-09-08T05:45:59;-7.128468333;112.66012;8.9;-1;511;155.1;-128;49;M;683336;9211719;P1
2023-09-08T05:48:00;-7.133046667;112.6623067;9.1;-1;511;156.7;-128;49;M;683576;9211212;P1
2023-09-08T05:48:30;-7.134216667;112.6628;9.1;-1;511;157.5;-128;49;M;683630;9211082;P1
2023-09-08T05:50:49;-7.139733333;112.6650933;9.2;-1;511;157.2;-128;49;M;683881;9210471;P1
2023-09-08T05:51:28;-7.141318333;112.6657467;9.2;-1;511;157;-128;49;M;683952;9210296;P1
2023-09-08T05:53:28;-7.146081667;112.6677467;9.3;-1;511;158;-128;49;M;684171;9209768;P1
2023-09-08T05:53:39;-7.146523333;112.6679067;9.3;-1;511;158.1;-128;49;M;684189;9209719;P1
2023-09-08T05:54:38;-7.148891667;112.6688533;9.2;-1;511;158.1;-128;49;M;684292;9209457;P1
2023-09-08T05:54:58;-7.14968;112.6691733;8.9;-1;511;158.7;-128;49;M;684327;9209370;P1
2023-09-08T05:55:18;-7.150446667;112.6694533;8.7;-1;511;157.6;-128;49;M;684358;9209285;P1
2023-09-08T05:55:48;-7.151551667;112.66992;8.4;-1;511;157.7;-128;49;M;684409;9209162;P1
2023-09-08T05:55:58;-7.151915;112.6700667;8.4;-1;511;157.9;-128;49;M;684425;9209122;P1
2023-09-08T05:56:18;-7.15265;112.67036;8.3;-1;511;157.7;-128;49;M;684457;9209041;P1
2023-09-08T05:57:18;-7.154756667;112.6712267;8;-1;511;157.6;-128;49;M;684552;9208807;P1
2023-09-08T05:57:38;-7.155455;112.67152;8;-1;511;157.9;-128;49;M;684584;9208730;P1
2023-09-08T05:57:48;-7.155801667;112.6716667;8;-1;511;157.8;-128;49;M;684600;9208692;P1
2023-09-08T05:58:59;-7.15823;112.6726267;7.8;-1;511;158.5;-128;49;M;684705;9208423;P1
2023-09-08T06:02:08;-7.164465;112.6753333;7.6;-1;511;154.9;-128;49;M;685002;9207732;P1
2023-09-08T06:02:50;-7.165683333;112.6760267;7;-1;511;149.2;-128;49;M;685078;9207597;P1
2023-09-08T06:03:08;-7.166208333;112.6763333;6.7;-1;511;149.4;-128;49;M;685112;9207539;P1
2023-09-08T06:03:19;-7.166503333;112.6765067;6.6;-1;511;149.4;-128;49;M;685131;9207506;P1
2023-09-08T06:04:19;-7.167943333;112.6773733;5.3;-1;511;146.9;-128;49;M;685226;9207347;P1
2023-09-08T06:05:29;-7.169195;112.6782133;4.1;-1;511;146.4;-128;49;M;685318;9207208;P1
2023-09-08T06:06:09;-7.169805;112.6786267;3.7;-1;511;146.4;-128;49;M;685364;9207140;P1
2023-09-08T06:06:19;-7.169956667;112.6787333;3.5;-1;511;146.5;-128;49;M;685375;9207123;P1
2023-09-08T06:06:29;-7.170081667;112.6788133;3.5;-1;511;146.2;-128;49;M;685384;9207110;P1
2023-09-08T06:07:29;-7.170826667;112.67932;2.9;-1;511;145.8;-128;49;M;685440;9207027;P1
2023-09-08T06:08:39;-7.171561667;112.67984;2.5;-1;511;145.5;-128;49;M;685497;9206945;P1
2023-09-08T06:08:58;-7.171756667;112.6799733;2.7;-1;511;145.5;-128;49;M;685512;9206924;P1
2023-09-08T06:09:49;-7.172391667;112.6803467;3.5;-1;511;142.6;-128;49;M;685553;9206853;P1
2023-09-08T06:10:08;-7.172665;112.6805733;3.7;-1;511;141.1;-128;49;M;685577;9206823;P1
2023-09-08T06:10:39;-7.17304;112.6808933;3.4;-1;511;139.6;-128;49;M;685613;9206782;P1
2023-09-08T06:13:39;-7.174815;112.6822933;2;-1;511;147.6;-128;49;M;685767;9206585;P1
2023-09-08T06:13:58;-7.174955;112.6823867;1.9;-1;511;148;-128;49;M;685777;9206569;P1
2023-09-08T06:14:09;-7.175026667;112.68244;1.8;-1;511;149.7;-128;49;M;685783;9206561;P1
2023-09-08T06:14:58;-7.175383333;112.68264;1.6;-1;511;149.4;-128;49;M;685805;9206522;P1
2023-09-08T06:15:58;-7.175748333;112.6828267;1.3;-1;511;150.4;-128;49;M;685825;9206481;P1
2023-09-08T06:16:09;-7.175805;112.68288;1.3;-1;511;150;-128;49;M;685831;9206475;P1
2023-09-08T06:16:30;-7.175915;112.6829333;1.2;-1;511;150.1;-128;49;M;685837;9206463;P1
2023-09-08T06:16:39;-7.17597;112.68296;1.2;-1;511;151.2;-128;49;M;685840;9206457;P1
2023-09-08T06:16:58;-7.176066667;112.6830133;1.1;-1;511;150.2;-128;49;M;685846;9206446;P1
2023-09-08T06:17:19;-7.176165;112.68308;1.1;-1;511;149.3;-128;49;M;685853;9206435;P1
2023-09-08T06:17:30;-7.176206667;112.6831067;1;-1;511;149.5;-128;49;M;685856;9206430;P1
2023-09-08T06:17:58;-7.176318333;112.6831733;1;-1;511;144.2;-128;49;M;685863;9206418;P1
2023-09-08T06:18:19;-7.1764;112.68324;0.9;-1;511;141.1;-128;49;M;685870;9206409;P1
2023-09-08T06:18:30;-7.176436667;112.6832667;0.9;-1;511;139.6;-128;49;M;685873;9206405;P1
2023-09-08T06:18:39;-7.176473333;112.6833067;0.9;-1;511;139.3;-128;49;M;685878;9206401;P1
2023-09-08T06:18:48;-7.176503333;112.68332;0.8;-1;511;138.3;-128;49;M;685879;9206398;P1
2023-09-08T06:19:09;-7.176566667;112.6833867;0.8;-1;511;137.7;-128;49;M;685887;9206391;P1
2023-09-08T06:19:28;-7.176621667;112.68344;0.8;-1;511;136.1;-128;49;M;685892;9206384;P1
2023-09-08T06:19:48;-7.176673333;112.6834933;0.7;-1;511;132.7;-128;49;M;685898;9206379;P1
2023-09-08T06:20:09;-7.176721667;112.6835467;0.6;-1;511;131.7;-128;49;M;685904;9206373;P1
2023-09-08T06:20:19;-7.176741667;112.6835867;0.6;-1;511;130.3;-128;49;M;685909;9206371;P1
2023-09-08T06:20:28;-7.176758333;112.6836;0.6;-1;511;127.4;-128;49;M;685910;9206369;P1
2023-09-08T06:20:39;-7.176776667;112.6836267;0.6;-1;511;124.7;-128;49;M;685913;9206367;P1
2023-09-08T06:21:28;-7.176851667;112.68376;0.6;-1;511;114.3;-128;49;M;685928;9206359;P1
2023-09-08T06:21:40;-7.176865;112.6837733;0.5;-1;511;112.5;-128;49;M;685929;9206357;P1
2023-09-08T06:21:59;-7.17688;112.68384;0.6;-1;511;106.8;-128;49;M;685937;9206356;P1
2023-09-08T06:22:19;-7.17691;112.6838933;0.6;-1;511;102.8;-128;49;M;685942;9206352;P1
2023-09-08T06:22:28;-7.176916667;112.68392;0.6;-1;511;101.7;-128;49;M;685945;9206352;P1
2023-09-08T06:22:39;-7.17692;112.6839733;0.6;-1;511;100.7;-128;49;M;685951;9206351;P1
2023-09-08T06:22:48;-7.17692;112.6839867;0.6;-1;511;97.1;-128;49;M;685953;9206351;P1
2023-09-08T06:22:59;-7.176923333;112.6840133;0.6;-1;511;97.3;-128;49;M;685956;9206351;P1
2023-09-08T06:23:18;-7.176931667;112.6840667;0.6;-1;511;95.4;-128;49;M;685962;9206350;P1
2023-09-08T06:23:40;-7.17694;112.6841333;0.5;-1;511;101.8;-128;49;M;685969;9206349;P1
2023-09-08T06:23:59;-7.176946667;112.6841867;0.4;-1;511;110.4;-128;49;M;685975;9206348;P1
2023-09-08T06:24:19;-7.176966667;112.6842;0.4;-1;511;144;-128;49;M;685976;9206346;P1
2023-09-08T06:24:40;-7.177043333;112.6842133;1;-1;511;177.6;-128;49;M;685978;9206337;P1
2023-09-08T06:25:28;-7.177366667;112.6843333;2;-1;511;160.9;-128;49;M;685991;9206302;P1
2023-09-08T06:26:18;-7.177893333;112.6845067;2.7;-1;511;162.1;-128;49;M;686010;9206243;P1
2023-09-08T06:27:18;-7.178653333;112.6847733;2.6;-1;511;161.2;-128;49;M;686039;9206159;P1
2023-09-08T06:29:09;-7.179731667;112.685;1.5;-1;511;170.2;-128;49;M;686064;9206040;P1
2023-09-08T06:29:19;-7.17981;112.685;1.5;-1;511;170.8;-128;49;M;686063;9206031;P1
2023-09-08T06:30:08;-7.18013;112.6850667;1.3;-1;511;168.5;-128;49;M;686071;9205996;P1
2023-09-08T06:30:19;-7.180195;112.68508;1.3;-1;511;166.3;-128;49;M;686072;9205989;P1
2023-09-08T06:30:50;-7.180421667;112.68512;1.9;-1;511;164.3;-128;49;M;686076;9205963;P1
2023-09-08T06:31:19;-7.180715;112.6852267;2.3;-1;511;162.2;-128;49;M;686088;9205931;P1
2023-09-08T06:32:19;-7.181408333;112.6854667;2.8;-1;511;159.4;-128;49;M;686114;9205854;P1
2023-09-08T06:32:50;-7.18178;112.6856133;2.9;-1;511;158.4;-128;49;M;686130;9205813;P1
2023-09-08T06:33:08;-7.18202;112.6857067;3;-1;511;157.5;-128;49;M;686141;9205786;P1
2023-09-08T06:33:19;-7.182165;112.6857733;3;-1;511;156.4;-128;49;M;686148;9205770;P1
2023-09-08T06:33:30;-7.182298333;112.68584;3;-1;511;156.1;-128;49;M;686155;9205756;P1
2023-09-08T06:34:19;-7.182961667;112.6861467;3.1;-1;511;155.6;-128;49;M;686189;9205682;P1
2023-09-08T06:34:59;-7.183496667;112.68636;3.1;-1;511;155;-128;49;M;686212;9205623;P1
2023-09-08T06:35:19;-7.183728333;112.68648;2.6;-1;511;154.2;-128;49;M;686225;9205597;P1
2023-09-08T06:35:50;-7.184061667;112.68664;2.3;-1;511;156.2;-128;49;M;686243;9205560;P1
2023-09-08T06:35:59;-7.184165;112.6866933;2.2;-1;511;160.6;-128;49;M;686249;9205549;P1
2023-09-08T06:36:08;-7.18425;112.68672;2.1;-1;511;157.4;-128;49;M;686252;9205539;P1
2023-09-08T06:36:19;-7.184338333;112.6867733;2;-1;511;152.8;-128;49;M;686258;9205530;P1
2023-09-08T06:36:30;-7.184428333;112.6868133;1.9;-1;511;150.3;-128;49;M;686262;9205520;P1
2023-09-08T06:36:59;-7.18465;112.6869467;1.6;-1;511;153.5;-128;49;M;686277;9205495;P1
2023-09-08T06:37:08;-7.184705;112.6869867;1.5;-1;511;151.8;-128;49;M;686281;9205489;P1
2023-09-08T06:37:59;-7.185028333;112.6872133;1.9;-1;511;142.7;-128;49;M;686306;9205453;P1
2023-09-08T06:38:08;-7.185095;112.68724;2.2;-1;511;142.3;-128;49;M;686309;9205446;P1
2023-09-08T06:38:50;-7.185411667;112.6875067;2.1;-1;511;138.4;-128;49;M;686338;9205411;P1
2023-09-08T06:39:29;-7.185711667;112.68776;1.9;-1;511;141.7;-128;49;M;686366;9205377;P1
2023-09-08T06:39:39;-7.185773333;112.6878133;1.8;-1;511;142.4;-128;49;M;686372;9205371;P1
2023-09-08T06:40:19;-7.186036667;112.6880133;1.5;-1;511;148;-128;49;M;686394;9205341;P1
2023-09-08T06:40:29;-7.186103333;112.6880533;1.5;-1;511;148.7;-128;49;M;686398;9205334;P1
2023-09-08T06:40:49;-7.186221667;112.68812;1.3;-1;511;149.9;-128;49;M;686405;9205321;P1
2023-09-08T06:40:58;-7.186271667;112.68816;1.3;-1;511;149.8;-128;49;M;686410;9205315;P1
2023-09-08T06:41:19;-7.186381667;112.6882;1.2;-1;511;152.2;-128;49;M;686414;9205303;P1
2023-09-08T06:41:30;-7.186435;112.68824;1.1;-1;511;153.9;-128;49;M;686419;9205297;P1
2023-09-08T06:41:39;-7.186478333;112.6882533;1;-1;511;153.4;-128;49;M;686420;9205292;P1
2023-09-08T06:41:49;-7.186521667;112.68828;1;-1;511;151.9;-128;49;M;686423;9205288;P1
2023-09-08T06:41:58;-7.186558333;112.6883067;1;-1;511;152.8;-128;49;M;686426;9205283;P1
2023-09-08T06:42:09;-7.186608333;112.68832;1;-1;511;154;-128;49;M;686427;9205278;P1
2023-09-08T06:42:30;-7.1867;112.68836;0.9;-1;511;156.7;-128;49;M;686432;9205268;P1
2023-09-08T06:42:39;-7.186733333;112.6883867;0.9;-1;511;158.2;-128;49;M;686435;9205264;P1
2023-09-08T06:43:09;-7.18684;112.6884133;0.7;-1;511;158.7;-128;49;M;686438;9205252;P1
2023-09-08T06:43:58;-7.186966667;112.6884667;0.4;-1;511;167;-128;49;M;686443;9205238;P1
2023-09-08T06:44:09;-7.18698;112.6884667;0.3;-1;511;360;-128;49;M;686443;9205237;P1
2023-09-08T06:44:30;-7.18701;112.68848;0.2;-1;511;360;-128;49;M;686445;9205233;P1
2023-09-08T06:44:58;-7.187046667;112.6884933;0.2;-1;511;154.4;-128;49;M;686446;9205229;P2
2023-09-08T06:45:08;-7.187056667;112.6884933;0.2;-1;511;360;-128;49;M;686446;9205228;P1
2023-09-08T06:46:08;-7.187098333;112.6885467;0.1;-1;511;360;-128;49;M;686452;9205224;P2
2023-09-08T06:46:38;-7.187115;112.68856;0.1;-1;511;360;-128;49;M;686454;9205222;P2
2023-09-08T06:46:48;-7.187115;112.6885733;0.1;-1;511;360;-128;49;M;686455;9205222;P2
2023-09-08T06:46:58;-7.187116667;112.6885733;0.1;-1;511;360;-128;49;M;686455;9205222;P2
2023-09-08T06:47:29;-7.187125;112.6886133;0.1;-1;511;360;-128;49;M;686460;9205221;P2
2023-09-08T06:47:38;-7.187125;112.6886133;0;-1;511;360;-128;49;M;686460;9205221;P1
2023-09-08T06:48:29;-7.187123333;112.6886;0;-1;511;360;-128;49;M;686458;9205221;P1
2023-09-08T06:48:48;-7.187131667;112.6886;0;-1;511;360;-128;49;M;686458;9205220;P1
2023-09-08T06:48:59;-7.18713;112.6886;0;-1;511;360;-128;49;M;686458;9205220;P1
2023-09-08T06:49:09;-7.187133333;112.6886;0;-1;511;360;-128;49;M;686458;9205220;P1
2023-09-08T06:49:19;-7.187133333;112.6886;0;-1;511;360;-128;49;M;686458;9205220;P1
2023-09-08T06:49:29;-7.187138333;112.6886;0;-1;511;360;-128;49;M;686458;9205219;P1
2023-09-08T06:49:38;-7.187138333;112.6886;0;-1;511;360;-128;49;M;686458;9205219;P1
2023-09-08T06:49:48;-7.187138333;112.6886;0.1;-1;511;360;-128;49;M;686458;9205219;P2
2023-09-08T06:49:59;-7.18714;112.6886;0.2;-1;511;360;-128;49;M;686458;9205219;P1
2023-09-08T06:51:09;-7.187185;112.6885467;0;-1;511;360;-128;49;M;686452;9205214;P1
2023-09-08T06:51:29;-7.187195;112.6885467;0.1;-1;511;360;-128;49;M;686452;9205213;P2
2023-09-08T06:51:59;-7.187208333;112.6885467;0;-1;511;360;-128;49;M;686452;9205212;P1
2023-09-08T06:54:28;-7.18723;112.68856;0;-1;511;360;-128;49;M;686454;9205209;P1
2023-09-08T06:54:38;-7.187228333;112.68856;0;-1;511;360;-128;49;M;686454;9205209;P1
2023-09-08T06:54:49;-7.187223333;112.6885733;0;-1;511;360;-128;49;M;686455;9205210;P1
2023-09-08T06:54:58;-7.187218333;112.6885733;0;-1;511;360;-128;49;M;686455;9205210;P1
2023-09-08T06:55:09;-7.187215;112.6885733;0;-1;511;360;-128;49;M;686455;9205211;P1
2023-09-08T06:55:38;-7.187215;112.68856;0;-1;511;360;-128;49;M;686454;9205211;P1
2023-09-08T06:58:39;-7.187203333;112.68856;0;-1;511;360;-128;49;M;686454;9205212;P1
2023-09-08T07:01:39;-7.187195;112.68856;0;-1;511;360;-128;49;M;686454;9205213;P1
2023-09-08T07:04:45;-7.187205;112.6885733;0;-1;511;360;-128;49;M;686455;9205212;P1
2023-09-08T07:13:44;-7.187213333;112.6885467;0;-1;511;360;-128;49;M;686452;9205211;P1
2023-09-08T07:25:46;-7.187206667;112.68856;0;-1;511;360;-128;49;M;686454;9205212;P1
2023-09-08T07:28:45;-7.187205;112.6885467;0;-1;511;360;-128;49;M;686452;9205212;P1
2023-09-08T07:40:46;-7.187205;112.6885467;0;-1;511;360;-128;49;M;686452;9205212;P1
2023-09-08T07:46:44;-7.187211667;112.68856;0;-1;511;360;-128;49;M;686454;9205211;P1
2023-09-08T07:49:44;-7.18721;112.68856;0;-1;511;360;-128;49;M;686454;9205211;P1
2023-09-08T07:55:47;-7.187218333;112.6885467;0;-1;511;360;-128;49;M;686452;9205210;P1
2023-09-08T08:13:46;-7.187226667;112.68856;0;-1;511;360;-128;49;M;686454;9205209;P1
2023-09-08T08:25:44;-7.18721;112.6885467;0;-1;511;360;-128;49;M;686452;9205211;P1
2023-09-08T08:40:44;-7.187223333;112.68856;0;-1;511;360;-128;49;M;686454;9205210;P1
2023-09-08T08:58:44;-7.187221667;112.68856;0;-1;511;360;-128;49;M;686454;9205210;P1
2023-09-08T09:19:47;-7.187223333;112.68856;0;-1;511;360;-128;49;M;686454;9205210;P1
2023-09-08T09:34:45;-7.187218333;112.68856;0;-1;511;360;-128;49;M;686454;9205210;P1
2023-09-08T09:37:47;-7.18721;112.68856;0;-1;511;360;-128;49;M;686454;9205211;P1
2023-09-08T09:43:45;-7.18723;112.6885733;0;-1;511;360;-128;49;M;686455;9205209;P1
2023-09-08T09:58:44;-7.187226667;112.68856;0;-1;511;360;-128;49;M;686454;9205209;P1
2023-09-08T10:04:45;-7.187201667;112.6886;0;-1;511;360;-128;49;M;686458;9205212;P1
2023-09-08T10:10:46;-7.187225;112.6885733;0;-1;511;360;-128;49;M;686455;9205210;P1
2023-09-08T10:16:45;-7.18723;112.6885733;0;-1;511;360;-128;49;M;686455;9205209;P1
2023-09-08T10:22:44;-7.187266667;112.6886133;0;-1;511;360;-128;49;M;686460;9205205;P1
2023-09-08T10:28:45;-7.18724;112.68856;0;-1;511;360;-128;49;M;686454;9205208;P1
2023-09-08T10:40:46;-7.187226667;112.6885733;0;-1;511;360;-128;49;M;686455;9205209;P1
2023-09-08T10:46:43;-7.187246667;112.6886;0;-1;511;360;-128;49;M;686458;9205207;P1
2023-09-08T10:52:46;-7.187253333;112.68856;0;-1;511;360;-128;49;M;686454;9205207;P1
2023-09-08T10:58:43;-7.18723;112.68856;0;-1;511;360;-128;49;M;686454;9205209;P1
2023-09-08T11:04:47;-7.187245;112.68856;0;-1;511;360;-128;49;M;686454;9205207;P1
2023-09-08T11:10:45;-7.187236667;112.6885733;0;-1;511;360;-128;49;M;686455;9205208;P1
2023-09-08T11:16:47;-7.187226667;112.68856;0;-1;511;360;-128;49;M;686454;9205209;P1
2023-09-08T11:22:44;-7.18725;112.6885733;0;-1;511;360;-128;49;M;686455;9205207;P1
2023-09-08T11:34:45;-7.187226667;112.68856;0;-1;511;360;-128;49;M;686454;9205209;P1
2023-09-08T11:46:46;-7.18721;112.6885467;0;-1;511;360;-128;49;M;686452;9205211;P1
2023-09-08T11:52:45;-7.187221667;112.68856;0;-1;511;360;-128;49;M;686454;9205210;P1
2023-09-08T11:55:43;-7.187231667;112.68856;0;-1;511;360;-128;49;M;686454;9205209;P1
2023-09-08T11:58:47;-7.187223333;112.6885733;0;-1;511;360;-128;49;M;686455;9205210;P1
2023-09-08T12:01:46;-7.187228333;112.6886;0;-1;511;360;-128;49;M;686458;9205209;P1
2023-09-08T12:04:44;-7.187221667;112.68856;0;-1;511;360;-128;49;M;686454;9205210;P1
2023-09-08T12:19:45;-7.187203333;112.68856;0;-1;511;360;-128;49;M;686454;9205212;P1
2023-09-08T12:25:44;-7.18722;112.6885733;0;-1;511;360;-128;49;M;686455;9205210;P1
2023-09-08T12:37:45;-7.187218333;112.6885733;0;-1;511;360;-128;49;M;686455;9205210;P1
2023-09-08T12:52:44;-7.187218333;112.6885733;0;-1;511;360;-128;49;M;686455;9205210;P1
2023-09-08T12:58:47;-7.18721;112.6886;0;-1;511;360;-128;49;M;686458;9205211;P1
2023-09-08T13:10:46;-7.187208333;112.6885733;0;-1;511;360;-128;49;M;686455;9205211;P1
2023-09-08T13:37:44;-7.187213333;112.6885733;0;-1;511;360;-128;49;M;686455;9205211;P1
2023-09-08T13:55:43;-7.187223333;112.6885733;0;-1;511;360;-128;49;M;686455;9205210;P1
2023-09-08T14:04:44;-7.187213333;112.6885733;0;-1;511;360;-128;49;M;686455;9205211;P1
2023-09-08T14:13:46;-7.187226667;112.6886;0;-1;511;360;-128;49;M;686458;9205209;P1
2023-09-08T14:46:43;-7.187211667;112.6886133;0;-1;511;360;-128;49;M;686460;9205211;P1
2023-09-08T14:49:45;-7.187218333;112.6886133;0;-1;511;360;-128;49;M;686460;9205210;P1
2023-09-08T15:01:47;-7.187195;112.6886133;0;-1;511;360;-128;49;M;686460;9205213;P1
2023-09-08T15:07:46;-7.187215;112.6886;0;-1;511;360;-128;49;M;686458;9205211;P1
2023-09-08T15:13:44;-7.187195;112.6886;0;-1;511;360;-128;49;M;686458;9205213;P1
2023-09-08T15:16:44;-7.187205;112.6886133;0;-1;511;360;-128;49;M;686460;9205212;P1
2023-09-08T15:22:47;-7.187201667;112.6886;0;-1;511;360;-128;49;M;686458;9205212;P1
2023-09-08T15:31:45;-7.187208333;112.6886133;0;-1;511;360;-128;49;M;686460;9205211;P1
2023-09-08T15:34:47;-7.187185;112.6886;0;-1;511;360;-128;49;M;686458;9205214;P1
2023-09-08T15:46:44;-7.187205;112.6886;0;-1;511;360;-128;49;M;686458;9205212;P1
2023-09-08T15:49:47;-7.187205;112.6885733;0;-1;511;360;-128;49;M;686455;9205212;P1
2023-09-08T15:52:46;-7.187211667;112.6886;0;-1;511;360;-128;49;M;686458;9205211;P1
2023-09-08T15:55:44;-7.187203333;112.6886133;0;-1;511;360;-128;49;M;686460;9205212;P1
2023-09-08T15:58:45;-7.187201667;112.6886;0;-1;511;360;-128;49;M;686458;9205212;P1
2023-09-08T16:04:45;-7.187218333;112.6886133;0;-1;511;360;-128;49;M;686460;9205210;P1
2023-09-08T16:07:46;-7.187218333;112.6886;0;-1;511;360;-128;49;M;686458;9205210;P1
2023-09-08T16:16:45;-7.187198333;112.6886;0;-1;511;360;-128;49;M;686458;9205213;P1
2023-09-08T16:19:43;-7.187211667;112.6886;0;-1;511;360;-128;49;M;686458;9205211;P1
2023-09-08T16:22:44;-7.187211667;112.6886;0;-1;511;360;-128;49;M;686458;9205211;P1
2023-09-08T16:46:46;-7.187198333;112.68856;0;-1;511;360;-128;49;M;686454;9205213;P1
2023-09-08T16:49:46;-7.187211667;112.68856;0;-1;511;360;-128;49;M;686454;9205211;P1
2023-09-08T18:16:47;-7.187156667;112.6886133;0;-1;511;360;-128;49;M;686460;9205217;P1
2023-09-08T19:01:47;-7.187165;112.6886;0;-1;511;360;-128;49;M;686458;9205216;P1
2023-09-08T19:10:44;-7.187148333;112.6885733;0;-1;511;360;-128;49;M;686455;9205218;P1
2023-09-08T19:16:47;-7.187165;112.6886;0;-1;511;360;-128;49;M;686458;9205216;P1
2023-09-08T19:22:45;-7.187135;112.6886;0;-1;511;360;-128;49;M;686458;9205220;P1
2023-09-08T19:28:47;-7.187138333;112.6885733;0.2;-1;511;360;-128;49;M;686455;9205219;P1
2023-09-08T20:10:43;-7.187156667;112.6885733;0;-1;511;360;-128;49;M;686455;9205217;P1
2023-09-08T20:16:44;-7.187171667;112.6886;0;-1;511;360;-128;49;M;686458;9205216;P1
2023-09-08T20:28:46;-7.187123333;112.68856;0;-1;511;360;-128;49;M;686454;9205221;P1
2023-09-08T22:04:45;-7.187193333;112.6886;0;-1;511;360;-128;49;M;686458;9205213;P1
2023-09-08T22:52:46;-7.187195;112.6885467;0;-1;511;360;-128;49;M;686452;9205213;P1
2023-09-08T23:16:43;-7.187181667;112.6885467;0;-1;511;360;-128;49;M;686452;9205214;P1
2023-09-08T23:40:45;-7.187195;112.6885733;0;-1;511;360;-128;49;M;686455;9205213;P1
2023-09-09T00:34:47;-7.187211667;112.6885733;0;-1;511;360;-128;49;M;686455;9205211;P1
2023-09-09T00:37:44;-7.187228333;112.6886;0;-1;511;360;-128;49;M;686458;9205209;P1
2023-09-09T00:49:44;-7.187203333;112.6885733;0;-1;511;360;-128;49;M;686455;9205212;P1
2023-09-09T00:52:46;-7.187213333;112.6885733;0;-1;511;360;-128;49;M;686455;9205211;P1
2023-09-09T00:55:47;-7.187215;112.68856;0;-1;511;360;-128;49;M;686454;9205211;P1
2023-09-09T00:58:44;-7.187213333;112.68856;0;-1;511;360;-128;49;M;686454;9205211;P1
2023-09-09T01:04:47;-7.187218333;112.68856;0;-1;511;360;-128;49;M;686454;9205210;P1
2023-09-09T03:07:44;-7.187203333;112.68856;0;-1;511;360;-128;49;M;686454;9205212;P1
2023-09-09T03:10:44;-7.187218333;112.68856;0;-1;511;360;-128;49;M;686454;9205210;P1
2023-09-09T03:58:45;-7.187206667;112.6885467;0;-1;511;360;-128;49;M;686452;9205212;P1
2023-09-09T04:10:45;-7.187213333;112.6885733;0;-1;511;360;-128;49;M;686455;9205211;P1
2023-09-09T04:16:44;-7.187205;112.68856;0;-1;511;360;-128;49;M;686454;9205212;P1
2023-09-09T04:40:44;-7.187211667;112.68856;0;-1;511;360;-128;49;M;686454;9205211;P1
2023-09-09T04:46:46;-7.187198333;112.6885467;0;-1;511;360;-128;49;M;686452;9205213;P1
2023-09-09T04:52:44;-7.187193333;112.68856;0;-1;511;360;-128;49;M;686454;9205213;P1
2023-09-09T04:58:44;-7.187203333;112.68856;0;-1;511;360;-128;49;M;686454;9205212;P1
2023-09-09T05:04:46;-7.18718;112.68856;0;-1;511;360;-128;49;M;686454;9205215;P1
2023-09-09T05:07:45;-7.187195;112.6885467;0;-1;511;360;-128;49;M;686452;9205213;P1
2023-09-09T05:16:45;-7.187203333;112.68856;0;-1;511;360;-128;49;M;686454;9205212;P1
2023-09-09T05:22:44;-7.1872;112.68856;0;-1;511;360;-128;49;M;686454;9205212;P1
2023-09-09T06:13:46;-7.187183333;112.68856;0;-1;511;360;-128;49;M;686454;9205214;P1
2023-09-09T06:18:30;-7.187211667;112.6885467;0;-1;511;360;-128;49;M;686452;9205211;P1
2023-09-09T06:18:49;-7.18721;112.6885467;0;-1;511;360;-128;49;M;686452;9205211;P1
2023-09-09T06:22:01;-7.187213333;112.6885467;0;-1;511;360;-128;49;M;686452;9205211;P1
2023-09-09T06:23:01;-7.187213333;112.6885467;0;-1;511;360;-128;49;M;686452;9205211;P1
2023-09-09T06:25:50;-7.187205;112.68856;0;-1;511;360;-128;49;M;686454;9205212;P1
2023-09-09T06:26:50;-7.187193333;112.6885733;0;-1;511;360;-128;49;M;686455;9205213;P1
2023-09-09T06:27:40;-7.187193333;112.68856;0;-1;511;360;-128;49;M;686454;9205213;P1
2023-09-09T06:27:50;-7.187188333;112.68856;0;-1;511;360;-128;49;M;686454;9205214;P1
2023-09-09T06:28:51;-7.187203333;112.68856;0;-1;511;360;-128;49;M;686454;9205212;P1
2023-09-09T06:33:11;-7.187205;112.68856;0;-1;511;360;-128;49;M;686454;9205212;P1
2023-09-09T06:33:51;-7.187221667;112.68856;0;-1;511;360;-128;49;M;686454;9205210;P1
2023-09-09T06:36:11;-7.1872;112.6885467;0;-1;511;360;-128;49;M;686452;9205212;P1
2023-09-09T06:36:49;-7.187195;112.6885333;0;-1;511;360;-128;49;M;686451;9205213;P1
2023-09-09T06:37:31;-7.1872;112.68856;0;-1;511;360;-128;49;M;686454;9205212;P1
2023-09-09T06:37:40;-7.187206667;112.68856;0;-1;511;360;-128;49;M;686454;9205212;P1
2023-09-09T06:41:10;-7.187213333;112.68856;0;-1;511;360;-128;49;M;686454;9205211;P1
2023-09-09T06:41:41;-7.187221667;112.68856;0;-1;511;360;-128;49;M;686454;9205210;P1
2023-09-09T06:43:41;-7.187208333;112.6885467;0;-1;511;360;-128;49;M;686452;9205212;P1
2023-09-09T06:44:30;-7.187205;112.6885467;0;-1;511;360;-128;49;M;686452;9205212;P1
2023-09-09T06:46:41;-7.187195;112.68856;0;-1;511;360;-128;49;M;686454;9205213;P1
2023-09-09T06:46:49;-7.187203333;112.68856;0;-1;511;360;-128;49;M;686454;9205212;P1
2023-09-09T06:47:09;-7.18721;112.68856;0;-1;511;360;-128;49;M;686454;9205211;P1
2023-09-09T06:47:20;-7.18721;112.68856;0;-1;511;360;-128;49;M;686454;9205211;P1
2023-09-09T06:47:41;-7.187203333;112.68856;0;-1;511;360;-128;49;M;686454;9205212;P1
2023-09-09T06:48:09;-7.187211667;112.68856;0;-1;511;360;-128;49;M;686454;9205211;P1
2023-09-09T06:49:00;-7.18722;112.68856;0;-1;511;360;-128;49;M;686454;9205210;P1
2023-09-09T06:49:20;-7.187215;112.68856;0;-1;511;360;-128;49;M;686454;9205211;P1
2023-09-09T06:50:00;-7.187225;112.68856;0;-1;511;360;-128;49;M;686454;9205210;P1
2023-09-09T06:50:39;-7.187216667;112.68856;0;-1;511;360;-128;49;M;686454;9205211;P1
2023-09-09T06:51:20;-7.187211667;112.68856;0;-1;511;360;-128;49;M;686454;9205211;P1
2023-09-09T06:52:51;-7.187205;112.68856;0;-1;511;360;-128;49;M;686454;9205212;P1
2023-09-09T06:53:21;-7.187211667;112.68856;0;-1;511;360;-128;49;M;686454;9205211;P1
2023-09-09T06:54:00;-7.187208333;112.6885467;0;-1;511;360;-128;49;M;686452;9205212;P1
2023-09-09T06:54:40;-7.18721;112.6885467;0;-1;511;360;-128;49;M;686452;9205211;P1
2023-09-09T06:55:50;-7.187203333;112.6885333;0;-1;511;360;-128;49;M;686451;9205212;P1
2023-09-09T06:56:00;-7.187205;112.6885467;0;-1;511;360;-128;49;M;686452;9205212;P1
2023-09-09T06:56:40;-7.1872;112.6885467;0;-1;511;360;-128;49;M;686452;9205212;P1
2023-09-09T07:00:40;-7.187225;112.6885467;0;-1;511;360;-128;49;M;686452;9205210;P1
2023-09-09T07:01:20;-7.187226667;112.6885467;0;-1;511;360;-128;49;M;686452;9205209;P1
2023-09-09T07:03:21;-7.187226667;112.6885467;0;-1;511;360;-128;49;M;686452;9205209;P1
2023-09-09T07:03:40;-7.187223333;112.6885467;0;-1;511;360;-128;49;M;686452;9205210;P1
2023-09-09T07:05:51;-7.187231667;112.6885733;0;-1;511;360;-128;49;M;686455;9205209;P1
2023-09-09T07:06:51;-7.18722;112.6885467;0;-1;511;360;-128;49;M;686452;9205210;P1
2023-09-09T07:07:51;-7.187216667;112.68856;0;-1;511;360;-128;49;M;686454;9205211;P1
2023-09-09T07:08:51;-7.187218333;112.68856;0;-1;511;360;-128;49;M;686454;9205210;P1
2023-09-09T07:09:00;-7.187213333;112.6885467;0;-1;511;360;-128;49;M;686452;9205211;P1
2023-09-09T07:09:51;-7.187213333;112.6885467;0;-1;511;360;-128;49;M;686452;9205211;P1
2023-09-09T07:10:40;-7.187211667;112.6885467;0;-1;511;360;-128;49;M;686452;9205211;P1
2023-09-09T07:11:19;-7.187216667;112.6885467;0;-1;511;360;-128;49;M;686452;9205211;P1
2023-09-09T07:11:29;-7.187218333;112.6885467;0;-1;511;360;-128;49;M;686452;9205210;P1
2023-09-09T07:12:10;-7.187218333;112.6885467;0;-1;511;360;-128;49;M;686452;9205210;P1
2023-09-09T07:12:49;-7.187218333;112.6885467;0;-1;511;360;-128;49;M;686452;9205210;P1
2023-09-09T07:13:10;-7.187218333;112.6885467;0;-1;511;360;-128;49;M;686452;9205210;P1
2023-09-09T07:13:29;-7.187216667;112.6885467;0.1;-1;511;360;-128;49;M;686452;9205211;P2
2023-09-09T07:13:49;-7.187213333;112.68856;0.2;-1;511;360;-128;49;M;686454;9205211;P1
2023-09-09T07:14:10;-7.187211667;112.6886133;0.5;-1;511;91;-128;49;M;686460;9205211;P1
2023-09-09T07:14:29;-7.187211667;112.6886533;0.5;-1;511;101;-128;49;M;686464;9205211;P1
2023-09-09T07:14:41;-7.187221667;112.6886933;0.6;-1;511;107;-128;49;M;686468;9205210;P1
2023-09-09T07:15:01;-7.187246667;112.68876;0.7;-1;511;110.6;-128;49;M;686476;9205207;P1
2023-09-09T07:15:11;-7.187255;112.6887867;0.8;-1;511;106.7;-128;49;M;686479;9205206;P1
2023-09-09T07:16:01;-7.187255;112.6890533;1.3;-1;511;74.4;-128;49;M;686508;9205206;P3
2023-09-09T07:16:11;-7.187231667;112.68912;1.3;-1;511;63.2;-128;49;M;686516;9205209;P3
2023-09-09T07:16:41;-7.187085;112.68924;1.5;-1;511;24.6;-128;49;M;686529;9205225;P3
2023-09-09T07:17:20;-7.186765;112.6893067;1.8;-1;511;358.6;-128;49;M;686536;9205260;P3
2023-09-09T07:17:41;-7.186591667;112.68928;1.9;-1;511;340.7;-128;49;M;686533;9205279;P3
2023-09-09T07:18:11;-7.186323333;112.6891467;2.3;-1;511;331.8;-128;49;M;686519;9205309;P3
2023-09-09T07:19:11;-7.185643333;112.6888;3.1;-1;511;336.1;-128;49;M;686481;9205384;P3
2023-09-09T07:19:20;-7.185508333;112.6887333;3.2;-1;511;334.5;-128;49;M;686474;9205399;P3
2023-09-09T07:19:41;-7.185213333;112.6886267;3.5;-1;511;339.3;-128;49;M;686462;9205432;P3
2023-09-09T07:19:49;-7.185075;112.68856;3.7;-1;511;337.9;-128;49;M;686455;9205447;P3
2023-09-09T07:20:20;-7.184545;112.68832;4.2;-1;511;332.6;-128;49;M;686428;9205506;P3
2023-09-09T07:20:29;-7.184383333;112.6882133;4.4;-1;511;332.1;-128;49;M;686417;9205524;P3
2023-09-09T07:21:59;-7.182475;112.6872133;5.8;-1;511;332;-128;49;M;686307;9205736;P3
2023-09-09T07:22:09;-7.182235;112.68708;5.9;-1;511;332.5;-128;49;M;686292;9205762;P3
2023-09-09T07:23:09;-7.180668333;112.68628;6.6;-1;511;333.3;-128;49;M;686205;9205936;P3
2023-09-09T07:23:59;-7.17923;112.6855467;7.1;-1;511;332.6;-128;49;M;686124;9206095;P3
2023-09-09T07:24:51;-7.177671667;112.6847733;7.5;-1;511;332.6;-128;49;M;686039;9206268;P3
2023-09-09T07:25:59;-7.175431667;112.6836267;7.9;-1;511;329.7;-128;49;M;685914;9206516;P3
2023-09-09T07:26:29;-7.174486667;112.6830267;8.1;-1;511;325.3;-128;49;M;685848;9206621;P3
2023-09-09T07:27:51;-7.171945;112.6811867;8.5;-1;511;323;-128;49;M;685645;9206903;P3
2023-09-09T07:28:40;-7.170375;112.68;8.6;-1;511;323;-128;49;M;685515;9207077;P3
2023-09-09T07:30:59;-7.165678333;112.6766267;9;-1;511;325.9;-128;49;M;685144;9207597;P3
2023-09-09T07:31:10;-7.165296667;112.6763733;9;-1;511;326.2;-128;49;M;685116;9207640;P3
2023-09-09T07:32:50;-7.16178;112.674;9.1;-1;511;327.2;-128;49;M;684856;9208030;P3
2023-09-09T07:32:59;-7.16146;112.6738;9.1;-1;511;326.8;-128;49;M;684834;9208065;P3
2023-09-09T07:33:20;-7.160733333;112.6733467;9.1;-1;511;329.1;-128;49;M;684784;9208146;P3
2023-09-09T07:33:59;-7.159216667;112.67256;9.1;-1;511;333.9;-128;49;M;684698;9208314;P3
2023-09-09T07:34:30;-7.158018333;112.6719867;9.1;-1;511;333.6;-128;49;M;684635;9208446;P3
2023-09-09T07:35:19;-7.156143333;112.6710533;9.2;-1;511;333.6;-128;49;M;684533;9208654;P3
2023-09-09T07:36:10;-7.154163333;112.6700933;9.2;-1;511;335.7;-128;49;M;684427;9208874;P3
2023-09-09T07:36:19;-7.153805;112.66992;9.2;-1;511;337.6;-128;49;M;684408;9208913;P3
2023-09-09T07:38:41;-7.148146667;112.6677067;9.2;-1;511;339.1;-128;49;M;684166;9209540;P3
2023-09-09T07:39:19;-7.146575;112.6671067;9.2;-1;511;338.5;-128;49;M;684100;9209714;P3
2023-09-09T07:39:30;-7.146128333;112.6669333;9.2;-1;511;339.1;-128;49;M;684081;9209763;P3
2023-09-09T07:39:41;-7.145725;112.6667867;9.2;-1;511;339.4;-128;49;M;684065;9209808;P3
2023-09-09T07:39:50;-7.145361667;112.66664;9.2;-1;511;338.9;-128;49;M;684049;9209848;P3
2023-09-09T07:40:30;-7.143713333;112.6659867;9.1;-1;511;337.1;-128;49;M;683978;9210031;P3
2023-09-09T07:42:09;-7.139685;112.66468;9.1;-1;511;343.7;-128;49;M;683835;9210477;P3
2023-09-09T07:42:50;-7.138005;112.6642133;9.1;-1;511;344.6;-128;49;M;683784;9210663;P3
2023-09-09T07:42:59;-7.137635;112.66412;9.1;-1;511;343.9;-128;49;M;683774;9210704;P3
2023-09-09T07:43:09;-7.137223333;112.664;9.1;-1;511;344.1;-128;49;M;683761;9210749;P3
2023-09-09T07:45:10;-7.13242;112.66228;9;-1;511;335.5;-128;49;M;683573;9211281;P3
2023-09-09T07:45:30;-7.131681667;112.6619867;8.9;-1;511;340;-128;49;M;683541;9211363;P3
2023-09-09T07:46:10;-7.13004;112.6615867;8.8;-1;511;352;-128;49;M;683497;9211545;P3
2023-09-09T07:46:30;-7.129263333;112.6614933;8.9;-1;511;352.8;-128;49;M;683487;9211631;P3
2023-09-09T07:46:40;-7.128855;112.66144;8.9;-1;511;353.5;-128;49;M;683482;9211676;P3
2023-09-09T07:46:50;-7.1284;112.6614;8.9;-1;511;353.3;-128;49;M;683477;9211726;P3
2023-09-09T07:48:00;-7.12553;112.66104;8.9;-1;511;352.7;-128;49;M;683439;9212044;P3
2023-09-09T07:48:30;-7.124338333;112.6608933;8.8;-1;511;353.2;-128;49;M;683423;9212176;P3
2023-09-09T07:48:40;-7.123926667;112.66084;8.9;-1;511;353.7;-128;49;M;683417;9212221;P3
2023-09-09T07:48:50;-7.123471667;112.6608;8.9;-1;511;352.9;-128;49;M;683413;9212272;P3
2023-09-09T07:50:10;-7.120111667;112.66044;9.1;-1;511;354.3;-128;49;M;683375;9212643;P3
2023-09-09T07:50:20;-7.119691667;112.6603867;9.1;-1;511;352.5;-128;49;M;683369;9212690;P3
2023-09-09T07:53:10;-7.112533333;112.6595867;9.1;-1;511;354.7;-128;49;M;683283;9213482;P3
2023-09-09T07:55:10;-7.107446667;112.6590133;9.1;-1;511;353.3;-128;49;M;683222;9214044;P3
2023-09-09T07:55:20;-7.107066667;112.6589867;9.1;-1;511;353.1;-128;49;M;683219;9214087;P3
2023-09-09T07:58:50;-7.09809;112.6580533;9.1;-1;511;355.4;-128;49;M;683120;9215080;P3
2023-09-09T08:02:41;-7.088265;112.6578;9.2;-1;511;358.9;-128;49;M;683096;9216166;P3
2023-09-09T08:03:00;-7.087406667;112.6578;9.2;-1;511;0.2;-128;49;M;683096;9216261;P3
2023-09-09T08:05:40;-7.080558333;112.6584933;9.2;-1;511;7.5;-128;49;M;683175;9217018;P3
2023-09-09T08:06:50;-7.077576667;112.6588933;9.2;-1;511;7.8;-128;49;M;683221;9217348;P3
2023-09-09T08:07:00;-7.077146667;112.6589333;9.2;-1;511;6.5;-128;49;M;683225;9217395;P3
2023-09-09T08:07:10;-7.076716667;112.659;9.2;-1;511;7.7;-128;49;M;683233;9217443;P3
2023-09-09T08:07:39;-7.075481667;112.65916;9.2;-1;511;7.3;-128;49;M;683251;9217579;P3
2023-09-09T08:08:00;-7.074586667;112.65928;9.2;-1;511;7;-128;49;M;683264;9217678;P3
2023-09-09T08:09:39;-7.070351667;112.6597467;9.2;-1;511;7.8;-128;49;M;683318;9218147;P3
2023-09-09T08:12:00;-7.064323333;112.6606533;9.2;-1;511;7.8;-128;49;M;683420;9218813;P3
2023-09-09T08:12:30;-7.063041667;112.6608267;9.3;-1;511;8.1;-128;49;M;683440;9218955;P3
2023-09-09T08:23:20;-7.035673333;112.6682667;9.4;-1;511;26.4;-128;49;M;684273;9221978;P3
2023-09-09T08:27:40;-7.025313333;112.67328;9.4;-1;511;26.1;-128;49;M;684831;9223122;P3
2023-09-09T08:35:31;-7.006958333;112.6824133;9.3;-1;511;30.8;-128;49;M;685847;9225148;P3
2023-09-09T08:35:40;-7.006588333;112.68264;9.2;-1;511;29.9;-128;49;M;685872;9225189;P3
2023-09-09T08:36:20;-7.005131667;112.6835467;9.2;-1;511;34.9;-128;49;M;685973;9225350;P3
2023-09-09T08:36:31;-7.004781667;112.6838133;9.2;-1;511;35.3;-128;49;M;686003;9225389;P3
2023-09-09T08:43:40;-6.989695;112.69436;9.2;-1;511;38;-128;49;M;687174;9227053;P3
2023-09-09T08:44:21;-6.988295;112.6954267;9.2;-1;511;37.4;-128;49;M;687292;9227207;P3
2023-09-09T08:45:21;-6.986241667;112.6969733;9.2;-1;511;35.7;-128;49;M;687464;9227434;P3
2023-09-09T08:45:59;-6.98492;112.6979467;9.2;-1;511;36.7;-128;49;M;687572;9227580;P3
2023-09-09T08:53:09;-6.968883333;112.70772;8.9;-1;511;25.6;-128;49;M;688659;9229349;P3
2023-09-09T08:53:20;-6.968473333;112.7079067;8.9;-1;511;26.5;-128;49;M;688679;9229395;P3
2023-09-09T08:54:09;-6.966656667;112.7088267;8.8;-1;511;25.7;-128;49;M;688782;9229595;P3
2023-09-09T08:54:30;-6.965918333;112.7091867;8.7;-1;511;25.6;-128;49;M;688822;9229677;P3
2023-09-09T08:54:49;-6.965183333;112.7095467;8.7;-1;511;26.6;-128;49;M;688862;9229758;P3
2023-09-09T08:56:00;-6.962553333;112.7106;8.6;-1;511;20.4;-128;49;M;688979;9230048;P3
2023-09-09T08:56:19;-6.961793333;112.71088;8.6;-1;511;18.4;-128;49;M;689011;9230132;P3
2023-09-09T08:57:00;-6.960258333;112.71136;8.6;-1;511;16.5;-128;49;M;689064;9230302;P3
2023-09-09T08:57:11;-6.959831667;112.7114933;8.7;-1;511;17.8;-128;49;M;689079;9230349;P3
2023-09-09T09:08:00;-6.93391;112.7198;9.3;-1;511;19.4;-128;49;M;690008;9233212;P3
2023-09-09T09:09:50;-6.929368333;112.7213867;9.3;-1;511;18.2;-128;49;M;690185;9233714;P3
